draw,rc,term,estimate,raw_gap,N
1,0,edu,-.0185296909452623,-.1193973925464801,14441
1,0,plants,-.0279561458450316,-.1193973925464801,14441
1,0,age,-.0021911222412035,-.1193973925464801,14441
1,0,gender,.0009129581331051,-.1193973925464801,14441
1,0,marriage,.000353518290827,-.1193973925464801,14441
1,0,ln_income,-.0002145108303637,-.1193973925464801,14441
1,0,health,-.0006849302435012,-.1193973925464801,14441
1,0,sportsArea,.0060828533790602,-.1193973925464801,14441
1,0,year14,-.0109392632797108,-.1193973925464801,14441
1,0,rice10,-.0477901922869942,-.1193973925464801,14441
1,0,ln_gdp_hist,-.007350896176785,-.1193973925464801,14441
1,0,urban2000_10,.0012311426133728,-.1193973925464801,14441
1,0,diff,-.1193973925464801,-.1193973925464801,14441
1,0,expl,-.1071479603198193,-.1193973925464801,14441
1,0,pr_0,.1261946902654867,-.1193973925464801,14441
1,0,pr_1,.2455920828119668,-.1193973925464801,14441
2,0,edu,-.011829850804043,-.0969579930056685,8595
2,0,plants,-.0050095483382742,-.0969579930056685,8595
2,0,age,.0018941437518304,-.0969579930056685,8595
2,0,gender,.001198840988644,-.0969579930056685,8595
2,0,marriage,.0024547441163121,-.0969579930056685,8595
2,0,ln_income,-.0003903369748637,-.0969579930056685,8595
2,0,health,-.0028512357699308,-.0969579930056685,8595
2,0,sportsArea,.001377714675619,-.0969579930056685,8595
2,0,year14,-.0146853185494092,-.0969579930056685,8595
2,0,rice10,-.0475330357000671,-.0969579930056685,8595
2,0,ln_gdp_hist,-.0173403533481604,-.0969579930056685,8595
2,0,urban2000_10,-.0020335306441593,-.0969579930056685,8595
2,0,diff,-.0969579930056685,-.0969579930056685,8595
2,0,expl,-.0947601120857105,-.0969579930056685,8595
2,0,pr_0,.1344986647244477,-.0969579930056685,8595
2,0,pr_1,.2314566577301162,-.0969579930056685,8595
3,0,edu,-.0048666010318632,-.0560241258110344,26656
3,0,plants,-.0083971973625677,-.0560241258110344,26656
3,0,age,.0005629869725322,-.0560241258110344,26656
3,0,gender,.0000384048788194,-.0560241258110344,26656
3,0,marriage,-.001681648948589,-.0560241258110344,26656
3,0,ln_income,.0003193240036441,-.0560241258110344,26656
3,0,health,-.0000373189507391,-.0560241258110344,26656
3,0,sportsArea,.0048826076352923,-.0560241258110344,26656
3,0,year14,-.0065767003839525,-.0560241258110344,26656
3,0,rice10,-.0526188811898274,-.0560241258110344,26656
3,0,ln_gdp_hist,.0316678861126576,-.0560241258110344,26656
3,0,urban2000_10,-.0190694349017855,-.0560241258110344,26656
3,0,diff,-.0560241258110344,-.0560241258110344,26656
3,0,expl,-.0557813789804902,-.0560241258110344,26656
3,0,pr_0,.1391268869849041,-.0560241258110344,26656
3,0,pr_1,.1951510127959385,-.0560241258110344,26656
4,0,edu,-.0128590073679583,-.0531191310085782,23815
4,0,plants,-.0439568443677445,-.0531191310085782,23815
4,0,age,.0011988856878543,-.0531191310085782,23815
4,0,gender,.0001782020885287,-.0531191310085782,23815
4,0,marriage,-.0009100906645546,-.0531191310085782,23815
4,0,ln_income,.0001931245161392,-.0531191310085782,23815
4,0,health,.0000372937666857,-.0531191310085782,23815
4,0,sportsArea,.0032077232228739,-.0531191310085782,23815
4,0,year14,-.0087190939040472,-.0531191310085782,23815
4,0,rice10,.0225960191008174,-.0531191310085782,23815
4,0,ln_gdp_hist,.0000926075222027,-.0531191310085782,23815
4,0,urban2000_10,-.0093198597244363,-.0531191310085782,23815
4,0,diff,-.0531191310085782,-.0531191310085782,23815
4,0,expl,-.0482213834436328,-.0531191310085782,23815
4,0,pr_0,.1363636363636364,-.0531191310085782,23815
4,0,pr_1,.1894827673722146,-.0531191310085782,23815
5,0,edu,-.0129880229205975,-.0630793217123804,9901
5,0,plants,-.0040836136247537,-.0630793217123804,9901
5,0,age,.0038471197964094,-.0630793217123804,9901
5,0,gender,.0008449374780073,-.0630793217123804,9901
5,0,marriage,.0030997664583594,-.0630793217123804,9901
5,0,ln_income,-.0000833819835916,-.0630793217123804,9901
5,0,health,-.0054282785691934,-.0630793217123804,9901
5,0,sportsArea,.0029002796238623,-.0630793217123804,9901
5,0,year14,-.007938061818906,-.0630793217123804,9901
5,0,rice10,-.0408780410600823,-.0630793217123804,9901
5,0,ln_gdp_hist,-.0022830827779244,-.0630793217123804,9901
5,0,urban2000_10,-.0007325822580454,-.0630793217123804,9901
5,0,diff,-.0630793217123804,-.0630793217123804,9901
5,0,expl,-.0638431888264875,-.0630793217123804,9901
5,0,pr_0,.1632900432900433,-.0630793217123804,9901
5,0,pr_1,.2263693650024237,-.0630793217123804,9901
6,0,edu,-.0069539517785214,-.0528833232286678,16417
6,0,plants,.0047533576463498,-.0528833232286678,16417
6,0,age,.0004547857384843,-.0528833232286678,16417
6,0,gender,.0001484938822555,-.0528833232286678,16417
6,0,marriage,-.0003919994487334,-.0528833232286678,16417
6,0,ln_income,.0002461721011746,-.0528833232286678,16417
6,0,health,-.000811365429131,-.0528833232286678,16417
6,0,sportsArea,.0051010022574973,-.0528833232286678,16417
6,0,year14,-.0048403688865307,-.0528833232286678,16417
6,0,rice10,-.0483160257078801,-.0528833232286678,16417
6,0,ln_gdp_hist,.0101180417083261,-.0528833232286678,16417
6,0,urban2000_10,-.0070403100842139,-.0528833232286678,16417
6,0,diff,-.0528833232286678,-.0528833232286678,16417
6,0,expl,-.0475360171499605,-.0528833232286678,16417
6,0,pr_0,.1535177865612648,-.0528833232286678,16417
6,0,pr_1,.2064011097899326,-.0528833232286678,16417
7,0,edu,-.0231575761765267,-.1123860917622918,11425
7,0,plants,-.028379530427961,-.1123860917622918,11425
7,0,age,.0017637617591051,-.1123860917622918,11425
7,0,gender,.000646705454305,-.1123860917622918,11425
7,0,marriage,.0002835068023593,-.1123860917622918,11425
7,0,ln_income,.0001271152468431,-.1123860917622918,11425
7,0,health,-.002221531312727,-.1123860917622918,11425
7,0,sportsArea,.0011596828861,-.1123860917622918,11425
7,0,year14,-.014771808619595,-.1123860917622918,11425
7,0,rice10,-.0318223972355353,-.1123860917622918,11425
7,0,ln_gdp_hist,-.0079359438958536,-.1123860917622918,11425
7,0,urban2000_10,.0001637129177101,-.1123860917622918,11425
7,0,diff,-.1123860917622918,-.1123860917622918,11425
7,0,expl,-.1041019971415298,-.1123860917622918,11425
7,0,pr_0,.1276509796000808,-.1123860917622918,11425
7,0,pr_1,.2400370713623726,-.1123860917622918,11425
8,0,edu,-.0032703563046815,-.0355358152992858,15508
8,0,plants,.0035630422055174,-.0355358152992858,15508
8,0,age,.0021917621315907,-.0355358152992858,15508
8,0,gender,.0002270902781034,-.0355358152992858,15508
8,0,marriage,.0009471064897911,-.0355358152992858,15508
8,0,ln_income,-.0000302521268454,-.0355358152992858,15508
8,0,health,-.0009833498357162,-.0355358152992858,15508
8,0,sportsArea,.0099148146809436,-.0355358152992858,15508
8,0,year14,-.0033731140452194,-.0355358152992858,15508
8,0,rice10,-.0670883269899282,-.0355358152992858,15508
8,0,ln_gdp_hist,.0940615716301709,-.0355358152992858,15508
8,0,urban2000_10,-.0724862740199662,-.0355358152992858,15508
8,0,diff,-.0355358152992858,-.0355358152992858,15508
8,0,expl,-.0364232929666594,-.0355358152992858,15508
8,0,pr_0,.1821518696948841,-.0355358152992858,15508
8,0,pr_1,.2176876849941699,-.0355358152992858,15508
9,0,edu,-.0071444850119934,-.0596878155851779,16010
9,0,plants,-.0356666007262769,-.0596878155851779,16010
9,0,age,-.0002874800544312,-.0596878155851779,16010
9,0,gender,.0000476960988703,-.0596878155851779,16010
9,0,marriage,-.0001598302969539,-.0596878155851779,16010
9,0,ln_income,.0000477381384799,-.0596878155851779,16010
9,0,health,-.0002165752063733,-.0596878155851779,16010
9,0,sportsArea,.0077578806379855,-.0596878155851779,16010
9,0,year14,-.0034544944318606,-.0596878155851779,16010
9,0,rice10,-.028790721295888,-.0596878155851779,16010
9,0,ln_gdp_hist,.0427071535780523,-.0596878155851779,16010
9,0,urban2000_10,-.0233767121187791,-.0596878155851779,16010
9,0,diff,-.0596878155851779,-.0596878155851779,16010
9,0,expl,-.0483506503875651,-.0596878155851779,16010
9,0,pr_0,.1554431727442108,-.0596878155851779,16010
9,0,pr_1,.2151309883293887,-.0596878155851779,16010
10,0,edu,-.009686001540338,-.0924422621367338,10772
10,0,plants,.0159871306106014,-.0924422621367338,10772
10,0,age,-.0000416798466561,-.0924422621367338,10772
10,0,gender,.0005643543017166,-.0924422621367338,10772
10,0,marriage,-.0002712686407386,-.0924422621367338,10772
10,0,ln_income,.0001765510064223,-.0924422621367338,10772
10,0,health,-.0002922311532522,-.0924422621367338,10772
10,0,sportsArea,.0043865629791542,-.0924422621367338,10772
10,0,year14,-.0122484979312906,-.0924422621367338,10772
10,0,rice10,-.1057866263269372,-.0924422621367338,10772
10,0,ln_gdp_hist,.0293081302324931,-.0924422621367338,10772
10,0,urban2000_10,-.0189415084672101,-.0924422621367338,10772
10,0,diff,-.0924422621367338,-.0924422621367338,10772
10,0,expl,-.0968201982113956,-.0924422621367338,10772
10,0,pr_0,.1581387646961417,-.0924422621367338,10772
10,0,pr_1,.2505810268328755,-.0924422621367338,10772
11,0,edu,-.0070412909968422,-.0439804884781683,11198
11,0,plants,-.0015799897133231,-.0439804884781683,11198
11,0,age,.005180053531769,-.0439804884781683,11198
11,0,gender,.0010253650448349,-.0439804884781683,11198
11,0,marriage,.002603271662739,-.0439804884781683,11198
11,0,ln_income,-.0000131548585184,-.0439804884781683,11198
11,0,health,-.0040812541888277,-.0439804884781683,11198
11,0,sportsArea,.0036989276652614,-.0439804884781683,11198
11,0,year14,-.0089690970447227,-.0439804884781683,11198
11,0,rice10,-.0317033984535152,-.0439804884781683,11198
11,0,ln_gdp_hist,.0007886347473861,-.0439804884781683,11198
11,0,urban2000_10,.0025071939783455,-.0439804884781683,11198
11,0,diff,-.0439804884781683,-.0439804884781683,11198
11,0,expl,-.0376096310559194,-.0439804884781683,11198
11,0,pr_0,.1722439701982574,-.0439804884781683,11198
11,0,pr_1,.2162244586764257,-.0439804884781683,11198
12,0,edu,-.0045527501585256,-.0882781746610293,16910
12,0,plants,-.038715001391795,-.0882781746610293,16910
12,0,age,.0014989999113974,-.0882781746610293,16910
12,0,gender,.0001477375591109,-.0882781746610293,16910
12,0,marriage,-.0005316764367224,-.0882781746610293,16910
12,0,ln_income,-.0000412167370998,-.0882781746610293,16910
12,0,health,.0001015940170399,-.0882781746610293,16910
12,0,sportsArea,.0039859231275005,-.0882781746610293,16910
12,0,year14,-.007676902602526,-.0882781746610293,16910
12,0,rice10,-.0281301461777459,-.0882781746610293,16910
12,0,ln_gdp_hist,.0102409281052096,-.0882781746610293,16910
12,0,urban2000_10,-.0151676880423398,-.0882781746610293,16910
12,0,diff,-.0882781746610293,-.0882781746610293,16910
12,0,expl,-.0790865778846689,-.0882781746610293,16910
12,0,pr_0,.131578947368421,-.0882781746610293,16910
12,0,pr_1,.2198571220294503,-.0882781746610293,16910
13,0,edu,-.0025679525164973,-.0216586700182407,16878
13,0,plants,-.0134223715603654,-.0216586700182407,16878
13,0,age,.0002619002079596,-.0216586700182407,16878
13,0,gender,-.0002810113641752,-.0216586700182407,16878
13,0,marriage,-.0001067435199771,-.0216586700182407,16878
13,0,ln_income,-.0000323671337365,-.0216586700182407,16878
13,0,health,-.0012382251317233,-.0216586700182407,16878
13,0,sportsArea,.007795702006807,-.0216586700182407,16878
13,0,year14,-.0010301943756392,-.0216586700182407,16878
13,0,rice10,-.0495701356276015,-.0216586700182407,16878
13,0,ln_gdp_hist,.0309595520621282,-.0216586700182407,16878
13,0,urban2000_10,.0086646850310697,-.0216586700182407,16878
13,0,diff,-.0216586700182407,-.0216586700182407,16878
13,0,expl,-.0204671821523691,-.0216586700182407,16878
13,0,pr_0,.1566571813688782,-.0216586700182407,16878
13,0,pr_1,.1783158513871189,-.0216586700182407,16878
14,0,edu,-.0108578141463152,-.0611198103491247,15301
14,0,plants,-.0061766342157538,-.0611198103491247,15301
14,0,age,.0009797022211653,-.0611198103491247,15301
14,0,gender,.000707074172966,-.0611198103491247,15301
14,0,marriage,.0005591643452163,-.0611198103491247,15301
14,0,ln_income,1.88564625526e-06,-.0611198103491247,15301
14,0,health,-.0011855762945238,-.0611198103491247,15301
14,0,sportsArea,.0057455026921156,-.0611198103491247,15301
14,0,year14,-.0082416299557094,-.0611198103491247,15301
14,0,rice10,-.0395822577860322,-.0611198103491247,15301
14,0,ln_gdp_hist,.0148838340140755,-.0611198103491247,15301
14,0,urban2000_10,-.0137174965325192,-.0611198103491247,15301
14,0,diff,-.0611198103491247,-.0611198103491247,15301
14,0,expl,-.0569109369862837,-.0611198103491247,15301
14,0,pr_0,.1536854103343465,-.0611198103491247,15301
14,0,pr_1,.2148052206834712,-.0611198103491247,15301
15,0,edu,-.0063389050770896,-.0660881957663604,17567
15,0,plants,-.0059768263860161,-.0660881957663604,17567
15,0,age,.0001372098059068,-.0660881957663604,17567
15,0,gender,.000498537656626,-.0660881957663604,17567
15,0,marriage,-.0006683437543172,-.0660881957663604,17567
15,0,ln_income,.0003676594257193,-.0660881957663604,17567
15,0,health,-.0004689604811895,-.0660881957663604,17567
15,0,sportsArea,.0104311449156371,-.0660881957663604,17567
15,0,year14,-.0041004000621717,-.0660881957663604,17567
15,0,rice10,-.0704823532963618,-.0660881957663604,17567
15,0,ln_gdp_hist,.033034549919512,-.0660881957663604,17567
15,0,urban2000_10,-.0247115149709162,-.0660881957663604,17567
15,0,diff,-.0660881957663604,-.0660881957663604,17567
15,0,expl,-.0682129711278587,-.0660881957663604,17567
15,0,pr_0,.1535847774379885,-.0660881957663604,17567
15,0,pr_1,.2196729732043489,-.0660881957663604,17567
16,0,edu,-.0092242250198548,-.0864362570638559,17536
16,0,plants,-.0825355137297378,-.0864362570638559,17536
16,0,age,.0017333810428568,-.0864362570638559,17536
16,0,gender,.0007229322060133,-.0864362570638559,17536
16,0,marriage,.0010216438958519,-.0864362570638559,17536
16,0,ln_income,-.0008346297895312,-.0864362570638559,17536
16,0,health,-.0005820691580336,-.0864362570638559,17536
16,0,sportsArea,.0060481477323587,-.0864362570638559,17536
16,0,year14,-.007067485147453,-.0864362570638559,17536
16,0,rice10,-.0074101348543343,-.0864362570638559,17536
16,0,ln_gdp_hist,.0090929777727958,-.0864362570638559,17536
16,0,urban2000_10,.007656976676379,-.0864362570638559,17536
16,0,diff,-.0864362570638559,-.0864362570638559,17536
16,0,expl,-.0813201987459612,-.0864362570638559,17536
16,0,pr_0,.1629987475398103,-.0864362570638559,17536
16,0,pr_1,.2494350046036662,-.0864362570638559,17536
17,0,edu,-.0035961477982729,-.0292970902344072,11810
17,0,plants,-.008810523712651,-.0292970902344072,11810
17,0,age,.0013012130418123,-.0292970902344072,11810
17,0,gender,-.0002218541286494,-.0292970902344072,11810
17,0,marriage,.0003296214727634,-.0292970902344072,11810
17,0,ln_income,-4.00861551757e-06,-.0292970902344072,11810
17,0,health,-.0021053295162867,-.0292970902344072,11810
17,0,sportsArea,.0053764437682586,-.0292970902344072,11810
17,0,year14,-.0027320313194856,-.0292970902344072,11810
17,0,rice10,-.0533618789157798,-.0292970902344072,11810
17,0,ln_gdp_hist,.0321955680259411,-.0292970902344072,11810
17,0,urban2000_10,.0053173951734605,-.0292970902344072,11810
17,0,diff,-.0292970902344072,-.0292970902344072,11810
17,0,expl,-.0261925598342005,-.0292970902344072,11810
17,0,pr_0,.1625415589213151,-.0292970902344072,11810
17,0,pr_1,.1918386491557223,-.0292970902344072,11810
18,0,edu,-.0028621828907523,-.0162220062102685,15695
18,0,plants,.0182605115695207,-.0162220062102685,15695
18,0,age,-.0006019964012565,-.0162220062102685,15695
18,0,gender,-.0001647538357692,-.0162220062102685,15695
18,0,marriage,-.0013744473563691,-.0162220062102685,15695
18,0,ln_income,.0000274999645415,-.0162220062102685,15695
18,0,health,-.0003870796486027,-.0162220062102685,15695
18,0,sportsArea,.0036677296568033,-.0162220062102685,15695
18,0,year14,-.0041848890916765,-.0162220062102685,15695
18,0,rice10,-.0490556273981747,-.0162220062102685,15695
18,0,ln_gdp_hist,.0193120362437202,-.0162220062102685,15695
18,0,urban2000_10,-.0033134231785588,-.0162220062102685,15695
18,0,diff,-.0162220062102685,-.0162220062102685,15695
18,0,expl,-.0206856653942468,-.0162220062102685,15695
18,0,pr_0,.157951872625294,-.0162220062102685,15695
18,0,pr_1,.1741738788355625,-.0162220062102685,15695
19,0,edu,-.0015389281259209,-.0107376065262062,13744
19,0,plants,.0125440301723438,-.0107376065262062,13744
19,0,age,.0002194048119646,-.0107376065262062,13744
19,0,gender,.0001205646029354,-.0107376065262062,13744
19,0,marriage,-.0000774163268015,-.0107376065262062,13744
19,0,ln_income,.0000449980087552,-.0107376065262062,13744
19,0,health,-.0015035387868308,-.0107376065262062,13744
19,0,sportsArea,.0036274825110476,-.0107376065262062,13744
19,0,year14,-.008127856174554,-.0107376065262062,13744
19,0,rice10,-.0239179092619235,-.0107376065262062,13744
19,0,ln_gdp_hist,-.0032404597889778,-.0107376065262062,13744
19,0,urban2000_10,.0120728141952305,-.0107376065262062,13744
19,0,diff,-.0107376065262062,-.0107376065262062,13744
19,0,expl,-.0097481641256322,-.0107376065262062,13744
19,0,pr_0,.1665943600867679,-.0107376065262062,13744
19,0,pr_1,.1773319666129741,-.0107376065262062,13744
20,0,edu,-.0243749769712809,-.1073522029798983,10054
20,0,plants,.0128509523174498,-.1073522029798983,10054
20,0,age,.0019162923285854,-.1073522029798983,10054
20,0,gender,.0007724195242736,-.1073522029798983,10054
20,0,marriage,.0019334775411414,-.1073522029798983,10054
20,0,ln_income,.0000135526198318,-.1073522029798983,10054
20,0,health,-.0040083596553325,-.1073522029798983,10054
20,0,sportsArea,.0009950191010091,-.1073522029798983,10054
20,0,year14,-.0118602837324894,-.1073522029798983,10054
20,0,rice10,-.0530767351106565,-.1073522029798983,10054
20,0,ln_gdp_hist,-.035846697411004,-.1073522029798983,10054
20,0,urban2000_10,.0044983665681327,-.1073522029798983,10054
20,0,diff,-.1073522029798983,-.1073522029798983,10054
20,0,expl,-.1061191297950535,-.1073522029798983,10054
20,0,pr_0,.1200287494010541,-.1073522029798983,10054
20,0,pr_1,.2273809523809524,-.1073522029798983,10054
21,0,edu,-.0071732042029301,-.0952313661358124,15528
21,0,plants,-.0208711379817816,-.0952313661358124,15528
21,0,age,-.0005052018415813,-.0952313661358124,15528
21,0,gender,.0002452640848651,-.0952313661358124,15528
21,0,marriage,-.0000767870073201,-.0952313661358124,15528
21,0,ln_income,-.000070781205594,-.0952313661358124,15528
21,0,health,-.0004443608559368,-.0952313661358124,15528
21,0,sportsArea,.0076435011760784,-.0952313661358124,15528
21,0,year14,-.0059209618364834,-.0952313661358124,15528
21,0,rice10,-.0698445008499246,-.0952313661358124,15528
21,0,ln_gdp_hist,.0053048895340056,-.0952313661358124,15528
21,0,urban2000_10,.0048302491616686,-.0952313661358124,15528
21,0,diff,-.0952313661358124,-.0952313661358124,15528
21,0,expl,-.086820534537568,-.0952313661358124,15528
21,0,pr_0,.1512770137524558,-.0952313661358124,15528
21,0,pr_1,.2465083798882682,-.0952313661358124,15528
22,0,edu,-.0045827596157669,-.0284549309518946,24964
22,0,plants,-.017510368413468,-.0284549309518946,24964
22,0,age,-.0014919957156585,-.0284549309518946,24964
22,0,gender,-.0000219351383929,-.0284549309518946,24964
22,0,marriage,-.0004946823803071,-.0284549309518946,24964
22,0,ln_income,.0000753236921787,-.0284549309518946,24964
22,0,health,.000495553713253,-.0284549309518946,24964
22,0,sportsArea,.006411849651655,-.0284549309518946,24964
22,0,year14,-.0025157933888489,-.0284549309518946,24964
22,0,rice10,-.0088389124770552,-.0284549309518946,24964
22,0,ln_gdp_hist,.0235516562040368,-.0284549309518946,24964
22,0,urban2000_10,-.0130054100220375,-.0284549309518946,24964
22,0,diff,-.0284549309518946,-.0284549309518946,24964
22,0,expl,-.0177225845455576,-.0284549309518946,24964
22,0,pr_0,.144952923144296,-.0284549309518946,24964
22,0,pr_1,.1734078540961906,-.0284549309518946,24964
23,0,edu,-.0154265841640363,-.0788723059783042,12557
23,0,plants,-.0106265190217928,-.0788723059783042,12557
23,0,age,.0033900678049177,-.0788723059783042,12557
23,0,gender,.0017002937203015,-.0788723059783042,12557
23,0,marriage,.0023422906235793,-.0788723059783042,12557
23,0,ln_income,-.0004555866327051,-.0788723059783042,12557
23,0,health,-.0038313021469742,-.0788723059783042,12557
23,0,sportsArea,-.000320444552051,-.0788723059783042,12557
23,0,year14,-.0145044302228296,-.0788723059783042,12557
23,0,rice10,-.0366687898329395,-.0788723059783042,12557
23,0,ln_gdp_hist,-.0071880467616973,-.0788723059783042,12557
23,0,urban2000_10,-.0008292520962375,-.0788723059783042,12557
23,0,diff,-.0788723059783042,-.0788723059783042,12557
23,0,expl,-.0823239602952483,-.0788723059783042,12557
23,0,pr_0,.1538018433179723,-.0788723059783042,12557
23,0,pr_1,.2326741492962765,-.0788723059783042,12557
24,0,edu,-.0060724553069243,-.0416531462117884,13438
24,0,plants,.0116699475441044,-.0416531462117884,13438
24,0,age,.0009149104488864,-.0416531462117884,13438
24,0,gender,-.0002051027330989,-.0416531462117884,13438
24,0,marriage,-.0009654906710567,-.0416531462117884,13438
24,0,ln_income,.0005424012485039,-.0416531462117884,13438
24,0,health,-.0014067687340951,-.0416531462117884,13438
24,0,sportsArea,.0026940116663538,-.0416531462117884,13438
24,0,year14,-.0039202298746167,-.0416531462117884,13438
24,0,rice10,-.0649585301473827,-.0416531462117884,13438
24,0,ln_gdp_hist,.017794851404247,-.0416531462117884,13438
24,0,urban2000_10,-.0028872048516049,-.0416531462117884,13438
24,0,diff,-.0416531462117884,-.0416531462117884,13438
24,0,expl,-.0467933013331195,-.0416531462117884,13438
24,0,pr_0,.1574861919689506,-.0416531462117884,13438
24,0,pr_1,.199139338180739,-.0416531462117884,13438
25,0,edu,-.0096779684032691,-.0583970936150256,16210
25,0,plants,-.0141297242577702,-.0583970936150256,16210
25,0,age,.0016433085017917,-.0583970936150256,16210
25,0,gender,.0004370581203319,-.0583970936150256,16210
25,0,marriage,.0005264116085312,-.0583970936150256,16210
25,0,ln_income,-.0001221292842238,-.0583970936150256,16210
25,0,health,-.0011792643954559,-.0583970936150256,16210
25,0,sportsArea,.005132600290508,-.0583970936150256,16210
25,0,year14,-.0054287097494608,-.0583970936150256,16210
25,0,rice10,-.0249922339489918,-.0583970936150256,16210
25,0,ln_gdp_hist,.0149056985409189,-.0583970936150256,16210
25,0,urban2000_10,-.0174867584613654,-.0583970936150256,16210
25,0,diff,-.0583970936150256,-.0583970936150256,16210
25,0,expl,-.0506816291676316,-.0583970936150256,16210
25,0,pr_0,.1534076185540295,-.0583970936150256,16210
25,0,pr_1,.2118047121690551,-.0583970936150256,16210
26,0,edu,.0027491172881473,-.0278216490519599,20508
26,0,plants,-.0127280094890667,-.0278216490519599,20508
26,0,age,-.0003679081400933,-.0278216490519599,20508
26,0,gender,-.0003392343574231,-.0278216490519599,20508
26,0,marriage,-.0017465111275893,-.0278216490519599,20508
26,0,ln_income,.0003379213703256,-.0278216490519599,20508
26,0,health,.0005778265508277,-.0278216490519599,20508
26,0,sportsArea,.0037395647103471,-.0278216490519599,20508
26,0,year14,-.0039138690694439,-.0278216490519599,20508
26,0,rice10,-.0440760897058985,-.0278216490519599,20508
26,0,ln_gdp_hist,.0606186831076942,-.0278216490519599,20508
26,0,urban2000_10,-.0312819659022283,-.0278216490519599,20508
26,0,diff,-.0278216490519599,-.0278216490519599,20508
26,0,expl,-.0264695028513668,-.0278216490519599,20508
26,0,pr_0,.1497150372643577,-.0278216490519599,20508
26,0,pr_1,.1775366863163176,-.0278216490519599,20508
27,0,edu,-.0114715416265665,-.0903009675398614,10871
27,0,plants,-.0761385939329804,-.0903009675398614,10871
27,0,age,.0025725884254047,-.0903009675398614,10871
27,0,gender,.0011838407927509,-.0903009675398614,10871
27,0,marriage,.0008290538348164,-.0903009675398614,10871
27,0,ln_income,-.0021767646830534,-.0903009675398614,10871
27,0,health,-.0019845918444312,-.0903009675398614,10871
27,0,sportsArea,.0040377518611927,-.0903009675398614,10871
27,0,year14,-.0117689650317098,-.0903009675398614,10871
27,0,rice10,-.0299736123268874,-.0903009675398614,10871
27,0,ln_gdp_hist,.0169475521649597,-.0903009675398614,10871
27,0,urban2000_10,.0189618249485143,-.0903009675398614,10871
27,0,diff,-.0903009675398614,-.0903009675398614,10871
27,0,expl,-.0889605559887538,-.0903009675398614,10871
27,0,pr_0,.1680424528301887,-.0903009675398614,10871
27,0,pr_1,.2583434203700501,-.0903009675398614,10871
28,0,edu,-.0107849886645958,-.0531667580660982,12381
28,0,plants,.0134540491493947,-.0531667580660982,12381
28,0,age,.0038617902668662,-.0531667580660982,12381
28,0,gender,.0002163550695371,-.0531667580660982,12381
28,0,marriage,.0030545595257939,-.0531667580660982,12381
28,0,ln_income,.0000555915276838,-.0531667580660982,12381
28,0,health,-.0036898631204253,-.0531667580660982,12381
28,0,sportsArea,.0025572599440247,-.0531667580660982,12381
28,0,year14,-.0009668365715542,-.0531667580660982,12381
28,0,rice10,-.0327201977401256,-.0531667580660982,12381
28,0,ln_gdp_hist,.0119464866372435,-.0531667580660982,12381
28,0,urban2000_10,-.0406703821080347,-.0531667580660982,12381
28,0,diff,-.0531667580660982,-.0531667580660982,12381
28,0,expl,-.053641661213975,-.0531667580660982,12381
28,0,pr_0,.1674524183691287,-.0531667580660982,12381
28,0,pr_1,.2206191764352269,-.0531667580660982,12381
29,0,edu,-.0110271542850787,-.0955306442697317,16003
29,0,plants,.0114649946884637,-.0955306442697317,16003
29,0,age,.0017227523012374,-.0955306442697317,16003
29,0,gender,.000338997552309,-.0955306442697317,16003
29,0,marriage,-.0004053177272262,-.0955306442697317,16003
29,0,ln_income,.000350307053721,-.0955306442697317,16003
29,0,health,-.0012874625276513,-.0955306442697317,16003
29,0,sportsArea,.0035682241350809,-.0955306442697317,16003
29,0,year14,-.0129928409563216,-.0955306442697317,16003
29,0,rice10,-.0789498123488876,-.0955306442697317,16003
29,0,ln_gdp_hist,-.0009066800428316,-.0955306442697317,16003
29,0,urban2000_10,-.0087225448655824,-.0955306442697317,16003
29,0,diff,-.0955306442697317,-.0955306442697317,16003
29,0,expl,-.0968139339373419,-.0955306442697317,16003
29,0,pr_0,.1489088575096277,-.0955306442697317,16003
29,0,pr_1,.2444395017793594,-.0955306442697317,16003
30,0,edu,-.006721657671012,-.0176790697250874,12769
30,0,plants,.0051327712940712,-.0176790697250874,12769
30,0,age,.0004579267614005,-.0176790697250874,12769
30,0,gender,.000040598302182,-.0176790697250874,12769
30,0,marriage,.0001663162246948,-.0176790697250874,12769
30,0,ln_income,.0001405967978691,-.0176790697250874,12769
30,0,health,-.0014558633606586,-.0176790697250874,12769
30,0,sportsArea,.0029171893218368,-.0176790697250874,12769
30,0,year14,-.0047084389677642,-.0176790697250874,12769
30,0,rice10,-.0092229784168751,-.0176790697250874,12769
30,0,ln_gdp_hist,.0047530914314115,-.0176790697250874,12769
30,0,urban2000_10,-.002479374844199,-.0176790697250874,12769
30,0,diff,-.0176790697250874,-.0176790697250874,12769
30,0,expl,-.0110143417442814,-.0176790697250874,12769
30,0,pr_0,.1586397376143621,-.0176790697250874,12769
30,0,pr_1,.1763188073394495,-.0176790697250874,12769
31,0,edu,-.010629613698853,-.0538797512745935,21546
31,0,plants,-.0363740362434175,-.0538797512745935,21546
31,0,age,.0017125769829351,-.0538797512745935,21546
31,0,gender,7.43396179397e-06,-.0538797512745935,21546
31,0,marriage,-.0002507600494283,-.0538797512745935,21546
31,0,ln_income,.000076266075302,-.0538797512745935,21546
31,0,health,-.0004213904493037,-.0538797512745935,21546
31,0,sportsArea,.004931110076555,-.0538797512745935,21546
31,0,year14,-.00526267455743,-.0538797512745935,21546
31,0,rice10,-.0268395919629318,-.0538797512745935,21546
31,0,ln_gdp_hist,.0391930078201256,-.0538797512745935,21546
31,0,urban2000_10,-.0175181848707084,-.0538797512745935,21546
31,0,diff,-.0538797512745935,-.0538797512745935,21546
31,0,expl,-.0513806445744097,-.0538797512745935,21546
31,0,pr_0,.1532900834105653,-.0538797512745935,21546
31,0,pr_1,.2071698346851588,-.0538797512745935,21546
32,0,edu,.0048501997260263,-.0346379592439584,18516
32,0,plants,-.0182902326820337,-.0346379592439584,18516
32,0,age,-.0029362259226681,-.0346379592439584,18516
32,0,gender,-.0001036156313799,-.0346379592439584,18516
32,0,marriage,-.0008672952790471,-.0346379592439584,18516
32,0,ln_income,.0003700224237129,-.0346379592439584,18516
32,0,health,.0011549881132143,-.0346379592439584,18516
32,0,sportsArea,.0149867854546277,-.0346379592439584,18516
32,0,year14,.001564816219518,-.0346379592439584,18516
32,0,rice10,-.0770590171392272,-.0346379592439584,18516
32,0,ln_gdp_hist,.0571206645263455,-.0346379592439584,18516
32,0,urban2000_10,-.0119731796701868,-.0346379592439584,18516
32,0,diff,-.0346379592439584,-.0346379592439584,18516
32,0,expl,-.0313449844321014,-.0346379592439584,18516
32,0,pr_0,.144961499832608,-.0346379592439584,18516
32,0,pr_1,.1795994590765664,-.0346379592439584,18516
33,0,edu,-.0052780834910339,-.0164333504622205,14910
33,0,plants,.0106384261570098,-.0164333504622205,14910
33,0,age,.0010613672370845,-.0164333504622205,14910
33,0,gender,.0005954211298246,-.0164333504622205,14910
33,0,marriage,.0004486242557836,-.0164333504622205,14910
33,0,ln_income,-.000119159179286,-.0164333504622205,14910
33,0,health,-.0019793763414358,-.0164333504622205,14910
33,0,sportsArea,.0032077248612454,-.0164333504622205,14910
33,0,year14,-.0096487688905662,-.0164333504622205,14910
33,0,rice10,-.0194169982516508,-.0164333504622205,14910
33,0,ln_gdp_hist,.0024857690523403,-.0164333504622205,14910
33,0,urban2000_10,.002823055163763,-.0164333504622205,14910
33,0,diff,-.0164333504622205,-.0164333504622205,14910
33,0,expl,-.0151821217774177,-.0164333504622205,14910
33,0,pr_0,.1658932714617169,-.0164333504622205,14910
33,0,pr_1,.1823266219239374,-.0164333504622205,14910
34,0,edu,6.65253501809e-06,-.0248986099845554,18177
34,0,plants,.0012648410783101,-.0248986099845554,18177
34,0,age,-.0027476634516322,-.0248986099845554,18177
34,0,gender,-.0004160361120056,-.0248986099845554,18177
34,0,marriage,-.0024325392413316,-.0248986099845554,18177
34,0,ln_income,.0005498073887393,-.0248986099845554,18177
34,0,health,.0006639690387814,-.0248986099845554,18177
34,0,sportsArea,.0073845442375135,-.0248986099845554,18177
34,0,year14,.0052923257529354,-.0248986099845554,18177
34,0,rice10,-.0340775838057211,-.0248986099845554,18177
34,0,ln_gdp_hist,-.0081275421682477,-.0248986099845554,18177
34,0,urban2000_10,.0037793344075501,-.0248986099845554,18177
34,0,diff,-.0248986099845554,-.0248986099845554,18177
34,0,expl,-.0287171723282471,-.0248986099845554,18177
34,0,pr_0,.1357142857142857,-.0248986099845554,18177
34,0,pr_1,.1606128956988411,-.0248986099845554,18177
35,0,edu,-.0005839936149135,.0024615105206197,16880
35,0,plants,.0096898863240752,.0024615105206197,16880
35,0,age,-.0006459410876854,.0024615105206197,16880
35,0,gender,-.0007087607778418,.0024615105206197,16880
35,0,marriage,-.0007967619005241,.0024615105206197,16880
35,0,ln_income,.0002493991237628,.0024615105206197,16880
35,0,health,-.0004997453768965,.0024615105206197,16880
35,0,sportsArea,.0063963673832541,.0024615105206197,16880
35,0,year14,.0001298334100053,.0024615105206197,16880
35,0,rice10,-.0038858901143939,.0024615105206197,16880
35,0,ln_gdp_hist,-.0371764809155402,.0024615105206197,16880
35,0,urban2000_10,.0333746351573944,.0024615105206197,16880
35,0,diff,.0024615105206197,.0024615105206197,16880
35,0,expl,.0054795065626881,.0024615105206197,16880
35,0,pr_0,.1677780741531075,.0024615105206197,16880
35,0,pr_1,.1653165636324878,.0024615105206197,16880
36,0,edu,-.0086916963075421,-.0626455349794642,16884
36,0,plants,-.0111788385200257,-.0626455349794642,16884
36,0,age,-.0003989526761332,-.0626455349794642,16884
36,0,gender,.0002411570657986,-.0626455349794642,16884
36,0,marriage,-.000067819797652,-.0626455349794642,16884
36,0,ln_income,.0000489533276439,-.0626455349794642,16884
36,0,health,-.0007444196752858,-.0626455349794642,16884
36,0,sportsArea,.0055768821501002,-.0626455349794642,16884
36,0,year14,-.0053760039825209,-.0626455349794642,16884
36,0,rice10,-.0362003922424176,-.0626455349794642,16884
36,0,ln_gdp_hist,.0093979716929085,-.0626455349794642,16884
36,0,urban2000_10,-.0084359634381381,-.0626455349794642,16884
36,0,diff,-.0626455349794642,-.0626455349794642,16884
36,0,expl,-.0557549627068578,-.0626455349794642,16884
36,0,pr_0,.1478566644340255,-.0626455349794642,16884
36,0,pr_1,.2105021994134897,-.0626455349794642,16884
37,0,edu,-.0083234570304126,-.0472205489872638,17018
37,0,plants,.0146732172007745,-.0472205489872638,17018
37,0,age,.0024653408858212,-.0472205489872638,17018
37,0,gender,.0004468460955494,-.0472205489872638,17018
37,0,marriage,.0002033715019767,-.0472205489872638,17018
37,0,ln_income,.0001064184627816,-.0472205489872638,17018
37,0,health,-.0010960010974253,-.0472205489872638,17018
37,0,sportsArea,.0027935113733096,-.0472205489872638,17018
37,0,year14,-.0106125166912058,-.0472205489872638,17018
37,0,rice10,-.0425863422586043,-.0472205489872638,17018
37,0,ln_gdp_hist,.0120304970525933,-.0472205489872638,17018
37,0,urban2000_10,-.0172287856815357,-.0472205489872638,17018
37,0,diff,-.0472205489872638,-.0472205489872638,17018
37,0,expl,-.0471897495859731,-.0472205489872638,17018
37,0,pr_0,.1637118671138796,-.0472205489872638,17018
37,0,pr_1,.2109324161011434,-.0472205489872638,17018
38,0,edu,-.003935208871704,-.0443544975930318,15871
38,0,plants,-.0294126902702394,-.0443544975930318,15871
38,0,age,.002331964327643,-.0443544975930318,15871
38,0,gender,.0001450543783916,-.0443544975930318,15871
38,0,marriage,-.0000754359211724,-.0443544975930318,15871
38,0,ln_income,-.000170901142436,-.0443544975930318,15871
38,0,health,-.0014989359921681,-.0443544975930318,15871
38,0,sportsArea,.0050268528139269,-.0443544975930318,15871
38,0,year14,-.0047632888260449,-.0443544975930318,15871
38,0,rice10,-.0440694895222686,-.0443544975930318,15871
38,0,ln_gdp_hist,.0516061357643859,-.0443544975930318,15871
38,0,urban2000_10,-.0215438052089904,-.0443544975930318,15871
38,0,diff,-.0443544975930318,-.0443544975930318,15871
38,0,expl,-.04636789041294,-.0443544975930318,15871
38,0,pr_0,.1708128664237046,-.0443544975930318,15871
38,0,pr_1,.2151673640167364,-.0443544975930318,15871
39,0,edu,-.0016243212612539,-.0446077993525422,18424
39,0,plants,.0008037555710557,-.0446077993525422,18424
39,0,age,-.0010034229541385,-.0446077993525422,18424
39,0,gender,.0005337045404982,-.0446077993525422,18424
39,0,marriage,-.0011793095762993,-.0446077993525422,18424
39,0,ln_income,-.0000275320318001,-.0446077993525422,18424
39,0,health,-.0002160837799376,-.0446077993525422,18424
39,0,sportsArea,.0062789038758798,-.0446077993525422,18424
39,0,year14,-.0042569551463109,-.0446077993525422,18424
39,0,rice10,-.0508228962542854,-.0446077993525422,18424
39,0,ln_gdp_hist,.023788936772286,-.0446077993525422,18424
39,0,urban2000_10,-.0139988057931417,-.0446077993525422,18424
39,0,diff,-.0446077993525422,-.0446077993525422,18424
39,0,expl,-.0417661305647509,-.0446077993525422,18424
39,0,pr_0,.1432106913050652,-.0446077993525422,18424
39,0,pr_1,.1878184906576074,-.0446077993525422,18424
40,0,edu,-.0111995016911093,-.0854282114155077,17310
40,0,plants,-.012092060191626,-.0854282114155077,17310
40,0,age,.0007749855896293,-.0854282114155077,17310
40,0,gender,.0003931844749124,-.0854282114155077,17310
40,0,marriage,-.0004370444613543,-.0854282114155077,17310
40,0,ln_income,.0003903762857144,-.0854282114155077,17310
40,0,health,-.000370429841321,-.0854282114155077,17310
40,0,sportsArea,.0050018850494005,-.0854282114155077,17310
40,0,year14,-.0074929274258379,-.0854282114155077,17310
40,0,rice10,-.0541290597283213,-.0854282114155077,17310
40,0,ln_gdp_hist,.0033579485502519,-.0854282114155077,17310
40,0,urban2000_10,-.0059477123986757,-.0854282114155077,17310
40,0,diff,-.0854282114155077,-.0854282114155077,17310
40,0,expl,-.0817018670407932,-.0854282114155077,17310
40,0,pr_0,.1370626253621574,-.0854282114155077,17310
40,0,pr_1,.2224908367776651,-.0854282114155077,17310
41,0,edu,-.0065407708976358,-.0411749535899616,16127
41,0,plants,-.0409992384203802,-.0411749535899616,16127
41,0,age,.0013459495554983,-.0411749535899616,16127
41,0,gender,.0001643581934934,-.0411749535899616,16127
41,0,marriage,.0006937205458714,-.0411749535899616,16127
41,0,ln_income,-.0000818922685124,-.0411749535899616,16127
41,0,health,-.0012844702896739,-.0411749535899616,16127
41,0,sportsArea,.0061674822124727,-.0411749535899616,16127
41,0,year14,-.0006091193599109,-.0411749535899616,16127
41,0,rice10,-.0068711645003543,-.0411749535899616,16127
41,0,ln_gdp_hist,.0228284553350637,-.0411749535899616,16127
41,0,urban2000_10,-.0136490309215813,-.0411749535899616,16127
41,0,diff,-.0411749535899616,-.0411749535899616,16127
41,0,expl,-.0387772184488668,-.0411749535899616,16127
41,0,pr_0,.161836976783596,-.0411749535899616,16127
41,0,pr_1,.2030119303735576,-.0411749535899616,16127
42,0,edu,-.0076667673391622,-.0568487908913381,18685
42,0,plants,.0070666663539844,-.0568487908913381,18685
42,0,age,.0007329943939569,-.0568487908913381,18685
42,0,gender,.0003068742744965,-.0568487908913381,18685
42,0,marriage,-.0012386006382668,-.0568487908913381,18685
42,0,ln_income,.000247147752508,-.0568487908913381,18685
42,0,health,-.0004485562831269,-.0568487908913381,18685
42,0,sportsArea,.0062833366033258,-.0568487908913381,18685
42,0,year14,-.0041757719694948,-.0568487908913381,18685
42,0,rice10,-.0641048136690775,-.0568487908913381,18685
42,0,ln_gdp_hist,.0213047742974777,-.0568487908913381,18685
42,0,urban2000_10,-.017879566434829,-.0568487908913381,18685
42,0,diff,-.0568487908913381,-.0568487908913381,18685
42,0,expl,-.0594945955389478,-.0568487908913381,18685
42,0,pr_0,.1363480644056184,-.0568487908913381,18685
42,0,pr_1,.1931968552969565,-.0568487908913381,18685
43,0,edu,-.0094854410366622,-.0548746315936469,14309
43,0,plants,-.0655655470650608,-.0548746315936469,14309
43,0,age,-.0017457741978378,-.0548746315936469,14309
43,0,gender,.0007085059126949,-.0548746315936469,14309
43,0,marriage,-.001943086319696,-.0548746315936469,14309
43,0,ln_income,-.00038376359902,-.0548746315936469,14309
43,0,health,-.0004340067930031,-.0548746315936469,14309
43,0,sportsArea,-.0011941723073654,-.0548746315936469,14309
43,0,year14,-.0095380697190254,-.0548746315936469,14309
43,0,rice10,.0242897841662837,-.0548746315936469,14309
43,0,ln_gdp_hist,.0025755491883418,-.0548746315936469,14309
43,0,urban2000_10,.0053192110984657,-.0548746315936469,14309
43,0,diff,-.0548746315936469,-.0548746315936469,14309
43,0,expl,-.0576148093345545,-.0548746315936469,14309
43,0,pr_0,.1205285942128047,-.0548746315936469,14309
43,0,pr_1,.1754032258064516,-.0548746315936469,14309
44,0,edu,-.0049484567024373,-.054307872538519,13879
44,0,plants,-.0122589374557604,-.054307872538519,13879
44,0,age,.0003797612189657,-.054307872538519,13879
44,0,gender,.0001487626447158,-.054307872538519,13879
44,0,marriage,-.0002884119231586,-.054307872538519,13879
44,0,ln_income,.0000931898319827,-.054307872538519,13879
44,0,health,-.0002005051758763,-.054307872538519,13879
44,0,sportsArea,.0055902940741668,-.054307872538519,13879
44,0,year14,-.0048680758339019,-.054307872538519,13879
44,0,rice10,-.0624255045737003,-.054307872538519,13879
44,0,ln_gdp_hist,.0447782808040495,-.054307872538519,13879
44,0,urban2000_10,-.0170327889343922,-.054307872538519,13879
44,0,diff,-.054307872538519,-.054307872538519,13879
44,0,expl,-.0508989771074406,-.054307872538519,13879
44,0,pr_0,.1586408171774026,-.054307872538519,13879
44,0,pr_1,.2129486897159216,-.054307872538519,13879
45,0,edu,-.0157905562478107,-.0824625140925712,16932
45,0,plants,.0183254347513437,-.0824625140925712,16932
45,0,age,.0037455441278079,-.0824625140925712,16932
45,0,gender,.00085509922541,-.0824625140925712,16932
45,0,marriage,-.0007119535918168,-.0824625140925712,16932
45,0,ln_income,.0000117933880777,-.0824625140925712,16932
45,0,health,-.0003314564852606,-.0824625140925712,16932
45,0,sportsArea,-.0016037420456772,-.0824625140925712,16932
45,0,year14,-.0140411034443655,-.0824625140925712,16932
45,0,rice10,-.0366020428972465,-.0824625140925712,16932
45,0,ln_gdp_hist,-.0183000474894052,-.0824625140925712,16932
45,0,urban2000_10,-.0147168487075662,-.0824625140925712,16932
45,0,diff,-.0824625140925712,-.0824625140925712,16932
45,0,expl,-.0792080835015982,-.0824625140925712,16932
45,0,pr_0,.1329381879762913,-.0824625140925712,16932
45,0,pr_1,.2154007020688625,-.0824625140925712,16932
46,0,edu,-.0123268851078579,-.0836048227185776,13167
46,0,plants,-.0255796252592789,-.0836048227185776,13167
46,0,age,.0006742671013644,-.0836048227185776,13167
46,0,gender,.0005984224314228,-.0836048227185776,13167
46,0,marriage,.0012625844838175,-.0836048227185776,13167
46,0,ln_income,-.0000564645942643,-.0836048227185776,13167
46,0,health,-.0019670064467554,-.0836048227185776,13167
46,0,sportsArea,.0050807820060842,-.0836048227185776,13167
46,0,year14,-.0119870406369647,-.0836048227185776,13167
46,0,rice10,-.0467270796967831,-.0836048227185776,13167
46,0,ln_gdp_hist,.0067094034330712,-.0836048227185776,13167
46,0,urban2000_10,.0076661169777272,-.0836048227185776,13167
46,0,diff,-.0836048227185776,-.0836048227185776,13167
46,0,expl,-.076672869282002,-.0836048227185776,13167
46,0,pr_0,.1671807526218384,-.0836048227185776,13167
46,0,pr_1,.250785575340416,-.0836048227185776,13167
47,0,edu,-.0016137812189001,-.0311428667557338,14995
47,0,plants,.0015165924027023,-.0311428667557338,14995
47,0,age,-.0014134408591087,-.0311428667557338,14995
47,0,gender,-.0003624954215554,-.0311428667557338,14995
47,0,marriage,-.0015590132430954,-.0311428667557338,14995
47,0,ln_income,.0004212087717399,-.0311428667557338,14995
47,0,health,.0002465514746269,-.0311428667557338,14995
47,0,sportsArea,.0097544582886029,-.0311428667557338,14995
47,0,year14,.0047510698393435,-.0311428667557338,14995
47,0,rice10,-.0502844245404932,-.0311428667557338,14995
47,0,ln_gdp_hist,.0061949861861507,-.0311428667557338,14995
47,0,urban2000_10,.0002553879529127,-.0311428667557338,14995
47,0,diff,-.0311428667557338,-.0311428667557338,14995
47,0,expl,-.0319608492136897,-.0311428667557338,14995
47,0,pr_0,.1398953301127214,-.0311428667557338,14995
47,0,pr_1,.1710381968684552,-.0311428667557338,14995
48,0,edu,.0039057379683701,.0178657329769849,20178
48,0,plants,.0122685951105635,.0178657329769849,20178
48,0,age,-.0018326247427301,.0178657329769849,20178
48,0,gender,-.0010806820003622,.0178657329769849,20178
48,0,marriage,-.0014971232451049,.0178657329769849,20178
48,0,ln_income,.0003271728607671,.0178657329769849,20178
48,0,health,-.000694905968674,.0178657329769849,20178
48,0,sportsArea,.0051785328043491,.0178657329769849,20178
48,0,year14,.0044868134561909,.0178657329769849,20178
48,0,rice10,-.0613900947446769,.0178657329769849,20178
48,0,ln_gdp_hist,.0882444016716226,.0178657329769849,20178
48,0,urban2000_10,-.0336261875992067,.0178657329769849,20178
48,0,diff,.0178657329769849,.0178657329769849,20178
48,0,expl,.0143823799140465,.0178657329769849,20178
48,0,pr_0,.1785669152028308,.0178657329769849,20178
48,0,pr_1,.1607011822258459,.0178657329769849,20178
49,0,edu,-.0046076293132432,-.0569583666177064,9670
49,0,plants,-.0027034531233606,-.0569583666177064,9670
49,0,age,-.0017175327690358,-.0569583666177064,9670
49,0,gender,.0003056735034137,-.0569583666177064,9670
49,0,marriage,-.0011992269902997,-.0569583666177064,9670
49,0,ln_income,.0011606991194046,-.0569583666177064,9670
49,0,health,-.0006013597859397,-.0569583666177064,9670
49,0,sportsArea,.0064311759282448,-.0569583666177064,9670
49,0,year14,-.0080487688522394,-.0569583666177064,9670
49,0,rice10,-.0312965113001676,-.0569583666177064,9670
49,0,ln_gdp_hist,.0010656517651494,-.0569583666177064,9670
49,0,urban2000_10,-.0134947835094708,-.0569583666177064,9670
49,0,diff,-.0569583666177064,-.0569583666177064,9670
49,0,expl,-.0545352439099504,-.0569583666177064,9670
49,0,pr_0,.1167770419426049,-.0569583666177064,9670
49,0,pr_1,.1737354085603113,-.0569583666177064,9670
50,0,edu,-.0165726462762509,-.083726459733449,17310
50,0,plants,.0269276205188715,-.083726459733449,17310
50,0,age,.0008686244914186,-.083726459733449,17310
50,0,gender,.001028671197432,-.083726459733449,17310
50,0,marriage,-.0003535125263171,-.083726459733449,17310
50,0,ln_income,.0001397143032138,-.083726459733449,17310
50,0,health,-.0009089496007768,-.083726459733449,17310
50,0,sportsArea,.0045712354942788,-.083726459733449,17310
50,0,year14,-.0086115677124377,-.083726459733449,17310
50,0,rice10,-.0559984470771715,-.083726459733449,17310
50,0,ln_gdp_hist,-.0241254632814529,-.083726459733449,17310
50,0,urban2000_10,-.0067685245478302,-.083726459733449,17310
50,0,diff,-.083726459733449,-.083726459733449,17310
50,0,expl,-.0799089264609121,-.083726459733449,17310
50,0,pr_0,.1328553353015605,-.083726459733449,17310
50,0,pr_1,.2165817950350095,-.083726459733449,17310
51,0,edu,-.0153241387856737,-.1002973882656225,13183
51,0,plants,.0828359216276951,-.1002973882656225,13183
51,0,age,.0005346745083356,-.1002973882656225,13183
51,0,gender,.0015050780773209,-.1002973882656225,13183
51,0,marriage,.0002213356113633,-.1002973882656225,13183
51,0,ln_income,.000152681692291,-.1002973882656225,13183
51,0,health,-.001240221691016,-.1002973882656225,13183
51,0,sportsArea,.0061131268476738,-.1002973882656225,13183
51,0,year14,-.015912855078882,-.1002973882656225,13183
51,0,rice10,-.1124971303423443,-.1002973882656225,13183
51,0,ln_gdp_hist,.0032245887988889,-.1002973882656225,13183
51,0,urban2000_10,-.0531477328796989,-.1002973882656225,13183
51,0,diff,-.1002973882656225,-.1002973882656225,13183
51,0,expl,-.1035770182884533,-.1002973882656225,13183
51,0,pr_0,.1499511559752524,-.1002973882656225,13183
51,0,pr_1,.2502485442408749,-.1002973882656225,13183
52,0,edu,-.0079796705854042,-.0727172773265493,12718
52,0,plants,.0107529834626683,-.0727172773265493,12718
52,0,age,.0002992645710096,-.0727172773265493,12718
52,0,gender,.0002029789683426,-.0727172773265493,12718
52,0,marriage,-.0005363012994813,-.0727172773265493,12718
52,0,ln_income,.0002262190218796,-.0727172773265493,12718
52,0,health,-.0006811583513584,-.0727172773265493,12718
52,0,sportsArea,.0032721836317994,-.0727172773265493,12718
52,0,year14,-.0059066887489667,-.0727172773265493,12718
52,0,rice10,-.0575205376701736,-.0727172773265493,12718
52,0,ln_gdp_hist,-.009466488755226,-.0727172773265493,12718
52,0,urban2000_10,.0004798959274991,-.0727172773265493,12718
52,0,diff,-.0727172773265493,-.0727172773265493,12718
52,0,expl,-.0669147544448321,-.0727172773265493,12718
52,0,pr_0,.1245774987928537,-.0727172773265493,12718
52,0,pr_1,.197294776119403,-.0727172773265493,12718
53,0,edu,-.0178737474839499,-.1304356252692881,12358
53,0,plants,-.0409696933348022,-.1304356252692881,12358
53,0,age,-.0023311781128709,-.1304356252692881,12358
53,0,gender,.0005760304283895,-.1304356252692881,12358
53,0,marriage,.0005144434264646,-.1304356252692881,12358
53,0,ln_income,-.0001638641848056,-.1304356252692881,12358
53,0,health,-.0015305358551624,-.1304356252692881,12358
53,0,sportsArea,.0032593001313292,-.1304356252692881,12358
53,0,year14,-.0108279144137391,-.1304356252692881,12358
53,0,rice10,-.0422919208963591,-.1304356252692881,12358
53,0,ln_gdp_hist,-.0050397139884427,-.1304356252692881,12358
53,0,urban2000_10,-.0032513034554645,-.1304356252692881,12358
53,0,diff,-.1304356252692881,-.1304356252692881,12358
53,0,expl,-.1197719981077389,-.1304356252692881,12358
53,0,pr_0,.12173017507724,-.1304356252692881,12358
53,0,pr_1,.2521658003465281,-.1304356252692881,12358
54,0,edu,.0012341430510375,-.0110222140442765,18612
54,0,plants,-.0054179313365861,-.0110222140442765,18612
54,0,age,-.0017655557100736,-.0110222140442765,18612
54,0,gender,-.0004920835054373,-.0110222140442765,18612
54,0,marriage,-.0015092790277587,-.0110222140442765,18612
54,0,ln_income,.0002651893659438,-.0110222140442765,18612
54,0,health,.0003754964972073,-.0110222140442765,18612
54,0,sportsArea,.0088484601505359,-.0110222140442765,18612
54,0,year14,.0022004812312094,-.0110222140442765,18612
54,0,rice10,-.0290546055554643,-.0110222140442765,18612
54,0,ln_gdp_hist,-.0166305608475033,-.0110222140442765,18612
54,0,urban2000_10,.028703596318593,-.0110222140442765,18612
54,0,diff,-.0110222140442765,-.0110222140442765,18612
54,0,expl,-.0133416302159949,-.0110222140442765,18612
54,0,pr_0,.1534027519523987,-.0110222140442765,18612
54,0,pr_1,.1644249659966752,-.0110222140442765,18612
55,0,edu,-.0090098137837811,-.0660759284690711,12655
55,0,plants,-.0108674237279613,-.0660759284690711,12655
55,0,age,.0018851911395162,-.0660759284690711,12655
55,0,gender,.0010204006379764,-.0660759284690711,12655
55,0,marriage,.0014754915622201,-.0660759284690711,12655
55,0,ln_income,-.000466936017757,-.0660759284690711,12655
55,0,health,-.0011506366720199,-.0660759284690711,12655
55,0,sportsArea,.0034775828432127,-.0660759284690711,12655
55,0,year14,-.0128086704398548,-.0660759284690711,12655
55,0,rice10,-.0397559006727179,-.0660759284690711,12655
55,0,ln_gdp_hist,.0016579716398681,-.0660759284690711,12655
55,0,urban2000_10,.0052189563475599,-.0660759284690711,12655
55,0,diff,-.0660759284690711,-.0660759284690711,12655
55,0,expl,-.059360721791706,-.0660759284690711,12655
55,0,pr_0,.1762254084694898,-.0660759284690711,12655
55,0,pr_1,.2423013369385609,-.0660759284690711,12655
56,0,edu,-.0157627158066396,-.0990646709092333,19217
56,0,plants,-.0199230739758385,-.0990646709092333,19217
56,0,age,.0003125571058996,-.0990646709092333,19217
56,0,gender,.0010716863874166,-.0990646709092333,19217
56,0,marriage,-.0007348187538456,-.0990646709092333,19217
56,0,ln_income,-.0001611608743442,-.0990646709092333,19217
56,0,health,-.0002300469295984,-.0990646709092333,19217
56,0,sportsArea,.0078373453453536,-.0990646709092333,19217
56,0,year14,-.0046122085782758,-.0990646709092333,19217
56,0,rice10,-.0419502677481781,-.0990646709092333,19217
56,0,ln_gdp_hist,-.0104251037470498,-.0990646709092333,19217
56,0,urban2000_10,-.013245196720512,-.0990646709092333,19217
56,0,diff,-.0990646709092333,-.0990646709092333,19217
56,0,expl,-.0977526708418477,-.0990646709092333,19217
56,0,pr_0,.1263749694451234,-.0990646709092333,19217
56,0,pr_1,.2254396403543567,-.0990646709092333,19217
57,0,edu,-.0038648307945041,-.0336647770222758,14648
57,0,plants,.0251480140881971,-.0336647770222758,14648
57,0,age,-.0005529811169655,-.0336647770222758,14648
57,0,gender,.000455836662456,-.0336647770222758,14648
57,0,marriage,-.0006100187531864,-.0336647770222758,14648
57,0,ln_income,.0004324557237884,-.0336647770222758,14648
57,0,health,-.000312507469311,-.0336647770222758,14648
57,0,sportsArea,.0042238554398993,-.0336647770222758,14648
57,0,year14,-.0070646950121564,-.0336647770222758,14648
57,0,rice10,-.0425825788025992,-.0336647770222758,14648
57,0,ln_gdp_hist,.0144989068775241,-.0336647770222758,14648
57,0,urban2000_10,-.012934576483759,-.0336647770222758,14648
57,0,diff,-.0336647770222758,-.0336647770222758,14648
57,0,expl,-.023296063344813,-.0336647770222758,14648
57,0,pr_0,.164118246687054,-.0336647770222758,14648
57,0,pr_1,.1977830237093298,-.0336647770222758,14648
58,0,edu,-.0063292017096044,-.0585160581167669,14701
58,0,plants,-.0210311719497573,-.0585160581167669,14701
58,0,age,-.0023211578787553,-.0585160581167669,14701
58,0,gender,-.000057193998542,-.0585160581167669,14701
58,0,marriage,-.0004463466927865,-.0585160581167669,14701
58,0,ln_income,.0002823991009049,-.0585160581167669,14701
58,0,health,-.000174461623099,-.0585160581167669,14701
58,0,sportsArea,.0095890151771882,-.0585160581167669,14701
58,0,year14,-.002422107003711,-.0585160581167669,14701
58,0,rice10,-.0570016278805656,-.0585160581167669,14701
58,0,ln_gdp_hist,.0447817815817574,-.0585160581167669,14701
58,0,urban2000_10,-.0163581232617182,-.0585160581167669,14701
58,0,diff,-.0585160581167669,-.0585160581167669,14701
58,0,expl,-.0515482657180224,-.0585160581167669,14701
58,0,pr_0,.1494673768308921,-.0585160581167669,14701
58,0,pr_1,.207983434947659,-.0585160581167669,14701
59,0,edu,-.001478960348468,-.0179496321845596,22089
59,0,plants,-.0063715553598607,-.0179496321845596,22089
59,0,age,-.0000519811278891,-.0179496321845596,22089
59,0,gender,.0001153375461072,-.0179496321845596,22089
59,0,marriage,-.0001101850116514,-.0179496321845596,22089
59,0,ln_income,-.0000231697910554,-.0179496321845596,22089
59,0,health,-.0000697303799804,-.0179496321845596,22089
59,0,sportsArea,.0079062877532283,-.0179496321845596,22089
59,0,year14,.0005913276068067,-.0179496321845596,22089
59,0,rice10,-.0549416199843393,-.0179496321845596,22089
59,0,ln_gdp_hist,.065045681250685,-.0179496321845596,22089
59,0,urban2000_10,-.0286624764903838,-.0179496321845596,22089
59,0,diff,-.0179496321845596,-.0179496321845596,22089
59,0,expl,-.0179483791443814,-.0179496321845596,22089
59,0,pr_0,.1658536585365854,-.0179496321845596,22089
59,0,pr_1,.183803290721145,-.0179496321845596,22089
60,0,edu,-.006093394333069,-.0412838433243764,22685
60,0,plants,-.0050506131357186,-.0412838433243764,22685
60,0,age,.0025128707415092,-.0412838433243764,22685
60,0,gender,.0003094700776884,-.0412838433243764,22685
60,0,marriage,.0001847478014551,-.0412838433243764,22685
60,0,ln_income,-.0000562919170008,-.0412838433243764,22685
60,0,health,-.000695563968327,-.0412838433243764,22685
60,0,sportsArea,.0062781209962946,-.0412838433243764,22685
60,0,year14,-.0055469922412837,-.0412838433243764,22685
60,0,rice10,-.0427939583288272,-.0412838433243764,22685
60,0,ln_gdp_hist,.0510862208333698,-.0412838433243764,22685
60,0,urban2000_10,-.0405026782867288,-.0412838433243764,22685
60,0,diff,-.0412838433243764,-.0412838433243764,22685
60,0,expl,-.0406847349652643,-.0412838433243764,22685
60,0,pr_0,.16688654353562,-.0412838433243764,22685
60,0,pr_1,.2081703868599964,-.0412838433243764,22685
61,0,edu,-.005833816866362,-.0586910462961596,23088
61,0,plants,.0009773907313381,-.0586910462961596,23088
61,0,age,.000626688799432,-.0586910462961596,23088
61,0,gender,.0003667173515153,-.0586910462961596,23088
61,0,marriage,-.0001937211061287,-.0586910462961596,23088
61,0,ln_income,.0001202858760063,-.0586910462961596,23088
61,0,health,-.0001912535506738,-.0586910462961596,23088
61,0,sportsArea,.0065044630682384,-.0586910462961596,23088
61,0,year14,-.0041411647750641,-.0586910462961596,23088
61,0,rice10,-.0511055560555954,-.0586910462961596,23088
61,0,ln_gdp_hist,.0434480082661474,-.0586910462961596,23088
61,0,urban2000_10,-.042968504721958,-.0586910462961596,23088
61,0,diff,-.0586910462961596,-.0586910462961596,23088
61,0,expl,-.0525684268084133,-.0586910462961596,23088
61,0,pr_0,.1495108464483199,-.0586910462961596,23088
61,0,pr_1,.2082018927444795,-.0586910462961596,23088
62,0,edu,-.0185629308017766,-.1270606360970708,8265
62,0,plants,-.0283860300895951,-.1270606360970708,8265
62,0,age,.0037291109616295,-.1270606360970708,8265
62,0,gender,.0015034625168324,-.1270606360970708,8265
62,0,marriage,-6.71004896218e-06,-.1270606360970708,8265
62,0,ln_income,-.0009499799147795,-.1270606360970708,8265
62,0,health,-.0029307671102756,-.1270606360970708,8265
62,0,sportsArea,-.0073099350528943,-.1270606360970708,8265
62,0,year14,-.0288091501238675,-.1270606360970708,8265
62,0,rice10,-.0249590539061423,-.1270606360970708,8265
62,0,ln_gdp_hist,-.0164917154654394,-.1270606360970708,8265
62,0,urban2000_10,-.0031510884613541,-.1270606360970708,8265
62,0,diff,-.1270606360970708,-.1270606360970708,8265
62,0,expl,-.1262072932865477,-.1270606360970708,8265
62,0,pr_0,.1261843238587425,-.1270606360970708,8265
62,0,pr_1,.2532449599558133,-.1270606360970708,8265
63,0,edu,-.0130680445089793,-.069590502800196,11440
63,0,plants,-.0489823859718261,-.069590502800196,11440
63,0,age,.0041437826977871,-.069590502800196,11440
63,0,gender,.0015497438093479,-.069590502800196,11440
63,0,marriage,.0015736716662085,-.069590502800196,11440
63,0,ln_income,-.0014203312393721,-.069590502800196,11440
63,0,health,-.0022708170932896,-.069590502800196,11440
63,0,sportsArea,.0022299332870999,-.069590502800196,11440
63,0,year14,-.0084710810764502,-.069590502800196,11440
63,0,rice10,-.0196140755220565,-.069590502800196,11440
63,0,ln_gdp_hist,.0012421147415396,-.069590502800196,11440
63,0,urban2000_10,.0196786989779738,-.069590502800196,11440
63,0,diff,-.069590502800196,-.069590502800196,11440
63,0,expl,-.0633634286270398,-.069590502800196,11440
63,0,pr_0,.1778835259460684,-.069590502800196,11440
63,0,pr_1,.2474740287462644,-.069590502800196,11440
64,0,edu,-.0154655107674761,-.0954733791531909,15210
64,0,plants,.0139482369435516,-.0954733791531909,15210
64,0,age,.0015610294037339,-.0954733791531909,15210
64,0,gender,.0004536474074167,-.0954733791531909,15210
64,0,marriage,-.0003270626025659,-.0954733791531909,15210
64,0,ln_income,.000150389239748,-.0954733791531909,15210
64,0,health,-.0005813924237515,-.0954733791531909,15210
64,0,sportsArea,.0016486538262542,-.0954733791531909,15210
64,0,year14,-.0139962384497748,-.0954733791531909,15210
64,0,rice10,-.086977356715953,-.0954733791531909,15210
64,0,ln_gdp_hist,.0093853227556735,-.0954733791531909,15210
64,0,urban2000_10,.0002579307650749,-.0954733791531909,15210
64,0,diff,-.0954733791531909,-.0954733791531909,15210
64,0,expl,-.0899443628088857,-.0954733791531909,15210
64,0,pr_0,.1515088013411567,-.0954733791531909,15210
64,0,pr_1,.2469821804943476,-.0954733791531909,15210
65,0,edu,-.0126539003445271,-.0901014763263511,16442
65,0,plants,-.0166032586459192,-.0901014763263511,16442
65,0,age,.0019299080904936,-.0901014763263511,16442
65,0,gender,.0006049516635893,-.0901014763263511,16442
65,0,marriage,-.0003358799640533,-.0901014763263511,16442
65,0,ln_income,.0002176550508514,-.0901014763263511,16442
65,0,health,-.0013346534657294,-.0901014763263511,16442
65,0,sportsArea,.0053180788169457,-.0901014763263511,16442
65,0,year14,-.0045863208988285,-.0901014763263511,16442
65,0,rice10,-.0488787212484738,-.0901014763263511,16442
65,0,ln_gdp_hist,-.0114320850529249,-.0901014763263511,16442
65,0,urban2000_10,-.0017441780554596,-.0901014763263511,16442
65,0,diff,-.0901014763263511,-.0901014763263511,16442
65,0,expl,-.0896999367635779,-.0901014763263511,16442
65,0,pr_0,.1278040749125335,-.0901014763263511,16442
65,0,pr_1,.2179055512388846,-.0901014763263511,16442
66,0,edu,-.0115400974006208,-.067084598558659,21690
66,0,plants,.0135352478655505,-.067084598558659,21690
66,0,age,-.0011975448328308,-.067084598558659,21690
66,0,gender,.0002181343828066,-.067084598558659,21690
66,0,marriage,-.0003411217282015,-.067084598558659,21690
66,0,ln_income,.0002442125295549,-.067084598558659,21690
66,0,health,-.0002621920191933,-.067084598558659,21690
66,0,sportsArea,.0058363239714528,-.067084598558659,21690
66,0,year14,-.0051934029281243,-.067084598558659,21690
66,0,rice10,-.0442195576246424,-.067084598558659,21690
66,0,ln_gdp_hist,.0017273305606403,-.067084598558659,21690
66,0,urban2000_10,-.0217466911717842,-.067084598558659,21690
66,0,diff,-.067084598558659,-.067084598558659,21690
66,0,expl,-.0630628285600778,-.067084598558659,21690
66,0,pr_0,.1543064369900272,-.067084598558659,21690
66,0,pr_1,.2213910355486862,-.067084598558659,21690
67,0,edu,-.0149503152176413,-.1164045481123464,21178
67,0,plants,-.0387656069584652,-.1164045481123464,21178
67,0,age,.000339969882619,-.1164045481123464,21178
67,0,gender,.0011845164337826,-.1164045481123464,21178
67,0,marriage,-.0000790152966894,-.1164045481123464,21178
67,0,ln_income,-.0003351215409702,-.1164045481123464,21178
67,0,health,-.0005167677653738,-.1164045481123464,21178
67,0,sportsArea,.005937655657374,-.1164045481123464,21178
67,0,year14,-.0076318584897551,-.1164045481123464,21178
67,0,rice10,-.0472077274530022,-.1164045481123464,21178
67,0,ln_gdp_hist,-.0045503656865739,-.1164045481123464,21178
67,0,urban2000_10,-.0084277754326404,-.1164045481123464,21178
67,0,diff,-.1164045481123464,-.1164045481123464,21178
67,0,expl,-.1149474815940566,-.1164045481123464,21178
67,0,pr_0,.1346020761245675,-.1164045481123464,21178
67,0,pr_1,.2510066242369139,-.1164045481123464,21178
68,0,edu,-.009947032353413,-.0478735454528234,14479
68,0,plants,-.0107301139394585,-.0478735454528234,14479
68,0,age,.0024826717433791,-.0478735454528234,14479
68,0,gender,.0002433952623813,-.0478735454528234,14479
68,0,marriage,-.0006083741407014,-.0478735454528234,14479
68,0,ln_income,.0003068405282335,-.0478735454528234,14479
68,0,health,-.0006679665965433,-.0478735454528234,14479
68,0,sportsArea,.0030317243343729,-.0478735454528234,14479
68,0,year14,-.0076874010591397,-.0478735454528234,14479
68,0,rice10,-.0322994711410649,-.0478735454528234,14479
68,0,ln_gdp_hist,.0333938002232293,-.0478735454528234,14479
68,0,urban2000_10,-.0212448737871583,-.0478735454528234,14479
68,0,diff,-.0478735454528234,-.0478735454528234,14479
68,0,expl,-.0436517386566879,-.0478735454528234,14479
68,0,pr_0,.1656595123984163,-.0478735454528234,14479
68,0,pr_1,.2135330578512397,-.0478735454528234,14479
69,0,edu,-.0049413023939915,-.0442273860200351,15077
69,0,plants,-.018583869342356,-.0442273860200351,15077
69,0,age,.0017019576452907,-.0442273860200351,15077
69,0,gender,-.0004127692797878,-.0442273860200351,15077
69,0,marriage,.0001761688983928,-.0442273860200351,15077
69,0,ln_income,.000014831730367,-.0442273860200351,15077
69,0,health,-.0018601280112542,-.0442273860200351,15077
69,0,sportsArea,.0049162366178646,-.0442273860200351,15077
69,0,year14,-.0001854681828469,-.0442273860200351,15077
69,0,rice10,-.04372849183709,-.0442273860200351,15077
69,0,ln_gdp_hist,.0220496852830151,-.0442273860200351,15077
69,0,urban2000_10,.000254275853612,-.0442273860200351,15077
69,0,diff,-.0442273860200351,-.0442273860200351,15077
69,0,expl,-.0406852574585504,-.0442273860200351,15077
69,0,pr_0,.1538915094339623,-.0442273860200351,15077
69,0,pr_1,.1981188954539974,-.0442273860200351,15077
70,0,edu,-.0075040068044212,-.0691177876378483,14641
70,0,plants,-.0509844675373552,-.0691177876378483,14641
70,0,age,-.0021988587011747,-.0691177876378483,14641
70,0,gender,.0004140415165119,-.0691177876378483,14641
70,0,marriage,.0007976866815279,-.0691177876378483,14641
70,0,ln_income,-.0000424873572262,-.0691177876378483,14641
70,0,health,-.0012684397302919,-.0691177876378483,14641
70,0,sportsArea,.0067335900050396,-.0691177876378483,14641
70,0,year14,-.0050794996701257,-.0691177876378483,14641
70,0,rice10,-.0300984167396073,-.0691177876378483,14641
70,0,ln_gdp_hist,-.0224924415364891,-.0691177876378483,14641
70,0,urban2000_10,.0457734281918925,-.0691177876378483,14641
70,0,diff,-.0691177876378483,-.0691177876378483,14641
70,0,expl,-.0659253049141771,-.0691177876378483,14641
70,0,pr_0,.1689029202841358,-.0691177876378483,14641
70,0,pr_1,.2380207079219841,-.0691177876378483,14641
71,0,edu,-.010796190432135,-.0812839844725104,7362
71,0,plants,.008774144548687,-.0812839844725104,7362
71,0,age,.000457708221308,-.0812839844725104,7362
71,0,gender,.0002626249397161,-.0812839844725104,7362
71,0,marriage,.0000586751154382,-.0812839844725104,7362
71,0,ln_income,.0027634428121201,-.0812839844725104,7362
71,0,health,-.0005691528970315,-.0812839844725104,7362
71,0,sportsArea,-.0018249324217275,-.0812839844725104,7362
71,0,year14,-.0143995098795171,-.0812839844725104,7362
71,0,rice10,-.0507592735043416,-.0812839844725104,7362
71,0,ln_gdp_hist,.0062595674806629,-.0812839844725104,7362
71,0,urban2000_10,-.0253063706154014,-.0812839844725104,7362
71,0,diff,-.0812839844725104,-.0812839844725104,7362
71,0,expl,-.0847953195810251,-.0812839844725104,7362
71,0,pr_0,.129467680608365,-.0812839844725104,7362
71,0,pr_1,.2107516650808754,-.0812839844725104,7362
72,0,edu,-.0031397082351331,-.0054884051880547,11829
72,0,plants,.0298256516106537,-.0054884051880547,11829
72,0,age,.0014091883224428,-.0054884051880547,11829
72,0,gender,-.0002016078648352,-.0054884051880547,11829
72,0,marriage,7.14765543288e-07,-.0054884051880547,11829
72,0,ln_income,.000063765767485,-.0054884051880547,11829
72,0,health,-.0016775363493653,-.0054884051880547,11829
72,0,sportsArea,.0021447080107347,-.0054884051880547,11829
72,0,year14,.0010455260551665,-.0054884051880547,11829
72,0,rice10,-.046024848160094,-.0054884051880547,11829
72,0,ln_gdp_hist,.0395376324532293,-.0054884051880547,11829
72,0,urban2000_10,-.0281148839161976,-.0054884051880547,11829
72,0,diff,-.0054884051880547,-.0054884051880547,11829
72,0,expl,-.0051306718035859,-.0054884051880547,11829
72,0,pr_0,.1812163839470418,-.0054884051880547,11829
72,0,pr_1,.1867047891350965,-.0054884051880547,11829
73,0,edu,-.0072867289974501,-.0523933278057061,8907
73,0,plants,.0158146988175167,-.0523933278057061,8907
73,0,age,.0028691482176802,-.0523933278057061,8907
73,0,gender,.0004542808088896,-.0523933278057061,8907
73,0,marriage,.001914734534699,-.0523933278057061,8907
73,0,ln_income,.000256284933921,-.0523933278057061,8907
73,0,health,-.0032039510711298,-.0523933278057061,8907
73,0,sportsArea,.0032776865448637,-.0523933278057061,8907
73,0,year14,-.008718189557783,-.0523933278057061,8907
73,0,rice10,-.0708320732089483,-.0523933278057061,8907
73,0,ln_gdp_hist,.0048975510649136,-.0523933278057061,8907
73,0,urban2000_10,.0014510052052492,-.0523933278057061,8907
73,0,diff,-.0523933278057061,-.0523933278057061,8907
73,0,expl,-.0592406690370841,-.0523933278057061,8907
73,0,pr_0,.1730600805745315,-.0523933278057061,8907
73,0,pr_1,.2254534083802376,-.0523933278057061,8907
74,0,edu,-.00868263844165,-.0619666704415774,11453
74,0,plants,-.0098372539185564,-.0619666704415774,11453
74,0,age,.0034443904233637,-.0619666704415774,11453
74,0,gender,.0019473359720269,-.0619666704415774,11453
74,0,marriage,.0018097479413015,-.0619666704415774,11453
74,0,ln_income,-.0004727546541191,-.0619666704415774,11453
74,0,health,-.0052280029744034,-.0619666704415774,11453
74,0,sportsArea,.0010342628848344,-.0619666704415774,11453
74,0,year14,-.0195688383051992,-.0619666704415774,11453
74,0,rice10,-.0235343536162375,-.0619666704415774,11453
74,0,ln_gdp_hist,-.0014887641954399,-.0619666704415774,11453
74,0,urban2000_10,.0018855839636496,-.0619666704415774,11453
74,0,diff,-.0619666704415774,-.0619666704415774,11453
74,0,expl,-.0589061193398822,-.0619666704415774,11453
74,0,pr_0,.1683870967741936,-.0619666704415774,11453
74,0,pr_1,.230353767215771,-.0619666704415774,11453
75,0,edu,-.0077461480959215,-.052102327299942,13518
75,0,plants,.0025742074583933,-.052102327299942,13518
75,0,age,.0009726246948307,-.052102327299942,13518
75,0,gender,.0012445098940386,-.052102327299942,13518
75,0,marriage,.002218933084965,-.052102327299942,13518
75,0,ln_income,-.0000666791852277,-.052102327299942,13518
75,0,health,-.0021594364571172,-.052102327299942,13518
75,0,sportsArea,.0053709424250122,-.052102327299942,13518
75,0,year14,-.0103775936223372,-.052102327299942,13518
75,0,rice10,-.0351169145390745,-.052102327299942,13518
75,0,ln_gdp_hist,.0040048439663233,-.052102327299942,13518
75,0,urban2000_10,-.0063390486763209,-.052102327299942,13518
75,0,diff,-.052102327299942,-.052102327299942,13518
75,0,expl,-.0454292294170759,-.052102327299942,13518
75,0,pr_0,.1773269320117702,-.052102327299942,13518
75,0,pr_1,.2294292593117122,-.052102327299942,13518
76,0,edu,-.0065900756971952,-.0562577003547861,8976
76,0,plants,-.0031113983809705,-.0562577003547861,8976
76,0,age,.0020953257591085,-.0562577003547861,8976
76,0,gender,.0008905391676963,-.0562577003547861,8976
76,0,marriage,.001183268342643,-.0562577003547861,8976
76,0,ln_income,-.0006183489933873,-.0562577003547861,8976
76,0,health,-.0016929677265925,-.0562577003547861,8976
76,0,sportsArea,.0010720659608037,-.0562577003547861,8976
76,0,year14,-.0133408468948656,-.0562577003547861,8976
76,0,rice10,-.0340728876728747,-.0562577003547861,8976
76,0,ln_gdp_hist,.0008247443582516,-.0562577003547861,8976
76,0,urban2000_10,-.0016530622233232,-.0562577003547861,8976
76,0,diff,-.0562577003547861,-.0562577003547861,8976
76,0,expl,-.054980951958544,-.0562577003547861,8976
76,0,pr_0,.1617312072892939,-.0562577003547861,8976
76,0,pr_1,.21798890764408,-.0562577003547861,8976
77,0,edu,-.0099878724936548,-.0562117181699195,12608
77,0,plants,-.0011440295121267,-.0562117181699195,12608
77,0,age,-.0024057680218616,-.0562117181699195,12608
77,0,gender,-.0000912158654928,-.0562117181699195,12608
77,0,marriage,.0002054862000595,-.0562117181699195,12608
77,0,ln_income,-.0001931494137486,-.0562117181699195,12608
77,0,health,-.0002426981184536,-.0562117181699195,12608
77,0,sportsArea,.0064516157039508,-.0562117181699195,12608
77,0,year14,-.0027253397738122,-.0562117181699195,12608
77,0,rice10,-.0311989325735635,-.0562117181699195,12608
77,0,ln_gdp_hist,-.0037555236757354,-.0562117181699195,12608
77,0,urban2000_10,.0016219991245846,-.0562117181699195,12608
77,0,diff,-.0562117181699195,-.0562117181699195,12608
77,0,expl,-.0435040313853346,-.0562117181699195,12608
77,0,pr_0,.1282367447595561,-.0562117181699195,12608
77,0,pr_1,.1844484629294756,-.0562117181699195,12608
78,0,edu,-.0156465181076333,-.0673786087441653,14231
78,0,plants,-.0052970920419343,-.0673786087441653,14231
78,0,age,.0014555791901143,-.0673786087441653,14231
78,0,gender,.0006778431859104,-.0673786087441653,14231
78,0,marriage,-.0008516422660627,-.0673786087441653,14231
78,0,ln_income,.000326120318894,-.0673786087441653,14231
78,0,health,-.0004985851449872,-.0673786087441653,14231
78,0,sportsArea,.0013663204504741,-.0673786087441653,14231
78,0,year14,-.014019562168579,-.0673786087441653,14231
78,0,rice10,-.0153918143788773,-.0673786087441653,14231
78,0,ln_gdp_hist,-.0101367816955053,-.0673786087441653,14231
78,0,urban2000_10,-.0026068261562492,-.0673786087441653,14231
78,0,diff,-.0673786087441653,-.0673786087441653,14231
78,0,expl,-.0604590283049358,-.0673786087441653,14231
78,0,pr_0,.1383510985425277,-.0673786087441653,14231
78,0,pr_1,.205729707286693,-.0673786087441653,14231
79,0,edu,.0019658184889107,-.0017588786937577,19778
79,0,plants,-.001614498601825,-.0017588786937577,19778
79,0,age,-.0013389568979286,-.0017588786937577,19778
79,0,gender,-.0005261723865079,-.0017588786937577,19778
79,0,marriage,-.0011898722351916,-.0017588786937577,19778
79,0,ln_income,.0000961549097573,-.0017588786937577,19778
79,0,health,-.000257514945156,-.0017588786937577,19778
79,0,sportsArea,.0086618331164457,-.0017588786937577,19778
79,0,year14,.0041982988751093,-.0017588786937577,19778
79,0,rice10,-.0577156446799123,-.0017588786937577,19778
79,0,ln_gdp_hist,.0468570318299499,-.0017588786937577,19778
79,0,urban2000_10,-.0042492215770681,-.0017588786937577,19778
79,0,diff,-.0017588786937577,-.0017588786937577,19778
79,0,expl,-.0052338029131519,-.0017588786937577,19778
79,0,pr_0,.1682888540031397,-.0017588786937577,19778
79,0,pr_1,.1700477326968974,-.0017588786937577,19778
80,0,edu,-.0064127448131033,-.0481063771233589,12031
80,0,plants,-.0365513918470468,-.0481063771233589,12031
80,0,age,.000434929816333,-.0481063771233589,12031
80,0,gender,.0007430272601345,-.0481063771233589,12031
80,0,marriage,-.0004018848204947,-.0481063771233589,12031
80,0,ln_income,-.0009080609081512,-.0481063771233589,12031
80,0,health,-.0015866857841319,-.0481063771233589,12031
80,0,sportsArea,.0058303138069006,-.0481063771233589,12031
80,0,year14,-.0036030879810516,-.0481063771233589,12031
80,0,rice10,-.0278367193150292,-.0481063771233589,12031
80,0,ln_gdp_hist,.0126891350587623,-.0481063771233589,12031
80,0,urban2000_10,.0073697430046129,-.0481063771233589,12031
80,0,diff,-.0481063771233589,-.0481063771233589,12031
80,0,expl,-.0503029602259006,-.0481063771233589,12031
80,0,pr_0,.1505280114551638,-.0481063771233589,12031
80,0,pr_1,.1986343885785227,-.0481063771233589,12031
81,0,edu,-.0163860703739737,-.0895692377196742,14684
81,0,plants,-.0246950299119843,-.0895692377196742,14684
81,0,age,.0010370913117898,-.0895692377196742,14684
81,0,gender,.0007441989324699,-.0895692377196742,14684
81,0,marriage,.0020266726089878,-.0895692377196742,14684
81,0,ln_income,-.000077570293509,-.0895692377196742,14684
81,0,health,-.0026390960862973,-.0895692377196742,14684
81,0,sportsArea,.0038878091000978,-.0895692377196742,14684
81,0,year14,-.0116746654656207,-.0895692377196742,14684
81,0,rice10,-.0273336501466132,-.0895692377196742,14684
81,0,ln_gdp_hist,-.0049652459390381,-.0895692377196742,14684
81,0,urban2000_10,-.0004027182314472,-.0895692377196742,14684
81,0,diff,-.0895692377196742,-.0895692377196742,14684
81,0,expl,-.080444668119117,-.0895692377196742,14684
81,0,pr_0,.1482475264128794,-.0895692377196742,14684
81,0,pr_1,.2378167641325536,-.0895692377196742,14684
82,0,edu,-.0094606807152206,-.0248482664593625,11500
82,0,plants,.0140036280845987,-.0248482664593625,11500
82,0,age,.0011507924360404,-.0248482664593625,11500
82,0,gender,.0001903720250151,-.0248482664593625,11500
82,0,marriage,-.0018052198618879,-.0248482664593625,11500
82,0,ln_income,.0003946100909872,-.0248482664593625,11500
82,0,health,-.0004946154143762,-.0248482664593625,11500
82,0,sportsArea,-.0056197994887939,-.0248482664593625,11500
82,0,year14,-.0194470572985554,-.0248482664593625,11500
82,0,rice10,-.0051791999199397,-.0248482664593625,11500
82,0,ln_gdp_hist,-.0023133236629985,-.0248482664593625,11500
82,0,urban2000_10,.0014003415101166,-.0248482664593625,11500
82,0,diff,-.0248482664593625,-.0248482664593625,11500
82,0,expl,-.0271940678354167,-.0248482664593625,11500
82,0,pr_0,.169792448112028,-.0248482664593625,11500
82,0,pr_1,.1946407145713905,-.0248482664593625,11500
83,0,edu,-.0056095021275035,-.0518708648563148,13438
83,0,plants,.0086638641832784,-.0518708648563148,13438
83,0,age,-.000174585555259,-.0518708648563148,13438
83,0,gender,.0001814340627327,-.0518708648563148,13438
83,0,marriage,-.000326600475561,-.0518708648563148,13438
83,0,ln_income,.0002977062250791,-.0518708648563148,13438
83,0,health,-.0013635010501149,-.0518708648563148,13438
83,0,sportsArea,.0061735578431472,-.0518708648563148,13438
83,0,year14,-.0007188535926542,-.0518708648563148,13438
83,0,rice10,-.0643421650216629,-.0518708648563148,13438
83,0,ln_gdp_hist,.0051717656913486,-.0518708648563148,13438
83,0,urban2000_10,.0014162274060697,-.0518708648563148,13438
83,0,diff,-.0518708648563148,-.0518708648563148,13438
83,0,expl,-.0505640373997031,-.0518708648563148,13438
83,0,pr_0,.1412599822537711,-.0518708648563148,13438
83,0,pr_1,.1931308471100859,-.0518708648563148,13438
84,0,edu,-.0151966832641137,-.0935198939020573,19747
84,0,plants,-.0171729724507244,-.0935198939020573,19747
84,0,age,-.0010685523656597,-.0935198939020573,19747
84,0,gender,.0005279421091259,-.0935198939020573,19747
84,0,marriage,.0000300222007167,-.0935198939020573,19747
84,0,ln_income,3.42103666474e-06,-.0935198939020573,19747
84,0,health,-.000744313958779,-.0935198939020573,19747
84,0,sportsArea,.0063868452058989,-.0935198939020573,19747
84,0,year14,-.0077391485986405,-.0935198939020573,19747
84,0,rice10,-.0325682922999349,-.0935198939020573,19747
84,0,ln_gdp_hist,-.0153169405152115,-.0935198939020573,19747
84,0,urban2000_10,-.0041617676070111,-.0935198939020573,19747
84,0,diff,-.0935198939020573,-.0935198939020573,19747
84,0,expl,-.0870497608897227,-.0935198939020573,19747
84,0,pr_0,.127009907422446,-.0935198939020573,19747
84,0,pr_1,.2205298013245033,-.0935198939020573,19747
85,0,edu,-.009775452812078,-.0460053552983886,12107
85,0,plants,-.0135656363098126,-.0460053552983886,12107
85,0,age,.0015748853455418,-.0460053552983886,12107
85,0,gender,.0002895283829295,-.0460053552983886,12107
85,0,marriage,3.73561499667e-06,-.0460053552983886,12107
85,0,ln_income,-.0001416602388219,-.0460053552983886,12107
85,0,health,-.0016654480738477,-.0460053552983886,12107
85,0,sportsArea,.0042598824904372,-.0460053552983886,12107
85,0,year14,-.0031415608441824,-.0460053552983886,12107
85,0,rice10,-.0418173190939053,-.0460053552983886,12107
85,0,ln_gdp_hist,.0165863404028294,-.0460053552983886,12107
85,0,urban2000_10,-.0005458239584258,-.0460053552983886,12107
85,0,diff,-.0460053552983886,-.0460053552983886,12107
85,0,expl,-.0478353050434892,-.0460053552983886,12107
85,0,pr_0,.1556575533825584,-.0460053552983886,12107
85,0,pr_1,.201662908680947,-.0460053552983886,12107
86,0,edu,-.010217546291946,-.0706568504550938,14657
86,0,plants,-.0589146523078216,-.0706568504550938,14657
86,0,age,.0027603216804539,-.0706568504550938,14657
86,0,gender,.0003398851461487,-.0706568504550938,14657
86,0,marriage,.0007025422217897,-.0706568504550938,14657
86,0,ln_income,-.000315451982286,-.0706568504550938,14657
86,0,health,-.001507297475055,-.0706568504550938,14657
86,0,sportsArea,.0057046475325672,-.0706568504550938,14657
86,0,year14,-.0081956664522301,-.0706568504550938,14657
86,0,rice10,-.0207206269274268,-.0706568504550938,14657
86,0,ln_gdp_hist,-.0232236311451063,-.0706568504550938,14657
86,0,urban2000_10,.0491662566624585,-.0706568504550938,14657
86,0,diff,-.0706568504550938,-.0706568504550938,14657
86,0,expl,-.0644596520293964,-.0706568504550938,14657
86,0,pr_0,.1761404779145547,-.0706568504550938,14657
86,0,pr_1,.2467973283696485,-.0706568504550938,14657
87,0,edu,-.0115491207631624,-.0745211688739268,14463
87,0,plants,-.0192104357895064,-.0745211688739268,14463
87,0,age,-4.20947325273e-06,-.0745211688739268,14463
87,0,gender,.0005531033521754,-.0745211688739268,14463
87,0,marriage,-.0005862115025006,-.0745211688739268,14463
87,0,ln_income,-.0002741122179335,-.0745211688739268,14463
87,0,health,-.0002863090793532,-.0745211688739268,14463
87,0,sportsArea,.0041000676318254,-.0745211688739268,14463
87,0,year14,-.0082546080857576,-.0745211688739268,14463
87,0,rice10,-.0295986594438187,-.0745211688739268,14463
87,0,ln_gdp_hist,-.0040343952388719,-.0745211688739268,14463
87,0,urban2000_10,-.0003671663909343,-.0745211688739268,14463
87,0,diff,-.0745211688739268,-.0745211688739268,14463
87,0,expl,-.0696306990573604,-.0745211688739268,14463
87,0,pr_0,.1395165528113505,-.0745211688739268,14463
87,0,pr_1,.2140377216852773,-.0745211688739268,14463
88,0,edu,-.0071597188755814,-.0659693060899538,14955
88,0,plants,-.0196438683112087,-.0659693060899538,14955
88,0,age,.0011066739466889,-.0659693060899538,14955
88,0,gender,-.0002807647659512,-.0659693060899538,14955
88,0,marriage,-.000546574053773,-.0659693060899538,14955
88,0,ln_income,.0003894593021017,-.0659693060899538,14955
88,0,health,-.0008563015544427,-.0659693060899538,14955
88,0,sportsArea,.0053325898877317,-.0659693060899538,14955
88,0,year14,-.0055472388914627,-.0659693060899538,14955
88,0,rice10,-.0522658767029587,-.0659693060899538,14955
88,0,ln_gdp_hist,.0263868119804753,-.0659693060899538,14955
88,0,urban2000_10,-.0087965870003478,-.0659693060899538,14955
88,0,diff,-.0659693060899538,-.0659693060899538,14955
88,0,expl,-.0620437855463924,-.0659693060899538,14955
88,0,pr_0,.1484360540440496,-.0659693060899538,14955
88,0,pr_1,.2144053601340034,-.0659693060899538,14955
89,0,edu,-.0098988036224221,-.101593748358998,13245
89,0,plants,-.0247308640241451,-.101593748358998,13245
89,0,age,.0028765453236807,-.101593748358998,13245
89,0,gender,.000229456044451,-.101593748358998,13245
89,0,marriage,-.0010605933805895,-.101593748358998,13245
89,0,ln_income,.0001502700900976,-.101593748358998,13245
89,0,health,-.0005822621541814,-.101593748358998,13245
89,0,sportsArea,.0030367725688421,-.101593748358998,13245
89,0,year14,-.01120457745266,-.101593748358998,13245
89,0,rice10,-.0799445400194861,-.101593748358998,13245
89,0,ln_gdp_hist,.0129621772385722,-.101593748358998,13245
89,0,urban2000_10,.0054048248529556,-.101593748358998,13245
89,0,diff,-.101593748358998,-.101593748358998,13245
89,0,expl,-.1026674839962258,-.101593748358998,13245
89,0,pr_0,.1519872178949471,-.101593748358998,13245
89,0,pr_1,.2535809662539451,-.101593748358998,13245
90,0,edu,-.0146099358753429,-.0864190325104694,14109
90,0,plants,-.0458531192017994,-.0864190325104694,14109
90,0,age,-.0000707369510261,-.0864190325104694,14109
90,0,gender,.0007609425484628,-.0864190325104694,14109
90,0,marriage,-.0010793670045077,-.0864190325104694,14109
90,0,ln_income,-.0004439217872736,-.0864190325104694,14109
90,0,health,-.0005603391350961,-.0864190325104694,14109
90,0,sportsArea,.006877360947402,-.0864190325104694,14109
90,0,year14,-.0042057491791281,-.0864190325104694,14109
90,0,rice10,-.0184021914181054,-.0864190325104694,14109
90,0,ln_gdp_hist,-.0082168296735372,-.0864190325104694,14109
90,0,urban2000_10,-.0010637154513493,-.0864190325104694,14109
90,0,diff,-.0864190325104694,-.0864190325104694,14109
90,0,expl,-.0871194211497227,-.0864190325104694,14109
90,0,pr_0,.1260709914320685,-.0864190325104694,14109
90,0,pr_1,.2124900239425379,-.0864190325104694,14109
91,0,edu,-.0189107637836096,-.1208752855762545,11381
91,0,plants,-.0052358482419848,-.1208752855762545,11381
91,0,age,.0043483290069287,-.1208752855762545,11381
91,0,gender,.0013600168787035,-.1208752855762545,11381
91,0,marriage,.0001385350818702,-.1208752855762545,11381
91,0,ln_income,-.0003475137882602,-.1208752855762545,11381
91,0,health,-.0011473083850133,-.1208752855762545,11381
91,0,sportsArea,-.0007319520833596,-.1208752855762545,11381
91,0,year14,-.0145316459381312,-.1208752855762545,11381
91,0,rice10,-.0647123868682552,-.1208752855762545,11381
91,0,ln_gdp_hist,-.0140682546789545,-.1208752855762545,11381
91,0,urban2000_10,-.0000622700920276,-.1208752855762545,11381
91,0,diff,-.1208752855762545,-.1208752855762545,11381
91,0,expl,-.1137569504361085,-.1208752855762545,11381
91,0,pr_0,.1198630136986301,-.1208752855762545,11381
91,0,pr_1,.2407382992748846,-.1208752855762545,11381
92,0,edu,-.0028359532006884,-.0200820362180056,10349
92,0,plants,-.0133927441987843,-.0200820362180056,10349
92,0,age,-.0008590109747982,-.0200820362180056,10349
92,0,gender,-.0001612277817727,-.0200820362180056,10349
92,0,marriage,-.0006981957405623,-.0200820362180056,10349
92,0,ln_income,-.0000512917583463,-.0200820362180056,10349
92,0,health,.0000138147413857,-.0200820362180056,10349
92,0,sportsArea,.0048644049187689,-.0200820362180056,10349
92,0,year14,-.0013011297095556,-.0200820362180056,10349
92,0,rice10,-.0267233765643912,-.0200820362180056,10349
92,0,ln_gdp_hist,.0038420005999856,-.0200820362180056,10349
92,0,urban2000_10,.0164632959020993,-.0200820362180056,10349
92,0,diff,-.0200820362180056,-.0200820362180056,10349
92,0,expl,-.0208470453746944,-.0200820362180056,10349
92,0,pr_0,.1622245540398741,-.0200820362180056,10349
92,0,pr_1,.1823065902578797,-.0200820362180056,10349
93,0,edu,-.0045965706750787,-.0069592693242101,13972
93,0,plants,.01546884449357,-.0069592693242101,13972
93,0,age,.0011219346400374,-.0069592693242101,13972
93,0,gender,.0002907744683001,-.0069592693242101,13972
93,0,marriage,.0002506957166079,-.0069592693242101,13972
93,0,ln_income,-.0001400515368788,-.0069592693242101,13972
93,0,health,-.0017269136671042,-.0069592693242101,13972
93,0,sportsArea,.0031787710745195,-.0069592693242101,13972
93,0,year14,-.0046325841464624,-.0069592693242101,13972
93,0,rice10,-.0308519532367289,-.0069592693242101,13972
93,0,ln_gdp_hist,.0002107693756243,-.0069592693242101,13972
93,0,urban2000_10,.0098529736927727,-.0069592693242101,13972
93,0,diff,-.0069592693242101,-.0069592693242101,13972
93,0,expl,-.0116041247010844,-.0069592693242101,13972
93,0,pr_0,.1714240903387704,-.0069592693242101,13972
93,0,pr_1,.1783833596629805,-.0069592693242101,13972
94,0,edu,-.0051779752552994,-.0488559889102843,17698
94,0,plants,-.0062863570212289,-.0488559889102843,17698
94,0,age,-.0011503330535625,-.0488559889102843,17698
94,0,gender,-.0000308645559078,-.0488559889102843,17698
94,0,marriage,-.001022923405407,-.0488559889102843,17698
94,0,ln_income,.0006530219847599,-.0488559889102843,17698
94,0,health,-.0000571753929231,-.0488559889102843,17698
94,0,sportsArea,.0059066366261271,-.0488559889102843,17698
94,0,year14,-.0059020119168246,-.0488559889102843,17698
94,0,rice10,-.0357288370951224,-.0488559889102843,17698
94,0,ln_gdp_hist,.0087693256788032,-.0488559889102843,17698
94,0,urban2000_10,-.0028779279749915,-.0488559889102843,17698
94,0,diff,-.0488559889102843,-.0488559889102843,17698
94,0,expl,-.0429537429996249,-.0488559889102843,17698
94,0,pr_0,.1474084640989063,-.0488559889102843,17698
94,0,pr_1,.1962644530091906,-.0488559889102843,17698
95,0,edu,-.0092959664639714,-.0568038217589788,13814
95,0,plants,-.012546357054909,-.0568038217589788,13814
95,0,age,.000090634023131,-.0568038217589788,13814
95,0,gender,-.0000468005937755,-.0568038217589788,13814
95,0,marriage,-.0010851765742926,-.0568038217589788,13814
95,0,ln_income,.000115179303608,-.0568038217589788,13814
95,0,health,.0000425601345582,-.0568038217589788,13814
95,0,sportsArea,.0035929779317156,-.0568038217589788,13814
95,0,year14,-.0100024400243007,-.0568038217589788,13814
95,0,rice10,-.0254681041280156,-.0568038217589788,13814
95,0,ln_gdp_hist,.0027535441546466,-.0568038217589788,13814
95,0,urban2000_10,.0012603129909313,-.0568038217589788,13814
95,0,diff,-.0568038217589788,-.0568038217589788,13814
95,0,expl,-.0504625966835192,-.0568038217589788,13814
95,0,pr_0,.1227477477477477,-.0568038217589788,13814
95,0,pr_1,.1795515695067265,-.0568038217589788,13814
96,0,edu,-.0055692942543153,-.0637928897661288,8170
96,0,plants,-.0169502951535742,-.0637928897661288,8170
96,0,age,.0019218721190444,-.0637928897661288,8170
96,0,gender,.0004663296866262,-.0637928897661288,8170
96,0,marriage,.001448251679892,-.0637928897661288,8170
96,0,ln_income,-.0011409993159577,-.0637928897661288,8170
96,0,health,-.0006607201663998,-.0637928897661288,8170
96,0,sportsArea,.0011746255555412,-.0637928897661288,8170
96,0,year14,-.0120544210162763,-.0637928897661288,8170
96,0,rice10,-.0181440013252386,-.0637928897661288,8170
96,0,ln_gdp_hist,.0057908284582192,-.0637928897661288,8170
96,0,urban2000_10,-.0155507609626221,-.0637928897661288,8170
96,0,diff,-.0637928897661288,-.0637928897661288,8170
96,0,expl,-.0593719158941854,-.0637928897661288,8170
96,0,pr_0,.1516577540106952,-.0637928897661288,8170
96,0,pr_1,.215450643776824,-.0637928897661288,8170
97,0,edu,-.0113519800258786,-.0643377827345158,13676
97,0,plants,-.070835524433475,-.0643377827345158,13676
97,0,age,.0020627532058369,-.0643377827345158,13676
97,0,gender,.0006657203523656,-.0643377827345158,13676
97,0,marriage,.0016303613880661,-.0643377827345158,13676
97,0,ln_income,-.0004885574821026,-.0643377827345158,13676
97,0,health,-.0018504492620929,-.0643377827345158,13676
97,0,sportsArea,.0053620351271098,-.0643377827345158,13676
97,0,year14,-.0074935513369087,-.0643377827345158,13676
97,0,rice10,.0054050910909026,-.0643377827345158,13676
97,0,ln_gdp_hist,-.0156383747318901,-.0643377827345158,13676
97,0,urban2000_10,.0412445939099193,-.0643377827345158,13676
97,0,diff,-.0643377827345158,-.0643377827345158,13676
97,0,expl,-.0512537285100946,-.0643377827345158,13676
97,0,pr_0,.1751857689709525,-.0643377827345158,13676
97,0,pr_1,.2395235517054683,-.0643377827345158,13676
98,0,edu,-.0053381662325475,-.0456700356445689,14956
98,0,plants,-.001430009061837,-.0456700356445689,14956
98,0,age,-.0014653242805124,-.0456700356445689,14956
98,0,gender,-.0000570588330334,-.0456700356445689,14956
98,0,marriage,-.0015002598648106,-.0456700356445689,14956
98,0,ln_income,.0003358202588361,-.0456700356445689,14956
98,0,health,-.0005022663134783,-.0456700356445689,14956
98,0,sportsArea,.006053896136099,-.0456700356445689,14956
98,0,year14,-.0017222511855482,-.0456700356445689,14956
98,0,rice10,-.037832086007672,-.0456700356445689,14956
98,0,ln_gdp_hist,.0002147725223446,-.0456700356445689,14956
98,0,urban2000_10,.0001712712016028,-.0456700356445689,14956
98,0,diff,-.0456700356445689,-.0456700356445689,14956
98,0,expl,-.0431015919769055,-.0456700356445689,14956
98,0,pr_0,.1214775323686215,-.0456700356445689,14956
98,0,pr_1,.1671475680131904,-.0456700356445689,14956
99,0,edu,.0016609129410766,.0042661174014214,21499
99,0,plants,.0128259483472537,.0042661174014214,21499
99,0,age,.0009993858575395,.0042661174014214,21499
99,0,gender,-.000013906960661,.0042661174014214,21499
99,0,marriage,.000558749359285,.0042661174014214,21499
99,0,ln_income,-.0000917649926312,.0042661174014214,21499
99,0,health,-.0012808728407818,.0042661174014214,21499
99,0,sportsArea,.0038955803529815,.0042661174014214,21499
99,0,year14,.002975579475494,.0042661174014214,21499
99,0,rice10,-.0258670297658457,.0042661174014214,21499
99,0,ln_gdp_hist,.0667137177354428,.0042661174014214,21499
99,0,urban2000_10,-.0500260195582387,.0042661174014214,21499
99,0,diff,.0042661174014214,.0042661174014214,21499
99,0,expl,.0122795829476047,.0042661174014214,21499
99,0,pr_0,.1892415798400775,.0042661174014214,21499
99,0,pr_1,.1849754624386561,.0042661174014214,21499
100,0,edu,-.0129823900064818,-.0765568181818182,10940
100,0,plants,-.0083807676615811,-.0765568181818182,10940
100,0,age,.0025274567639726,-.0765568181818182,10940
100,0,gender,.0009518667445541,-.0765568181818182,10940
100,0,marriage,.0001389468940203,-.0765568181818182,10940
100,0,ln_income,-.0000649125617457,-.0765568181818182,10940
100,0,health,-.0009911652156523,-.0765568181818182,10940
100,0,sportsArea,.0015796672914135,-.0765568181818182,10940
100,0,year14,-.0173430857781443,-.0765568181818182,10940
100,0,rice10,-.0438263416034334,-.0765568181818182,10940
100,0,ln_gdp_hist,-.0018695758596406,-.0765568181818182,10940
100,0,urban2000_10,.005816552672717,-.0765568181818182,10940
100,0,diff,-.0765568181818182,-.0765568181818182,10940
100,0,expl,-.0744014801236876,-.0765568181818182,10940
100,0,pr_0,.165625,-.0765568181818182,10940
100,0,pr_1,.2421818181818182,-.0765568181818182,10940
101,0,edu,-.0058644746252572,-.0525036670373115,20976
101,0,plants,-.0336850250186152,-.0525036670373115,20976
101,0,age,-.0020849080078669,-.0525036670373115,20976
101,0,gender,-.0000786635535896,-.0525036670373115,20976
101,0,marriage,-.0009270075861792,-.0525036670373115,20976
101,0,ln_income,.0001673490947451,-.0525036670373115,20976
101,0,health,.0006618362480066,-.0525036670373115,20976
101,0,sportsArea,.0091089031380371,-.0525036670373115,20976
101,0,year14,.0004295312839197,-.0525036670373115,20976
101,0,rice10,-.0197019250504137,-.0525036670373115,20976
101,0,ln_gdp_hist,.0118750386886651,-.0525036670373115,20976
101,0,urban2000_10,-.005798466280955,-.0525036670373115,20976
101,0,diff,-.0525036670373115,-.0525036670373115,20976
101,0,expl,-.0458487335066676,-.0525036670373115,20976
101,0,pr_0,.1292231812577065,-.0525036670373115,20976
101,0,pr_1,.181726848295018,-.0525036670373115,20976
102,0,edu,-.0054707784394055,-.0358710027450907,10415
102,0,plants,.016641899253367,-.0358710027450907,10415
102,0,age,-.0012972409709695,-.0358710027450907,10415
102,0,gender,.0003117005375158,-.0358710027450907,10415
102,0,marriage,-.0001569944586938,-.0358710027450907,10415
102,0,ln_income,.0001340812058428,-.0358710027450907,10415
102,0,health,-.0001514841651024,-.0358710027450907,10415
102,0,sportsArea,.0062017692700767,-.0358710027450907,10415
102,0,year14,.0013505671967935,-.0358710027450907,10415
102,0,rice10,-.0506300536507416,-.0358710027450907,10415
102,0,ln_gdp_hist,.0001819417718628,-.0358710027450907,10415
102,0,urban2000_10,-.0001710601543722,-.0358710027450907,10415
102,0,diff,-.0358710027450907,-.0358710027450907,10415
102,0,expl,-.0330002016551646,-.0358710027450907,10415
102,0,pr_0,.1404478045943588,-.0358710027450907,10415
102,0,pr_1,.1763188073394495,-.0358710027450907,10415
103,0,edu,-.0112421548992538,-.0824108052535019,14836
103,0,plants,-.021922742172597,-.0824108052535019,14836
103,0,age,-.0026882326283132,-.0824108052535019,14836
103,0,gender,.0003299130550815,-.0824108052535019,14836
103,0,marriage,.0006337279240369,-.0824108052535019,14836
103,0,ln_income,-.0000767964599833,-.0824108052535019,14836
103,0,health,-.0009787308738668,-.0824108052535019,14836
103,0,sportsArea,.0066237451615356,-.0824108052535019,14836
103,0,year14,-.0070030148929854,-.0824108052535019,14836
103,0,rice10,-.0433758522158377,-.0824108052535019,14836
103,0,ln_gdp_hist,-.0026891316313514,-.0824108052535019,14836
103,0,urban2000_10,.0123382094617495,-.0824108052535019,14836
103,0,diff,-.0824108052535019,-.0824108052535019,14836
103,0,expl,-.0698910570604204,-.0824108052535019,14836
103,0,pr_0,.15684681023974,-.0824108052535019,14836
103,0,pr_1,.2392576154932419,-.0824108052535019,14836
104,0,edu,-.0095488803192835,-.0995721657571479,10572
104,0,plants,-.041867337605979,-.0995721657571479,10572
104,0,age,.0036429362709195,-.0995721657571479,10572
104,0,gender,.0000429401647282,-.0995721657571479,10572
104,0,marriage,.000453430731856,-.0995721657571479,10572
104,0,ln_income,-.0005792768947244,-.0995721657571479,10572
104,0,health,-.0014146473079018,-.0995721657571479,10572
104,0,sportsArea,.0035687922682823,-.0995721657571479,10572
104,0,year14,-.0106701990976068,-.0995721657571479,10572
104,0,rice10,-.059635352750665,-.0995721657571479,10572
104,0,ln_gdp_hist,.0070042326970572,-.0995721657571479,10572
104,0,urban2000_10,.0145155409140518,-.0995721657571479,10572
104,0,diff,-.0995721657571479,-.0995721657571479,10572
104,0,expl,-.0947054869385717,-.0995721657571479,10572
104,0,pr_0,.15239633817986,-.0995721657571479,10572
104,0,pr_1,.2519685039370079,-.0995721657571479,10572
105,0,edu,-.0100993156874724,-.0428705317855549,16853
105,0,plants,-.0150206869833915,-.0428705317855549,16853
105,0,age,.0028188366956651,-.0428705317855549,16853
105,0,gender,.0003880866556102,-.0428705317855549,16853
105,0,marriage,.0006174723455164,-.0428705317855549,16853
105,0,ln_income,.0001248561105098,-.0428705317855549,16853
105,0,health,-.0013288132504704,-.0428705317855549,16853
105,0,sportsArea,.0055675161601554,-.0428705317855549,16853
105,0,year14,-.0054672198864631,-.0428705317855549,16853
105,0,rice10,-.0253237790853481,-.0428705317855549,16853
105,0,ln_gdp_hist,.0636483813164312,-.0428705317855549,16853
105,0,urban2000_10,-.0547258138819,-.0428705317855549,16853
105,0,diff,-.0428705317855549,-.0428705317855549,16853
105,0,expl,-.0389822877867399,-.0428705317855549,16853
105,0,pr_0,.1759170347608988,-.0428705317855549,16853
105,0,pr_1,.2187875665464537,-.0428705317855549,16853
106,0,edu,-.0015330536394503,-.0143073309770168,17614
106,0,plants,.0091655319617238,-.0143073309770168,17614
106,0,age,-.0004824718694897,-.0143073309770168,17614
106,0,gender,-.0001733957158911,-.0143073309770168,17614
106,0,marriage,-.0005723548048561,-.0143073309770168,17614
106,0,ln_income,.0000975321487536,-.0143073309770168,17614
106,0,health,-.0016642352143817,-.0143073309770168,17614
106,0,sportsArea,.006093621631991,-.0143073309770168,17614
106,0,year14,.0031309708575633,-.0143073309770168,17614
106,0,rice10,-.0575574056038493,-.0143073309770168,17614
106,0,ln_gdp_hist,.0316295578481209,-.0143073309770168,17614
106,0,urban2000_10,-.004261455373279,-.0143073309770168,17614
106,0,diff,-.0143073309770168,-.0143073309770168,17614
106,0,expl,-.0162060970601881,-.0143073309770168,17614
106,0,pr_0,.159989694705655,-.0143073309770168,17614
106,0,pr_1,.1742970256826718,-.0143073309770168,17614
107,0,edu,-.0034151812387401,-.0352365196440471,15244
107,0,plants,.0101203581173025,-.0352365196440471,15244
107,0,age,-.0012439002944457,-.0352365196440471,15244
107,0,gender,-.0000162680091863,-.0352365196440471,15244
107,0,marriage,-.0011264523382802,-.0352365196440471,15244
107,0,ln_income,.0001273499556088,-.0352365196440471,15244
107,0,health,.0004020847765926,-.0352365196440471,15244
107,0,sportsArea,.0087454165014951,-.0352365196440471,15244
107,0,year14,.0016172751404458,-.0352365196440471,15244
107,0,rice10,-.0571890565243962,-.0352365196440471,15244
107,0,ln_gdp_hist,.0039070596995579,-.0352365196440471,15244
107,0,urban2000_10,.0000202077705947,-.0352365196440471,15244
107,0,diff,-.0352365196440471,-.0352365196440471,15244
107,0,expl,-.0381229290849128,-.0352365196440471,15244
107,0,pr_0,.1415425065731814,-.0352365196440471,15244
107,0,pr_1,.1767790262172285,-.0352365196440471,15244
108,0,edu,-.0042277603114736,-.0248756552656794,14459
108,0,plants,.0064650485262415,-.0248756552656794,14459
108,0,age,.0004886301875816,-.0248756552656794,14459
108,0,gender,-.0003071118473154,-.0248756552656794,14459
108,0,marriage,1.21899912074e-06,-.0248756552656794,14459
108,0,ln_income,.000238673949664,-.0248756552656794,14459
108,0,health,-.0010346108253032,-.0248756552656794,14459
108,0,sportsArea,.003964818782902,-.0248756552656794,14459
108,0,year14,-.0040556265949721,-.0248756552656794,14459
108,0,rice10,-.031841509540109,-.0248756552656794,14459
108,0,ln_gdp_hist,.0403580243979076,-.0248756552656794,14459
108,0,urban2000_10,-.0282717143938175,-.0248756552656794,14459
108,0,diff,-.0248756552656794,-.0248756552656794,14459
108,0,expl,-.0183066275001282,-.0248756552656794,14459
108,0,pr_0,.1729002624671916,-.0248756552656794,14459
108,0,pr_1,.197775917732871,-.0248756552656794,14459
109,0,edu,-.0081838359324159,-.0671118926411463,17523
109,0,plants,-.0148019046827825,-.0671118926411463,17523
109,0,age,-.002382239222764,-.0671118926411463,17523
109,0,gender,.0003946813139608,-.0671118926411463,17523
109,0,marriage,.0002203355243058,-.0671118926411463,17523
109,0,ln_income,.0000470961422456,-.0671118926411463,17523
109,0,health,-.0006936732407632,-.0671118926411463,17523
109,0,sportsArea,.0067671628070991,-.0671118926411463,17523
109,0,year14,-.004629016511003,-.0671118926411463,17523
109,0,rice10,-.0327328792743572,-.0671118926411463,17523
109,0,ln_gdp_hist,.0219486833596723,-.0671118926411463,17523
109,0,urban2000_10,-.0205907675857665,-.0671118926411463,17523
109,0,diff,-.0671118926411463,-.0671118926411463,17523
109,0,expl,-.0543418168643335,-.0671118926411463,17523
109,0,pr_0,.1499693940012242,-.0671118926411463,17523
109,0,pr_1,.2170812866423705,-.0671118926411463,17523
110,0,edu,-.0155362916140915,-.0730037040732341,17732
110,0,plants,.0304103060765786,-.0730037040732341,17732
110,0,age,.0031345808749712,-.0730037040732341,17732
110,0,gender,.0004260631293391,-.0730037040732341,17732
110,0,marriage,.0000604913815534,-.0730037040732341,17732
110,0,ln_income,.0002858825615666,-.0730037040732341,17732
110,0,health,-.0004556298378755,-.0730037040732341,17732
110,0,sportsArea,.0025282811206376,-.0730037040732341,17732
110,0,year14,-.0115094011997677,-.0730037040732341,17732
110,0,rice10,-.0813125071651681,-.0730037040732341,17732
110,0,ln_gdp_hist,.0083534269347609,-.0730037040732341,17732
110,0,urban2000_10,-.011873932485507,-.0730037040732341,17732
110,0,diff,-.0730037040732341,-.0730037040732341,17732
110,0,expl,-.0754329043481266,-.0730037040732341,17732
110,0,pr_0,.1783081102056655,-.0730037040732341,17732
110,0,pr_1,.2513118142788996,-.0730037040732341,17732
111,0,edu,-.0071498100359117,-.0549182699037903,15907
111,0,plants,-.0023694168936264,-.0549182699037903,15907
111,0,age,-.0013567421980152,-.0549182699037903,15907
111,0,gender,.0002528116242049,-.0549182699037903,15907
111,0,marriage,.0003098648272069,-.0549182699037903,15907
111,0,ln_income,.0000901839905477,-.0549182699037903,15907
111,0,health,-.0009011341066164,-.0549182699037903,15907
111,0,sportsArea,.0082918836461053,-.0549182699037903,15907
111,0,year14,-.0052945758877396,-.0549182699037903,15907
111,0,rice10,-.0411626302469017,-.0549182699037903,15907
111,0,ln_gdp_hist,.0088024110420323,-.0549182699037903,15907
111,0,urban2000_10,-.0068735625592824,-.0549182699037903,15907
111,0,diff,-.0549182699037903,-.0549182699037903,15907
111,0,expl,-.0474266473596432,-.0549182699037903,15907
111,0,pr_0,.1485826001955034,-.0549182699037903,15907
111,0,pr_1,.2035008700992937,-.0549182699037903,15907
112,0,edu,-.0128081168244862,-.078078540953645,15454
112,0,plants,-.0335963660134356,-.078078540953645,15454
112,0,age,.0003829794812586,-.078078540953645,15454
112,0,gender,.0002505433117242,-.078078540953645,15454
112,0,marriage,.0013760161698041,-.078078540953645,15454
112,0,ln_income,-.0000498978080462,-.078078540953645,15454
112,0,health,-.0020008784042462,-.078078540953645,15454
112,0,sportsArea,.0071788812785975,-.078078540953645,15454
112,0,year14,-.007829608027552,-.078078540953645,15454
112,0,rice10,-.036646838996346,-.078078540953645,15454
112,0,ln_gdp_hist,.0051388585120728,-.078078540953645,15454
112,0,urban2000_10,.0093419225642953,-.078078540953645,15454
112,0,diff,-.078078540953645,-.078078540953645,15454
112,0,expl,-.069323617329633,-.078078540953645,15454
112,0,pr_0,.1672199895159881,-.078078540953645,15454
112,0,pr_1,.2452985304696331,-.078078540953645,15454
113,0,edu,-.0128981260964786,-.0812643973918136,15762
113,0,plants,-.0019112479220582,-.0812643973918136,15762
113,0,age,.000858160544782,-.0812643973918136,15762
113,0,gender,.0011216554782558,-.0812643973918136,15762
113,0,marriage,.0007290782352239,-.0812643973918136,15762
113,0,ln_income,-.0001016333555581,-.0812643973918136,15762
113,0,health,-.0012067402300518,-.0812643973918136,15762
113,0,sportsArea,.003096071498733,-.0812643973918136,15762
113,0,year14,-.0151439763565975,-.0812643973918136,15762
113,0,rice10,-.0317603299984351,-.0812643973918136,15762
113,0,ln_gdp_hist,-.0052018404609861,-.0812643973918136,15762
113,0,urban2000_10,-.0077077035591476,-.0812643973918136,15762
113,0,diff,-.0812643973918136,-.0812643973918136,15762
113,0,expl,-.0702349397702506,-.0812643973918136,15762
113,0,pr_0,.1509641009562627,-.0812643973918136,15762
113,0,pr_1,.2322284983480763,-.0812643973918136,15762
114,0,edu,-.0131013027496619,-.0692586423632935,8773
114,0,plants,-.0167160852466196,-.0692586423632935,8773
114,0,age,.0034096331256638,-.0692586423632935,8773
114,0,gender,.0012454140635929,-.0692586423632935,8773
114,0,marriage,.0018785526949828,-.0692586423632935,8773
114,0,ln_income,-.0006968242021684,-.0692586423632935,8773
114,0,health,-.0032716003192034,-.0692586423632935,8773
114,0,sportsArea,.0020516123265014,-.0692586423632935,8773
114,0,year14,-.0139394710377393,-.0692586423632935,8773
114,0,rice10,-.0283932027919047,-.0692586423632935,8773
114,0,ln_gdp_hist,.0007635137797828,-.0692586423632935,8773
114,0,urban2000_10,-.000392108083798,-.0692586423632935,8773
114,0,diff,-.0692586423632935,-.0692586423632935,8773
114,0,expl,-.0672064185756783,-.0692586423632935,8773
114,0,pr_0,.1545,-.0692586423632935,8773
114,0,pr_1,.2237586423632935,-.0692586423632935,8773
115,0,edu,-.0060451558792336,-.0647571470245041,12730
115,0,plants,-.0043913675400508,-.0647571470245041,12730
115,0,age,.0008089292913443,-.0647571470245041,12730
115,0,gender,.0001378608032283,-.0647571470245041,12730
115,0,marriage,-.0009348741449929,-.0647571470245041,12730
115,0,ln_income,.0002217084622546,-.0647571470245041,12730
115,0,health,-.0008257144383699,-.0647571470245041,12730
115,0,sportsArea,.0027054406018776,-.0647571470245041,12730
115,0,year14,-.0045194997370872,-.0647571470245041,12730
115,0,rice10,-.0440896995557562,-.0647571470245041,12730
115,0,ln_gdp_hist,-.0039963294865927,-.0647571470245041,12730
115,0,urban2000_10,-.0006309438509206,-.0647571470245041,12730
115,0,diff,-.0647571470245041,-.0647571470245041,12730
115,0,expl,-.0615576102151095,-.0647571470245041,12730
115,0,pr_0,.128125,-.0647571470245041,12730
115,0,pr_1,.1928821470245041,-.0647571470245041,12730
116,0,edu,-.0093262341086148,-.0855074815116283,15115
116,0,plants,-.037147598190606,-.0855074815116283,15115
116,0,age,.0000629934530173,-.0855074815116283,15115
116,0,gender,.0008418313245446,-.0855074815116283,15115
116,0,marriage,.000997632386594,-.0855074815116283,15115
116,0,ln_income,-.0003592301696351,-.0855074815116283,15115
116,0,health,-.0014504877410902,-.0855074815116283,15115
116,0,sportsArea,.0070911950723346,-.0855074815116283,15115
116,0,year14,-.007027709647359,-.0855074815116283,15115
116,0,rice10,-.0481933064603176,-.0855074815116283,15115
116,0,ln_gdp_hist,.0067669099571336,-.0855074815116283,15115
116,0,urban2000_10,.010191972633147,-.0855074815116283,15115
116,0,diff,-.0855074815116283,-.0855074815116283,15115
116,0,expl,-.0776517575284397,-.0855074815116283,15115
116,0,pr_0,.1615449202350966,-.0855074815116283,15115
116,0,pr_1,.2470524017467249,-.0855074815116283,15115
117,0,edu,-.0030351979320345,-.0324995780524471,10275
117,0,plants,-.0465862248473649,-.0324995780524471,10275
117,0,age,.0000688046391261,-.0324995780524471,10275
117,0,gender,-.0003597691707658,-.0324995780524471,10275
117,0,marriage,-.0008338690893579,-.0324995780524471,10275
117,0,ln_income,-.0003087171832397,-.0324995780524471,10275
117,0,health,-.0006924445472834,-.0324995780524471,10275
117,0,sportsArea,.0022253838572446,-.0324995780524471,10275
117,0,year14,-.0039949347368283,-.0324995780524471,10275
117,0,rice10,-.004295246890522,-.0324995780524471,10275
117,0,ln_gdp_hist,-.0294843221003961,-.0324995780524471,10275
117,0,urban2000_10,.0516251899921834,-.0324995780524471,10275
117,0,diff,-.0324995780524471,-.0324995780524471,10275
117,0,expl,-.0355106168704668,-.0324995780524471,10275
117,0,pr_0,.1519138755980861,-.0324995780524471,10275
117,0,pr_1,.1844134536505332,-.0324995780524471,10275
118,0,edu,-.0119899509455394,-.02858870785489,12532
118,0,plants,-.0048737952841931,-.02858870785489,12532
118,0,age,.0050333380806087,-.02858870785489,12532
118,0,gender,.0016343521662285,-.02858870785489,12532
118,0,marriage,.0033449528109624,-.02858870785489,12532
118,0,ln_income,3.75650770282e-06,-.02858870785489,12532
118,0,health,-.0045300587692683,-.02858870785489,12532
118,0,sportsArea,.0002412263328333,-.02858870785489,12532
118,0,year14,-.0147812984507645,-.02858870785489,12532
118,0,rice10,.0189566060491339,-.02858870785489,12532
118,0,ln_gdp_hist,-.0035271155311815,-.02858870785489,12532
118,0,urban2000_10,-.0115235870653006,-.02858870785489,12532
118,0,diff,-.02858870785489,-.02858870785489,12532
118,0,expl,-.0221585990153207,-.02858870785489,12532
118,0,pr_0,.1759460110870089,-.02858870785489,12532
118,0,pr_1,.2045347189418989,-.02858870785489,12532
119,0,edu,-.01163677094064,-.0862563035697022,14402
119,0,plants,-.0379379966325718,-.0862563035697022,14402
119,0,age,-.000140824342603,-.0862563035697022,14402
119,0,gender,.0015264846864882,-.0862563035697022,14402
119,0,marriage,.001516801707943,-.0862563035697022,14402
119,0,ln_income,-.0005255073276353,-.0862563035697022,14402
119,0,health,-.0030192075834645,-.0862563035697022,14402
119,0,sportsArea,.0047616196914293,-.0862563035697022,14402
119,0,year14,-.0158162620502623,-.0862563035697022,14402
119,0,rice10,-.0299351597011898,-.0862563035697022,14402
119,0,ln_gdp_hist,.0016584411870524,-.0862563035697022,14402
119,0,urban2000_10,.0115437285450967,-.0862563035697022,14402
119,0,diff,-.0862563035697022,-.0862563035697022,14402
119,0,expl,-.0780785912578704,-.0862563035697022,14402
119,0,pr_0,.1541680805338763,-.0862563035697022,14402
119,0,pr_1,.2404243841035785,-.0862563035697022,14402
120,0,edu,-.0039720416952284,-.0174376199930007,17044
120,0,plants,-.0073106911568967,-.0174376199930007,17044
120,0,age,.0032578445355301,-.0174376199930007,17044
120,0,gender,.0001781115895282,-.0174376199930007,17044
120,0,marriage,.0011634322777017,-.0174376199930007,17044
120,0,ln_income,-.0001258589861932,-.0174376199930007,17044
120,0,health,-.0014742496433799,-.0174376199930007,17044
120,0,sportsArea,.0045556572020619,-.0174376199930007,17044
120,0,year14,-.0003022848598552,-.0174376199930007,17044
120,0,rice10,-.022888988479638,-.0174376199930007,17044
120,0,ln_gdp_hist,.0366085682311125,-.0174376199930007,17044
120,0,urban2000_10,-.0249807387995054,-.0174376199930007,17044
120,0,diff,-.0174376199930007,-.0174376199930007,17044
120,0,expl,-.0154930215871196,-.0174376199930007,17044
120,0,pr_0,.186806411837238,-.0174376199930007,17044
120,0,pr_1,.2042440318302387,-.0174376199930007,17044
121,0,edu,-.0171979208945216,-.0610241320627652,13794
121,0,plants,.0575604843016016,-.0610241320627652,13794
121,0,age,.0012703277139854,-.0610241320627652,13794
121,0,gender,.00058918948735,-.0610241320627652,13794
121,0,marriage,.0002858299489523,-.0610241320627652,13794
121,0,ln_income,.000342573651502,-.0610241320627652,13794
121,0,health,-.0012320564284663,-.0610241320627652,13794
121,0,sportsArea,-.0003596294352409,-.0610241320627652,13794
121,0,year14,-.0161247671299047,-.0610241320627652,13794
121,0,rice10,-.0676234656571031,-.0610241320627652,13794
121,0,ln_gdp_hist,-.0376693572812124,-.0610241320627652,13794
121,0,urban2000_10,.0172432194639037,-.0610241320627652,13794
121,0,diff,-.0610241320627652,-.0610241320627652,13794
121,0,expl,-.0629175975729882,-.0610241320627652,13794
121,0,pr_0,.15257387102769,-.0610241320627652,13794
121,0,pr_1,.2135980030904552,-.0610241320627652,13794
122,0,edu,-.0103879013259926,-.0655318955451952,13610
122,0,plants,-.0298290163335309,-.0655318955451952,13610
122,0,age,.0039248824573756,-.0655318955451952,13610
122,0,gender,.0008624815674891,-.0655318955451952,13610
122,0,marriage,.0020990370007434,-.0655318955451952,13610
122,0,ln_income,-.000978141571847,-.0655318955451952,13610
122,0,health,-.0027270852728095,-.0655318955451952,13610
122,0,sportsArea,.0031748656975953,-.0655318955451952,13610
122,0,year14,-.0114980790286562,-.0655318955451952,13610
122,0,rice10,-.0336109097425581,-.0655318955451952,13610
122,0,ln_gdp_hist,.0110171288556483,-.0655318955451952,13610
122,0,urban2000_10,.0018631691055105,-.0655318955451952,13610
122,0,diff,-.0655318955451952,-.0655318955451952,13610
122,0,expl,-.0661023710557466,-.0655318955451952,13610
122,0,pr_0,.1801704105344694,-.0655318955451952,13610
122,0,pr_1,.2457023060796646,-.0655318955451952,13610
123,0,edu,-.0042520089225573,-.054759058189455,15846
123,0,plants,-.02790709221231,-.054759058189455,15846
123,0,age,-.0005330945309403,-.054759058189455,15846
123,0,gender,.0000883384824971,-.054759058189455,15846
123,0,marriage,-5.82403330944e-06,-.054759058189455,15846
123,0,ln_income,.0001326891511216,-.054759058189455,15846
123,0,health,-.0002663225408863,-.054759058189455,15846
123,0,sportsArea,.0066855962789956,-.054759058189455,15846
123,0,year14,-.0026683763553358,-.054759058189455,15846
123,0,rice10,-.0186085523243748,-.054759058189455,15846
123,0,ln_gdp_hist,.018614472664307,-.054759058189455,15846
123,0,urban2000_10,-.0156639714781636,-.054759058189455,15846
123,0,diff,-.054759058189455,-.054759058189455,15846
123,0,expl,-.0443410259717751,-.054759058189455,15846
123,0,pr_0,.1489861259338314,-.054759058189455,15846
123,0,pr_1,.2037451841232864,-.054759058189455,15846
124,0,edu,-.0054179391184306,-.0431717425745378,17628
124,0,plants,-.0278660345437404,-.0431717425745378,17628
124,0,age,.0010771258977018,-.0431717425745378,17628
124,0,gender,.0004874496510617,-.0431717425745378,17628
124,0,marriage,.0007700339865924,-.0431717425745378,17628
124,0,ln_income,-.000238609995585,-.0431717425745378,17628
124,0,health,-.0019914646044435,-.0431717425745378,17628
124,0,sportsArea,.0064944671797917,-.0431717425745378,17628
124,0,year14,-.0032481030339285,-.0431717425745378,17628
124,0,rice10,-.0309906679266579,-.0431717425745378,17628
124,0,ln_gdp_hist,.0294950334708548,-.0431717425745378,17628
124,0,urban2000_10,-.0086220335647815,-.0431717425745378,17628
124,0,diff,-.0431717425745378,-.0431717425745378,17628
124,0,expl,-.0399631580096871,-.0431717425745378,17628
124,0,pr_0,.164967912419781,-.0431717425745378,17628
124,0,pr_1,.2081396549943188,-.0431717425745378,17628
125,0,edu,-.0097752340090257,-.0762201883695829,11960
125,0,plants,.0247590416333652,-.0762201883695829,11960
125,0,age,-.0003107355383052,-.0762201883695829,11960
125,0,gender,.0011118534248736,-.0762201883695829,11960
125,0,marriage,.0011801435375979,-.0762201883695829,11960
125,0,ln_income,.0000298610376244,-.0762201883695829,11960
125,0,health,-.0017113567929076,-.0762201883695829,11960
125,0,sportsArea,.0057915928385414,-.0762201883695829,11960
125,0,year14,-.0115655362182865,-.0762201883695829,11960
125,0,rice10,-.0662450245099615,-.0762201883695829,11960
125,0,ln_gdp_hist,-.0102927538107679,-.0762201883695829,11960
125,0,urban2000_10,-.0055317616171851,-.0762201883695829,11960
125,0,diff,-.0762201883695829,-.0762201883695829,11960
125,0,expl,-.0725325441941182,-.0762201883695829,11960
125,0,pr_0,.148936170212766,-.0762201883695829,11960
125,0,pr_1,.2251563585823489,-.0762201883695829,11960
126,0,edu,-.0048968165839891,-.0149168512497036,18262
126,0,plants,.0017623192163927,-.0149168512497036,18262
126,0,age,-.0023982386898098,-.0149168512497036,18262
126,0,gender,-.0000941738040839,-.0149168512497036,18262
126,0,marriage,-.0016477598342174,-.0149168512497036,18262
126,0,ln_income,.0003309692932718,-.0149168512497036,18262
126,0,health,.0005443528548815,-.0149168512497036,18262
126,0,sportsArea,.0058267820172836,-.0149168512497036,18262
126,0,year14,-.0037347747684435,-.0149168512497036,18262
126,0,rice10,.0006677705511755,-.0149168512497036,18262
126,0,ln_gdp_hist,-.0046641392052225,-.0149168512497036,18262
126,0,urban2000_10,-.0029133757266298,-.0149168512497036,18262
126,0,diff,-.0149168512497036,-.0149168512497036,18262
126,0,expl,-.0112454252149086,-.0149168512497036,18262
126,0,pr_0,.1473931791454332,-.0149168512497036,18262
126,0,pr_1,.1623100303951368,-.0149168512497036,18262
127,0,edu,-.0100169249724687,-.0416348972731253,19863
127,0,plants,.0021995847828519,-.0416348972731253,19863
127,0,age,.0009807106442632,-.0416348972731253,19863
127,0,gender,.0003332947553771,-.0416348972731253,19863
127,0,marriage,-.00032246651503,-.0416348972731253,19863
127,0,ln_income,.0000524523364304,-.0416348972731253,19863
127,0,health,-.0008903587579581,-.0416348972731253,19863
127,0,sportsArea,.0046619774717142,-.0416348972731253,19863
127,0,year14,-.0071495900424641,-.0416348972731253,19863
127,0,rice10,-.0239922291863163,-.0416348972731253,19863
127,0,ln_gdp_hist,.0116718506231389,-.0416348972731253,19863
127,0,urban2000_10,-.0150412807073834,-.0416348972731253,19863
127,0,diff,-.0416348972731253,-.0416348972731253,19863
127,0,expl,-.0375292387751887,-.0416348972731253,19863
127,0,pr_0,.1501747986016112,-.0416348972731253,19863
127,0,pr_1,.1918096958747365,-.0416348972731253,19863
128,0,edu,-.0064081581311105,-.0310057597908238,14490
128,0,plants,-.0261198958480323,-.0310057597908238,14490
128,0,age,.0012769206821613,-.0310057597908238,14490
128,0,gender,.0005283534342017,-.0310057597908238,14490
128,0,marriage,.0001823290463004,-.0310057597908238,14490
128,0,ln_income,-.0008071861785026,-.0310057597908238,14490
128,0,health,-.0018330441314272,-.0310057597908238,14490
128,0,sportsArea,.0030101321318385,-.0310057597908238,14490
128,0,year14,-.0048394229701187,-.0310057597908238,14490
128,0,rice10,-.0343830466629108,-.0310057597908238,14490
128,0,ln_gdp_hist,.0370396937284729,-.0310057597908238,14490
128,0,urban2000_10,.002189679172331,-.0310057597908238,14490
128,0,diff,-.0310057597908238,-.0310057597908238,14490
128,0,expl,-.0301354324327756,-.0310057597908238,14490
128,0,pr_0,.1709159584513692,-.0310057597908238,14490
128,0,pr_1,.201921718242193,-.0310057597908238,14490
129,0,edu,-.0132469236377752,-.1030193388764512,12635
129,0,plants,-.0560577290565937,-.1030193388764512,12635
129,0,age,.000485455460654,-.1030193388764512,12635
129,0,gender,.001064940358142,-.1030193388764512,12635
129,0,marriage,.0012716335085234,-.1030193388764512,12635
129,0,ln_income,-.0009456056227247,-.1030193388764512,12635
129,0,health,-.0013396518798343,-.1030193388764512,12635
129,0,sportsArea,.0094532348210793,-.1030193388764512,12635
129,0,year14,-.0088214325219512,-.1030193388764512,12635
129,0,rice10,-.0479410503125249,-.1030193388764512,12635
129,0,ln_gdp_hist,.0088623103045665,-.1030193388764512,12635
129,0,urban2000_10,.0031974077465083,-.1030193388764512,12635
129,0,diff,-.1030193388764512,-.1030193388764512,12635
129,0,expl,-.1040807748197694,-.1030193388764512,12635
129,0,pr_0,.1521739130434783,-.1030193388764512,12635
129,0,pr_1,.2551932519199295,-.1030193388764512,12635
130,0,edu,-.0049721539840287,-.0585900084891003,11999
130,0,plants,.0014422579829808,-.0585900084891003,11999
130,0,age,-.0000243703884443,-.0585900084891003,11999
130,0,gender,-.0000511027697823,-.0585900084891003,11999
130,0,marriage,.0006488801158252,-.0585900084891003,11999
130,0,ln_income,.0000667976395371,-.0585900084891003,11999
130,0,health,-.0007522572631672,-.0585900084891003,11999
130,0,sportsArea,.0054560272646844,-.0585900084891003,11999
130,0,year14,-.0048627537465689,-.0585900084891003,11999
130,0,rice10,-.0441847726615081,-.0585900084891003,11999
130,0,ln_gdp_hist,-.0014132683517008,-.0585900084891003,11999
130,0,urban2000_10,-.0001833800746407,-.0585900084891003,11999
130,0,diff,-.0585900084891003,-.0585900084891003,11999
130,0,expl,-.048840107209141,-.0585900084891003,11999
130,0,pr_0,.1357142857142857,-.0585900084891003,11999
130,0,pr_1,.194304294203386,-.0585900084891003,11999
131,0,edu,-.0162157812216173,-.1163918908259052,7066
131,0,plants,-.0136834642840546,-.1163918908259052,7066
131,0,age,.0020576384633322,-.1163918908259052,7066
131,0,gender,.0016487623554755,-.1163918908259052,7066
131,0,marriage,.0008485104838503,-.1163918908259052,7066
131,0,ln_income,-.002580928589063,-.1163918908259052,7066
131,0,health,-.0005546205651376,-.1163918908259052,7066
131,0,sportsArea,-.0115107848502078,-.1163918908259052,7066
131,0,year14,-.019729454060195,-.1163918908259052,7066
131,0,rice10,-.0342943826445147,-.1163918908259052,7066
131,0,ln_gdp_hist,-.0154903552703626,-.1163918908259052,7066
131,0,urban2000_10,-.0040417215927083,-.1163918908259052,7066
131,0,diff,-.1163918908259052,-.1163918908259052,7066
131,0,expl,-.1135047025153082,-.1163918908259052,7066
131,0,pr_0,.1428571428571428,-.1163918908259052,7066
131,0,pr_1,.259249033683048,-.1163918908259052,7066
132,0,edu,-.0027377166939313,-.0525852672552088,13461
132,0,plants,-.036805242828461,-.0525852672552088,13461
132,0,age,-.0002539933368245,-.0525852672552088,13461
132,0,gender,.0000634449535269,-.0525852672552088,13461
132,0,marriage,-.0001442379392794,-.0525852672552088,13461
132,0,ln_income,-.0001003216220807,-.0525852672552088,13461
132,0,health,-.0004536682394472,-.0525852672552088,13461
132,0,sportsArea,.0090335254245099,-.0525852672552088,13461
132,0,year14,-.0031233797581609,-.0525852672552088,13461
132,0,rice10,-.0515781879801866,-.0525852672552088,13461
132,0,ln_gdp_hist,.0489911212272806,-.0525852672552088,13461
132,0,urban2000_10,-.0110215770177635,-.0525852672552088,13461
132,0,diff,-.0525852672552088,-.0525852672552088,13461
132,0,expl,-.048031658993225,-.0525852672552088,13461
132,0,pr_0,.1600378787878788,-.0525852672552088,13461
132,0,pr_1,.2126231460430876,-.0525852672552088,13461
133,0,edu,-.0035430159582371,-.015109306240105,18122
133,0,plants,.0059930551642019,-.015109306240105,18122
133,0,age,.0022610719487862,-.015109306240105,18122
133,0,gender,.0000854848470302,-.015109306240105,18122
133,0,marriage,-.0008936488059606,-.015109306240105,18122
133,0,ln_income,.000086421030852,-.015109306240105,18122
133,0,health,-.0002026247139945,-.015109306240105,18122
133,0,sportsArea,.0031592681643935,-.015109306240105,18122
133,0,year14,-.0042732417179655,-.015109306240105,18122
133,0,rice10,-.059908162271062,-.015109306240105,18122
133,0,ln_gdp_hist,.0848576900138391,-.015109306240105,18122
133,0,urban2000_10,-.0453286202945144,-.015109306240105,18122
133,0,diff,-.015109306240105,-.015109306240105,18122
133,0,expl,-.0177704529031323,-.015109306240105,18122
133,0,pr_0,.1796672828096118,-.015109306240105,18122
133,0,pr_1,.1947765890497168,-.015109306240105,18122
134,0,edu,-.0043701947815812,-.0477115542336348,16084
134,0,plants,-.0171533474281072,-.0477115542336348,16084
134,0,age,.0023173376231323,-.0477115542336348,16084
134,0,gender,.000343385222309,-.0477115542336348,16084
134,0,marriage,-.0002146255401146,-.0477115542336348,16084
134,0,ln_income,-.0004180109509355,-.0477115542336348,16084
134,0,health,-.0008602852047912,-.0477115542336348,16084
134,0,sportsArea,.0033737251565692,-.0477115542336348,16084
134,0,year14,-.0061758352976645,-.0477115542336348,16084
134,0,rice10,-.0535755321533592,-.0477115542336348,16084
134,0,ln_gdp_hist,.0514893120009567,-.0477115542336348,16084
134,0,urban2000_10,-.022336338018112,-.0477115542336348,16084
134,0,diff,-.0477115542336348,-.0477115542336348,16084
134,0,expl,-.0474668898514334,-.0477115542336348,16084
134,0,pr_0,.1699268583092363,-.0477115542336348,16084
134,0,pr_1,.2176384125428711,-.0477115542336348,16084
135,0,edu,-.0124563293914939,-.059203639329878,13693
135,0,plants,.0129580807334357,-.059203639329878,13693
135,0,age,-.000062262542235,-.059203639329878,13693
135,0,gender,.0002028695796172,-.059203639329878,13693
135,0,marriage,.0006935494875819,-.059203639329878,13693
135,0,ln_income,2.39997345265e-07,-.059203639329878,13693
135,0,health,-.0009993007258282,-.059203639329878,13693
135,0,sportsArea,.0036253886599889,-.059203639329878,13693
135,0,year14,-.0073139960188198,-.059203639329878,13693
135,0,rice10,-.0417907446248049,-.059203639329878,13693
135,0,ln_gdp_hist,-.0110232739587679,-.059203639329878,13693
135,0,urban2000_10,.0021463251449864,-.059203639329878,13693
135,0,diff,-.059203639329878,-.059203639329878,13693
135,0,expl,-.0536313745549783,-.059203639329878,13693
135,0,pr_0,.1302665520206363,-.059203639329878,13693
135,0,pr_1,.1894701913505143,-.059203639329878,13693
136,0,edu,-.0055192396886536,-.016093724891019,14318
136,0,plants,.0288694474526769,-.016093724891019,14318
136,0,age,.0014044154581019,-.016093724891019,14318
136,0,gender,-.000245787781165,-.016093724891019,14318
136,0,marriage,.0002154675094715,-.016093724891019,14318
136,0,ln_income,.0001417203526537,-.016093724891019,14318
136,0,health,-.0002637730695615,-.016093724891019,14318
136,0,sportsArea,.0054528765354894,-.016093724891019,14318
136,0,year14,-.004476117144067,-.016093724891019,14318
136,0,rice10,-.0362307197746694,-.016093724891019,14318
136,0,ln_gdp_hist,.0206501200464198,-.016093724891019,14318
136,0,urban2000_10,-.0260581848782714,-.016093724891019,14318
136,0,diff,-.016093724891019,-.016093724891019,14318
136,0,expl,-.0159998975672883,-.016093724891019,14318
136,0,pr_0,.179261862917399,-.016093724891019,14318
136,0,pr_1,.195355587808418,-.016093724891019,14318
137,0,edu,-.0176305297939259,-.0925646441833229,21455
137,0,plants,-.0080291723189465,-.0925646441833229,21455
137,0,age,.0000640231096371,-.0925646441833229,21455
137,0,gender,.0005696433935185,-.0925646441833229,21455
137,0,marriage,-.0007166432975672,-.0925646441833229,21455
137,0,ln_income,.0000826405299895,-.0925646441833229,21455
137,0,health,-.0001162172631249,-.0925646441833229,21455
137,0,sportsArea,.0073218688767899,-.0925646441833229,21455
137,0,year14,-.0076850704181728,-.0925646441833229,21455
137,0,rice10,-.0405762763893933,-.0925646441833229,21455
137,0,ln_gdp_hist,-.0176923244970968,-.0925646441833229,21455
137,0,urban2000_10,-.0068716298006788,-.0925646441833229,21455
137,0,diff,-.0925646441833229,-.0925646441833229,21455
137,0,expl,-.0913917647961864,-.0925646441833229,21455
137,0,pr_0,.1185458377239199,-.0925646441833229,21455
137,0,pr_1,.2111104819072428,-.0925646441833229,21455
138,0,edu,-.0071531775965435,-.0777093366358083,16930
138,0,plants,-.0271051031664377,-.0777093366358083,16930
138,0,age,-.0012786888221911,-.0777093366358083,16930
138,0,gender,.000381368717804,-.0777093366358083,16930
138,0,marriage,-.0005993753080856,-.0777093366358083,16930
138,0,ln_income,-.0001961104453223,-.0777093366358083,16930
138,0,health,-.0005704690600933,-.0777093366358083,16930
138,0,sportsArea,.0097271944399954,-.0777093366358083,16930
138,0,year14,-.0061838296656556,-.0777093366358083,16930
138,0,rice10,-.0541900695465061,-.0777093366358083,16930
138,0,ln_gdp_hist,.0259303756160613,-.0777093366358083,16930
138,0,urban2000_10,-.0145763259066536,-.0777093366358083,16930
138,0,diff,-.0777093366358083,-.0777093366358083,16930
138,0,expl,-.0757473558279222,-.0777093366358083,16930
138,0,pr_0,.1429305912596401,-.0777093366358083,16930
138,0,pr_1,.2206399278954484,-.0777093366358083,16930
139,0,edu,-.009924940898126,-.0600280478231417,18168
139,0,plants,.0004946845301637,-.0600280478231417,18168
139,0,age,.0037354373865123,-.0600280478231417,18168
139,0,gender,.0006820996013097,-.0600280478231417,18168
139,0,marriage,-.0001950648123014,-.0600280478231417,18168
139,0,ln_income,-.0002312178035327,-.0600280478231417,18168
139,0,health,-.0011108599931713,-.0600280478231417,18168
139,0,sportsArea,.0037430172069929,-.0600280478231417,18168
139,0,year14,-.0092257313517705,-.0600280478231417,18168
139,0,rice10,-.0587922270552425,-.0600280478231417,18168
139,0,ln_gdp_hist,.0479662503011544,-.0600280478231417,18168
139,0,urban2000_10,-.0383689961423069,-.0600280478231417,18168
139,0,diff,-.0600280478231417,-.0600280478231417,18168
139,0,expl,-.0611461511291428,-.0600280478231417,18168
139,0,pr_0,.1630042636930141,-.0600280478231417,18168
139,0,pr_1,.2230323115161558,-.0600280478231417,18168
140,0,edu,-.0033909212809042,-.043814131657182,21950
140,0,plants,-.0191651632087861,-.043814131657182,21950
140,0,age,-.0000192219330188,-.043814131657182,21950
140,0,gender,-.0002672793934092,-.043814131657182,21950
140,0,marriage,-.0003861675885133,-.043814131657182,21950
140,0,ln_income,.0002335410056981,-.043814131657182,21950
140,0,health,-.0002498252951642,-.043814131657182,21950
140,0,sportsArea,.0061402407841146,-.043814131657182,21950
140,0,year14,-.0033810243497898,-.043814131657182,21950
140,0,rice10,-.056535477505629,-.043814131657182,21950
140,0,ln_gdp_hist,.0717040671668499,-.043814131657182,21950
140,0,urban2000_10,-.0315591388560394,-.043814131657182,21950
140,0,diff,-.043814131657182,-.043814131657182,21950
140,0,expl,-.0369037905071622,-.043814131657182,21950
140,0,pr_0,.1597651421508035,-.043814131657182,21950
140,0,pr_1,.2035792738079855,-.043814131657182,21950
141,0,edu,-.0153372221442656,-.0692460049573565,9467
141,0,plants,.0039257302775321,-.0692460049573565,9467
141,0,age,.0037695396489527,-.0692460049573565,9467
141,0,gender,.0006430412935966,-.0692460049573565,9467
141,0,marriage,.0021857477199599,-.0692460049573565,9467
141,0,ln_income,-.0000234753529292,-.0692460049573565,9467
141,0,health,-.0051269331776241,-.0692460049573565,9467
141,0,sportsArea,.0024218160865463,-.0692460049573565,9467
141,0,year14,-.0091810342559186,-.0692460049573565,9467
141,0,rice10,-.0512540422337229,-.0692460049573565,9467
141,0,ln_gdp_hist,-.0044927808439856,-.0692460049573565,9467
141,0,urban2000_10,.0026840177403722,-.0692460049573565,9467
141,0,diff,-.0692460049573565,-.0692460049573565,9467
141,0,expl,-.0698937302857487,-.0692460049573565,9467
141,0,pr_0,.1590532187547113,-.0692460049573565,9467
141,0,pr_1,.2282992237120678,-.0692460049573565,9467
142,0,edu,-.0126062030025213,-.0388424423122496,13983
142,0,plants,-.0153334589789361,-.0388424423122496,13983
142,0,age,.0038695799070403,-.0388424423122496,13983
142,0,gender,.0004620277832199,-.0388424423122496,13983
142,0,marriage,-.0001763573713471,-.0388424423122496,13983
142,0,ln_income,.0002491999505646,-.0388424423122496,13983
142,0,health,-.0013165125075314,-.0388424423122496,13983
142,0,sportsArea,.0029742789300539,-.0388424423122496,13983
142,0,year14,-.0060344713566235,-.0388424423122496,13983
142,0,rice10,.0090471660164524,-.0388424423122496,13983
142,0,ln_gdp_hist,.0260074984737494,-.0388424423122496,13983
142,0,urban2000_10,-.0403278821120364,-.0388424423122496,13983
142,0,diff,-.0388424423122496,-.0388424423122496,13983
142,0,expl,-.0334909975933131,-.0388424423122496,13983
142,0,pr_0,.168600154679041,-.0388424423122496,13983
142,0,pr_1,.2074425969912906,-.0388424423122496,13983
143,0,edu,-.0088353396143706,-.0769964674208547,12917
143,0,plants,-.0281063208757114,-.0769964674208547,12917
143,0,age,.0000371049719465,-.0769964674208547,12917
143,0,gender,.0001448128116915,-.0769964674208547,12917
143,0,marriage,-.0014791306998971,-.0769964674208547,12917
143,0,ln_income,.0000182855676052,-.0769964674208547,12917
143,0,health,.000613535196469,-.0769964674208547,12917
143,0,sportsArea,.0054042637788718,-.0769964674208547,12917
143,0,year14,-.0044183438602458,-.0769964674208547,12917
143,0,rice10,-.0527438778284945,-.0769964674208547,12917
143,0,ln_gdp_hist,.0174800120825943,-.0769964674208547,12917
143,0,urban2000_10,-.0029399918702822,-.0769964674208547,12917
143,0,diff,-.0769964674208547,-.0769964674208547,12917
143,0,expl,-.0748008197756306,-.0769964674208547,12917
143,0,pr_0,.1356747654558576,-.0769964674208547,12917
143,0,pr_1,.2126712328767123,-.0769964674208547,12917
144,0,edu,-.0089087089245914,-.0316627936246596,9897
144,0,plants,-.0269956764134851,-.0316627936246596,9897
144,0,age,.0036172795029135,-.0316627936246596,9897
144,0,gender,.0008497542121401,-.0316627936246596,9897
144,0,marriage,.002275471455407,-.0316627936246596,9897
144,0,ln_income,4.52441170754e-06,-.0316627936246596,9897
144,0,health,-.0021470470092068,-.0316627936246596,9897
144,0,sportsArea,.0012740797566985,-.0316627936246596,9897
144,0,year14,-.0067212721823007,-.0316627936246596,9897
144,0,rice10,-.0079967381198423,-.0316627936246596,9897
144,0,ln_gdp_hist,.0008881566719992,-.0316627936246596,9897
144,0,urban2000_10,.0120003934329331,-.0316627936246596,9897
144,0,diff,-.0316627936246596,-.0316627936246596,9897
144,0,expl,-.0320285496057404,-.0316627936246596,9897
144,0,pr_0,.1598513011152416,-.0316627936246596,9897
144,0,pr_1,.1915140947399012,-.0316627936246596,9897
145,0,edu,-.0126158657530001,-.0870616839413111,10500
145,0,plants,-.0015369244326056,-.0870616839413111,10500
145,0,age,.0017074445131291,-.0870616839413111,10500
145,0,gender,.0008723442929398,-.0870616839413111,10500
145,0,marriage,-.00009015285456,-.0870616839413111,10500
145,0,ln_income,-.0000463870354772,-.0870616839413111,10500
145,0,health,-.0009533656942533,-.0870616839413111,10500
145,0,sportsArea,-.0001730782332725,-.0870616839413111,10500
145,0,year14,-.0167031999391491,-.0870616839413111,10500
145,0,rice10,-.0556696846392467,-.0870616839413111,10500
145,0,ln_gdp_hist,.0038447195855834,-.0870616839413111,10500
145,0,urban2000_10,.0001791879984369,-.0870616839413111,10500
145,0,diff,-.0870616839413111,-.0870616839413111,10500
145,0,expl,-.0810450193035896,-.0870616839413111,10500
145,0,pr_0,.1380288957688338,-.0870616839413111,10500
145,0,pr_1,.2250905797101449,-.0870616839413111,10500
146,0,edu,-.011419855241251,-.1024247052399371,17316
146,0,plants,-.0427012409098023,-.1024247052399371,17316
146,0,age,.0008311853607864,-.1024247052399371,17316
146,0,gender,.000333198952837,-.1024247052399371,17316
146,0,marriage,-.0001626749389889,-.1024247052399371,17316
146,0,ln_income,-.0001275592387988,-.1024247052399371,17316
146,0,health,-.0007355477747022,-.1024247052399371,17316
146,0,sportsArea,.0047422516128208,-.1024247052399371,17316
146,0,year14,-.0099566490854841,-.1024247052399371,17316
146,0,rice10,-.0542787017112816,-.1024247052399371,17316
146,0,ln_gdp_hist,.0051234160735446,-.1024247052399371,17316
146,0,urban2000_10,.0103335988257043,-.1024247052399371,17316
146,0,diff,-.1024247052399371,-.1024247052399371,17316
146,0,expl,-.097807146457933,-.1024247052399371,17316
146,0,pr_0,.1511335012594459,-.1024247052399371,17316
146,0,pr_1,.253558206499383,-.1024247052399371,17316
147,0,edu,-.0122461024373822,-.0986472007211252,8540
147,0,plants,.0093812758968604,-.0986472007211252,8540
147,0,age,.0006773880328247,-.0986472007211252,8540
147,0,gender,.0003934698050358,-.0986472007211252,8540
147,0,marriage,.0008682876927574,-.0986472007211252,8540
147,0,ln_income,.0000711989086743,-.0986472007211252,8540
147,0,health,-.0019344293497243,-.0986472007211252,8540
147,0,sportsArea,.0037639063647447,-.0986472007211252,8540
147,0,year14,-.0078097306921997,-.0986472007211252,8540
147,0,rice10,-.0629893482636361,-.0986472007211252,8540
147,0,ln_gdp_hist,-.0222174991909575,-.0986472007211252,8540
147,0,urban2000_10,.0001240252248488,-.0986472007211252,8540
147,0,diff,-.0986472007211252,-.0986472007211252,8540
147,0,expl,-.0920095334099387,-.0986472007211252,8540
147,0,pr_0,.1255501991196814,-.0986472007211252,8540
147,0,pr_1,.2241973998408066,-.0986472007211252,8540
148,0,edu,-.0089133974332987,-.0449271374976371,18400
148,0,plants,.011434464714359,-.0449271374976371,18400
148,0,age,.0020189622049525,-.0449271374976371,18400
148,0,gender,.0002648244180497,-.0449271374976371,18400
148,0,marriage,.000339467511738,-.0449271374976371,18400
148,0,ln_income,.0000376665557559,-.0449271374976371,18400
148,0,health,-.0014635961421941,-.0449271374976371,18400
148,0,sportsArea,.0037994157375946,-.0449271374976371,18400
148,0,year14,-.0057341592304631,-.0449271374976371,18400
148,0,rice10,-.0425339995112611,-.0449271374976371,18400
148,0,ln_gdp_hist,.0182542104228504,-.0449271374976371,18400
148,0,urban2000_10,-.0209112203383989,-.0449271374976371,18400
148,0,diff,-.0449271374976371,-.0449271374976371,18400
148,0,expl,-.0434059337313893,-.0449271374976371,18400
148,0,pr_0,.1635820045558087,-.0449271374976371,18400
148,0,pr_1,.2085091420534458,-.0449271374976371,18400
149,0,edu,-.0012360409446229,-.0097098130254388,18749
149,0,plants,.0099885013502778,-.0097098130254388,18749
149,0,age,-.0021296476862412,-.0097098130254388,18749
149,0,gender,-.0002731494917678,-.0097098130254388,18749
149,0,marriage,-.0020117724974881,-.0097098130254388,18749
149,0,ln_income,.0006229421256063,-.0097098130254388,18749
149,0,health,.0003881437716717,-.0097098130254388,18749
149,0,sportsArea,.0020649522418431,-.0097098130254388,18749
149,0,year14,-.0047248576862299,-.0097098130254388,18749
149,0,rice10,-.0400869999353179,-.0097098130254388,18749
149,0,ln_gdp_hist,.0388116678885159,-.0097098130254388,18749
149,0,urban2000_10,-.0108272727050246,-.0097098130254388,18749
149,0,diff,-.0097098130254388,-.0097098130254388,18749
149,0,expl,-.0092812079204834,-.0097098130254388,18749
149,0,pr_0,.1574056866753392,-.0097098130254388,18749
149,0,pr_1,.167115499700778,-.0097098130254388,18749
150,0,edu,-.012209630881151,-.0664803456020412,20787
150,0,plants,-.0286280741976643,-.0664803456020412,20787
150,0,age,.000722525027159,-.0664803456020412,20787
150,0,gender,.0008355797554549,-.0664803456020412,20787
150,0,marriage,.0003926157733127,-.0664803456020412,20787
150,0,ln_income,-.0000310810774273,-.0664803456020412,20787
150,0,health,-.0017383270257129,-.0664803456020412,20787
150,0,sportsArea,.0066390981910836,-.0664803456020412,20787
150,0,year14,-.0046609126049847,-.0664803456020412,20787
150,0,rice10,-.0102420383476932,-.0664803456020412,20787
150,0,ln_gdp_hist,.0149957302075434,-.0664803456020412,20787
150,0,urban2000_10,-.0298109187427965,-.0664803456020412,20787
150,0,diff,-.0664803456020412,-.0664803456020412,20787
150,0,expl,-.063679609182472,-.0664803456020412,20787
150,0,pr_0,.1515028979646853,-.0664803456020412,20787
150,0,pr_1,.2179832435667265,-.0664803456020412,20787
151,0,edu,-.0041939292574234,-.0133442378383497,11677
151,0,plants,-.0466009176942671,-.0133442378383497,11677
151,0,age,.0004096341406623,-.0133442378383497,11677
151,0,gender,.0008467708729536,-.0133442378383497,11677
151,0,marriage,.0005832919717682,-.0133442378383497,11677
151,0,ln_income,-.0008387394889754,-.0133442378383497,11677
151,0,health,-.0015122151252085,-.0133442378383497,11677
151,0,sportsArea,.0069488238607863,-.0133442378383497,11677
151,0,year14,-.00136773286594,-.0133442378383497,11677
151,0,rice10,-.0040255497314273,-.0133442378383497,11677
151,0,ln_gdp_hist,-.0282977791467296,-.0133442378383497,11677
151,0,urban2000_10,.0638893262716163,-.0133442378383497,11677
151,0,diff,-.0133442378383497,-.0133442378383497,11677
151,0,expl,-.0141723006208563,-.0133442378383497,11677
151,0,pr_0,.1696770662287904,-.0133442378383497,11677
151,0,pr_1,.1830213040671401,-.0133442378383497,11677
152,0,edu,-.0104720882720876,-.0608522356341792,17852
152,0,plants,-.0233116888554814,-.0608522356341792,17852
152,0,age,.0015700888167574,-.0608522356341792,17852
152,0,gender,.0001469619461914,-.0608522356341792,17852
152,0,marriage,-.0013926931826061,-.0608522356341792,17852
152,0,ln_income,.0003580792139549,-.0608522356341792,17852
152,0,health,-.0002900559760783,-.0608522356341792,17852
152,0,sportsArea,.0034437857001496,-.0608522356341792,17852
152,0,year14,-.0048098942578746,-.0608522356341792,17852
152,0,rice10,-.0286665537460567,-.0608522356341792,17852
152,0,ln_gdp_hist,.0051621771611155,-.0608522356341792,17852
152,0,urban2000_10,-.0022136051511629,-.0608522356341792,17852
152,0,diff,-.0608522356341792,-.0608522356341792,17852
152,0,expl,-.0604443370153906,-.0608522356341792,17852
152,0,pr_0,.1364781314403481,-.0608522356341792,17852
152,0,pr_1,.1973303670745273,-.0608522356341792,17852
153,0,edu,-.0174034791118007,-.0904605451044874,15589
153,0,plants,-.0298983620597195,-.0904605451044874,15589
153,0,age,.0012416956941253,-.0904605451044874,15589
153,0,gender,.0016168328368287,-.0904605451044874,15589
153,0,marriage,.0008049329264867,-.0904605451044874,15589
153,0,ln_income,-.0004513837296882,-.0904605451044874,15589
153,0,health,-.0014637318844639,-.0904605451044874,15589
153,0,sportsArea,.0045834238780875,-.0904605451044874,15589
153,0,year14,-.0139345819853643,-.0904605451044874,15589
153,0,rice10,-.0166376165507512,-.0904605451044874,15589
153,0,ln_gdp_hist,-.0056495620880655,-.0904605451044874,15589
153,0,urban2000_10,-.0090671409790934,-.0904605451044874,15589
153,0,diff,-.0904605451044874,-.0904605451044874,15589
153,0,expl,-.086234668445492,-.0904605451044874,15589
153,0,pr_0,.1514372163388805,-.0904605451044874,15589
153,0,pr_1,.2418977614433679,-.0904605451044874,15589
154,0,edu,-.0005594032635883,-.0048177521025656,14115
154,0,plants,-.0007237390750972,-.0048177521025656,14115
154,0,age,.0008906915251957,-.0048177521025656,14115
154,0,gender,-.0000434877365935,-.0048177521025656,14115
154,0,marriage,.0006780067363445,-.0048177521025656,14115
154,0,ln_income,-.0000285185336564,-.0048177521025656,14115
154,0,health,-.0019676057943457,-.0048177521025656,14115
154,0,sportsArea,.0068794937277115,-.0048177521025656,14115
154,0,year14,.0046897266753509,-.0048177521025656,14115
154,0,rice10,-.0462299800653027,-.0048177521025656,14115
154,0,ln_gdp_hist,.0212820255266246,-.0048177521025656,14115
154,0,urban2000_10,.0131745257353953,-.0048177521025656,14115
154,0,diff,-.0048177521025656,-.0048177521025656,14115
154,0,expl,-.0019515821407725,-.0048177521025656,14115
154,0,pr_0,.1724671307037896,-.0048177521025656,14115
154,0,pr_1,.1772848828063552,-.0048177521025656,14115
155,0,edu,-.0043731833436791,-.0098256560815689,18699
155,0,plants,.0085152521664197,-.0098256560815689,18699
155,0,age,-.0006397386110304,-.0098256560815689,18699
155,0,gender,-.0000866385366748,-.0098256560815689,18699
155,0,marriage,-.0017493330442534,-.0098256560815689,18699
155,0,ln_income,.0003802671001659,-.0098256560815689,18699
155,0,health,-.0001487643235224,-.0098256560815689,18699
155,0,sportsArea,.0043968052192328,-.0098256560815689,18699
155,0,year14,.0019458478290354,-.0098256560815689,18699
155,0,rice10,-.0418172208867212,-.0098256560815689,18699
155,0,ln_gdp_hist,.0222053905449323,-.0098256560815689,18699
155,0,urban2000_10,-.0034243029968091,-.0098256560815689,18699
155,0,diff,-.0098256560815689,-.0098256560815689,18699
155,0,expl,-.0146864996695269,-.0098256560815689,18699
155,0,pr_0,.157258064516129,-.0098256560815689,18699
155,0,pr_1,.1670837205976979,-.0098256560815689,18699
156,0,edu,-.0112160070897631,-.1141028795627166,15320
156,0,plants,-.0348744083391698,-.1141028795627166,15320
156,0,age,-.0018710911130437,-.1141028795627166,15320
156,0,gender,.0005703311726311,-.1141028795627166,15320
156,0,marriage,-.0004636508373285,-.1141028795627166,15320
156,0,ln_income,-.000419124338109,-.1141028795627166,15320
156,0,health,.000085498532037,-.1141028795627166,15320
156,0,sportsArea,.0084509760755633,-.1141028795627166,15320
156,0,year14,-.0067610548224429,-.1141028795627166,15320
156,0,rice10,-.0611259584755855,-.1141028795627166,15320
156,0,ln_gdp_hist,-.0015484435601209,-.1141028795627166,15320
156,0,urban2000_10,-.001738992555703,-.1141028795627166,15320
156,0,diff,-.1141028795627166,-.1141028795627166,15320
156,0,expl,-.1110997139991474,-.1141028795627166,15320
156,0,pr_0,.1410658307210031,-.1141028795627166,15320
156,0,pr_1,.2551687102837197,-.1141028795627166,15320
157,0,edu,-.0006510772580658,-.0344790482300685,14518
157,0,plants,-.0321099408378107,-.0344790482300685,14518
157,0,age,.0007165873651831,-.0344790482300685,14518
157,0,gender,.0001010443418664,-.0344790482300685,14518
157,0,marriage,-.000113114475681,-.0344790482300685,14518
157,0,ln_income,-.0001091031527161,-.0344790482300685,14518
157,0,health,-.0006455809138572,-.0344790482300685,14518
157,0,sportsArea,.0072403846110691,-.0344790482300685,14518
157,0,year14,-.0004071767706587,-.0344790482300685,14518
157,0,rice10,-.0392645061369323,-.0344790482300685,14518
157,0,ln_gdp_hist,.0479911425627141,-.0344790482300685,14518
157,0,urban2000_10,-.01496292596031,-.0344790482300685,14518
157,0,diff,-.0344790482300685,-.0344790482300685,14518
157,0,expl,-.0320487275207482,-.0344790482300685,14518
157,0,pr_0,.1677464542111714,-.0344790482300685,14518
157,0,pr_1,.2022255024412399,-.0344790482300685,14518
158,0,edu,-.0186847750005326,-.1185486114975792,14608
158,0,plants,-.0201224709925222,-.1185486114975792,14608
158,0,age,-.0017419667190524,-.1185486114975792,14608
158,0,gender,.0010236843072999,-.1185486114975792,14608
158,0,marriage,-.0000516277130223,-.1185486114975792,14608
158,0,ln_income,.0002547389426115,-.1185486114975792,14608
158,0,health,-.0011603612301591,-.1185486114975792,14608
158,0,sportsArea,.0059037315896494,-.1185486114975792,14608
158,0,year14,-.0127318828747693,-.1185486114975792,14608
158,0,rice10,-.0526636278579577,-.1185486114975792,14608
158,0,ln_gdp_hist,-.0133113372508778,-.1185486114975792,14608
158,0,urban2000_10,-.0001103812730886,-.1185486114975792,14608
158,0,diff,-.1185486114975792,-.1185486114975792,14608
158,0,expl,-.1134269276121555,-.1185486114975792,14608
158,0,pr_0,.1346026490066225,-.1185486114975792,14608
158,0,pr_1,.2531512605042017,-.1185486114975792,14608
159,0,edu,-.0131402358856714,-.068390427406686,10794
159,0,plants,.0003364432373809,-.068390427406686,10794
159,0,age,.0026756763314102,-.068390427406686,10794
159,0,gender,.001916630700129,-.068390427406686,10794
159,0,marriage,.0024639326041729,-.068390427406686,10794
159,0,ln_income,-.0006125719465147,-.068390427406686,10794
159,0,health,-.004409938397159,-.068390427406686,10794
159,0,sportsArea,-.0009682765811071,-.068390427406686,10794
159,0,year14,-.0198762057118679,-.068390427406686,10794
159,0,rice10,-.0287780237676482,-.068390427406686,10794
159,0,ln_gdp_hist,-.0054170279976502,-.068390427406686,10794
159,0,urban2000_10,-.0030311608403564,-.068390427406686,10794
159,0,diff,-.068390427406686,-.068390427406686,10794
159,0,expl,-.0689083982341031,-.068390427406686,10794
159,0,pr_0,.1627938952289289,-.068390427406686,10794
159,0,pr_1,.2311843226356149,-.068390427406686,10794
160,0,edu,-.0153867200653869,-.1205312212015615,10056
160,0,plants,-.0621620172388605,-.1205312212015615,10056
160,0,age,-.00035708492022,-.1205312212015615,10056
160,0,gender,.0007838592086433,-.1205312212015615,10056
160,0,marriage,-.0004821013793881,-.1205312212015615,10056
160,0,ln_income,-.0001185334530454,-.1205312212015615,10056
160,0,health,-.0010371552284764,-.1205312212015615,10056
160,0,sportsArea,.0070454068899253,-.1205312212015615,10056
160,0,year14,-.0055686573758662,-.1205312212015615,10056
160,0,rice10,-.0442822744095472,-.1205312212015615,10056
160,0,ln_gdp_hist,.004044486402182,-.1205312212015615,10056
160,0,urban2000_10,.000349080230895,-.1205312212015615,10056
160,0,diff,-.1205312212015615,-.1205312212015615,10056
160,0,expl,-.1171749817898979,-.1205312212015615,10056
160,0,pr_0,.1257214554579674,-.1205312212015615,10056
160,0,pr_1,.2462526766595289,-.1205312212015615,10056
161,0,edu,.0022697882216968,-.01225079576358,21185
161,0,plants,-.0032584700265982,-.01225079576358,21185
161,0,age,-.0031557869495645,-.01225079576358,21185
161,0,gender,-.0002786110017493,-.01225079576358,21185
161,0,marriage,-.0015301004975945,-.01225079576358,21185
161,0,ln_income,.00018879974959,-.01225079576358,21185
161,0,health,.0009932453486754,-.01225079576358,21185
161,0,sportsArea,.0103132883190091,-.01225079576358,21185
161,0,year14,.0032156534253313,-.01225079576358,21185
161,0,rice10,-.0084921543463557,-.01225079576358,21185
161,0,ln_gdp_hist,-.0211112701862515,-.01225079576358,21185
161,0,urban2000_10,.0096164217988526,-.01225079576358,21185
161,0,diff,-.01225079576358,-.01225079576358,21185
161,0,expl,-.0113152284493906,-.01225079576358,21185
161,0,pr_0,.1450201088242252,-.01225079576358,21185
161,0,pr_1,.1572709045878052,-.01225079576358,21185
162,0,edu,-.0059960960938114,-.0339651538625998,19675
162,0,plants,-.0167965846850062,-.0339651538625998,19675
162,0,age,.0013117204423074,-.0339651538625998,19675
162,0,gender,.0003065595061372,-.0339651538625998,19675
162,0,marriage,.0013924791362044,-.0339651538625998,19675
162,0,ln_income,-.0001077752354312,-.0339651538625998,19675
162,0,health,-.0009269320628568,-.0339651538625998,19675
162,0,sportsArea,.0064117836005851,-.0339651538625998,19675
162,0,year14,-.0024227935723372,-.0339651538625998,19675
162,0,rice10,-.0001931364763132,-.0339651538625998,19675
162,0,ln_gdp_hist,.0287067704999834,-.0339651538625998,19675
162,0,urban2000_10,-.0360502030281096,-.0339651538625998,19675
162,0,diff,-.0339651538625998,-.0339651538625998,19675
162,0,expl,-.0243056638959365,-.0339651538625998,19675
162,0,pr_0,.1797166293810589,-.0339651538625998,19675
162,0,pr_1,.2136817832436587,-.0339651538625998,19675
163,0,edu,-.0077245417838902,-.032168446949427,18950
163,0,plants,-.0032879547021277,-.032168446949427,18950
163,0,age,.0016003677027966,-.032168446949427,18950
163,0,gender,.0003432239905325,-.032168446949427,18950
163,0,marriage,.0009709148618168,-.032168446949427,18950
163,0,ln_income,-.000071183848878,-.032168446949427,18950
163,0,health,-.0018109816440836,-.032168446949427,18950
163,0,sportsArea,.0041809227040794,-.032168446949427,18950
163,0,year14,-.0036766107308903,-.032168446949427,18950
163,0,rice10,-.0157695364015694,-.032168446949427,18950
163,0,ln_gdp_hist,.02213689821618,-.032168446949427,18950
163,0,urban2000_10,-.0239295474305205,-.032168446949427,18950
163,0,diff,-.032168446949427,-.032168446949427,18950
163,0,expl,-.0268859625546013,-.032168446949427,18950
163,0,pr_0,.1696850393700787,-.032168446949427,18950
163,0,pr_1,.2018534863195057,-.032168446949427,18950
164,0,edu,-.003802415852184,-.045328203438478,23690
164,0,plants,-.0208091661638857,-.045328203438478,23690
164,0,age,.0015189939380361,-.045328203438478,23690
164,0,gender,-.0000334005401884,-.045328203438478,23690
164,0,marriage,-.0009918418121016,-.045328203438478,23690
164,0,ln_income,.0003668081744852,-.045328203438478,23690
164,0,health,.0000569890662182,-.045328203438478,23690
164,0,sportsArea,.0035761792076897,-.045328203438478,23690
164,0,year14,-.0063222994453902,-.045328203438478,23690
164,0,rice10,-.0417107160702599,-.045328203438478,23690
164,0,ln_gdp_hist,.0590293419757039,-.045328203438478,23690
164,0,urban2000_10,-.0319347992068678,-.045328203438478,23690
164,0,diff,-.045328203438478,-.045328203438478,23690
164,0,expl,-.0411473934805146,-.045328203438478,23690
164,0,pr_0,.1500488758553275,-.045328203438478,23690
164,0,pr_1,.1953770792938055,-.045328203438478,23690
165,0,edu,-.0104633404227458,-.0517614457605244,10970
165,0,plants,-.01862588313961,-.0517614457605244,10970
165,0,age,-.0014968935301358,-.0517614457605244,10970
165,0,gender,.0006118353248193,-.0517614457605244,10970
165,0,marriage,-.0005045304175819,-.0517614457605244,10970
165,0,ln_income,.0000600063211151,-.0517614457605244,10970
165,0,health,-.0011443652787179,-.0517614457605244,10970
165,0,sportsArea,.0037911385405843,-.0517614457605244,10970
165,0,year14,-.0060901445472035,-.0517614457605244,10970
165,0,rice10,-.0065043575219971,-.0517614457605244,10970
165,0,ln_gdp_hist,.0078863451381024,-.0517614457605244,10970
165,0,urban2000_10,-.0167908304462744,-.0517614457605244,10970
165,0,diff,-.0517614457605244,-.0517614457605244,10970
165,0,expl,-.0491948614941939,-.0517614457605244,10970
165,0,pr_0,.1223373070158296,-.0517614457605244,10970
165,0,pr_1,.174098752776354,-.0517614457605244,10970
166,0,edu,-.0041502657476694,-.0859360044334972,7281
166,0,plants,.0075482718100282,-.0859360044334972,7281
166,0,age,.0018318575136698,-.0859360044334972,7281
166,0,gender,.0008715089717676,-.0859360044334972,7281
166,0,marriage,-.0002107134460222,-.0859360044334972,7281
166,0,ln_income,.0011401990419771,-.0859360044334972,7281
166,0,health,-.001191803887711,-.0859360044334972,7281
166,0,sportsArea,.0020047792129834,-.0859360044334972,7281
166,0,year14,-.0283902717839868,-.0859360044334972,7281
166,0,rice10,-.0323262215183718,-.0859360044334972,7281
166,0,ln_gdp_hist,-.0069684571089815,-.0859360044334972,7281
166,0,urban2000_10,-.0315248024951209,-.0859360044334972,7281
166,0,diff,-.0859360044334972,-.0859360044334972,7281
166,0,expl,-.0911760873802228,-.0859360044334972,7281
166,0,pr_0,.1307411907654921,-.0859360044334972,7281
166,0,pr_1,.2166771951989893,-.0859360044334972,7281
167,0,edu,-.0061739990505416,-.0362117411517775,13786
167,0,plants,-.0067388242013815,-.0362117411517775,13786
167,0,age,.0015024160858398,-.0362117411517775,13786
167,0,gender,.0003144900788156,-.0362117411517775,13786
167,0,marriage,-.000072204880095,-.0362117411517775,13786
167,0,ln_income,.0000520011048722,-.0362117411517775,13786
167,0,health,-.0021403505411148,-.0362117411517775,13786
167,0,sportsArea,.0041962418196663,-.0362117411517775,13786
167,0,year14,-.0040538320322217,-.0362117411517775,13786
167,0,rice10,-.0434169254290336,-.0362117411517775,13786
167,0,ln_gdp_hist,.0240523421687951,-.0362117411517775,13786
167,0,urban2000_10,-.0042476588046122,-.0362117411517775,13786
167,0,diff,-.0362117411517775,-.0362117411517775,13786
167,0,expl,-.0366699861919238,-.0362117411517775,13786
167,0,pr_0,.1639475367882278,-.0362117411517775,13786
167,0,pr_1,.2001592779400053,-.0362117411517775,13786
168,0,edu,-.0157594923462501,-.0863552863064602,10911
168,0,plants,-.0044212082476199,-.0863552863064602,10911
168,0,age,.0034006802390474,-.0863552863064602,10911
168,0,gender,.0005853893901311,-.0863552863064602,10911
168,0,marriage,.0022344603764564,-.0863552863064602,10911
168,0,ln_income,-.000076003226628,-.0863552863064602,10911
168,0,health,-.0028141436301997,-.0863552863064602,10911
168,0,sportsArea,-.0027585860387227,-.0863552863064602,10911
168,0,year14,-.0212007727875853,-.0863552863064602,10911
168,0,rice10,-.0206041396896459,-.0863552863064602,10911
168,0,ln_gdp_hist,-.0186994755098135,-.0863552863064602,10911
168,0,urban2000_10,.0009189275499744,-.0863552863064602,10911
168,0,diff,-.0863552863064602,-.0863552863064602,10911
168,0,expl,-.079158364849188,-.0863552863064602,10911
168,0,pr_0,.1429789047517579,-.0863552863064602,10911
168,0,pr_1,.2293341910582181,-.0863552863064602,10911
169,0,edu,-.0135690129808023,-.096043909905991,11585
169,0,plants,-.0036644990615961,-.096043909905991,11585
169,0,age,-.0011170826609668,-.096043909905991,11585
169,0,gender,.0011881784223434,-.096043909905991,11585
169,0,marriage,.000218212204192,-.096043909905991,11585
169,0,ln_income,.0002074261834019,-.096043909905991,11585
169,0,health,-.0019319872217882,-.096043909905991,11585
169,0,sportsArea,.0056783683760391,-.096043909905991,11585
169,0,year14,-.0221060009562814,-.096043909905991,11585
169,0,rice10,-.0439011898057037,-.096043909905991,11585
169,0,ln_gdp_hist,-.0115815384660796,-.096043909905991,11585
169,0,urban2000_10,-.0012268576969556,-.096043909905991,11585
169,0,diff,-.096043909905991,-.096043909905991,11585
169,0,expl,-.0917372579267536,-.096043909905991,11585
169,0,pr_0,.1544004906470408,-.096043909905991,11585
169,0,pr_1,.2504444005530318,-.096043909905991,11585
170,0,edu,-.0186502764614684,-.1004904968087133,10924
170,0,plants,.019864435315352,-.1004904968087133,10924
170,0,age,.0009547778698825,-.1004904968087133,10924
170,0,gender,.0012622966402363,-.1004904968087133,10924
170,0,marriage,-.0003510321161157,-.1004904968087133,10924
170,0,ln_income,.0003431206211907,-.1004904968087133,10924
170,0,health,-.0014133217112302,-.1004904968087133,10924
170,0,sportsArea,.00187805978593,-.1004904968087133,10924
170,0,year14,-.0156709626322367,-.1004904968087133,10924
170,0,rice10,-.0656408909074061,-.1004904968087133,10924
170,0,ln_gdp_hist,-.0176188360222667,-.1004904968087133,10924
170,0,urban2000_10,-.0005894571422859,-.1004904968087133,10924
170,0,diff,-.1004904968087133,-.1004904968087133,10924
170,0,expl,-.0956378013149938,-.1004904968087133,10924
170,0,pr_0,.1381993330863283,-.1004904968087133,10924
170,0,pr_1,.2386898298950416,-.1004904968087133,10924
171,0,edu,-.019499243297056,-.124275006233529,9821
171,0,plants,-.0187545606781704,-.124275006233529,9821
171,0,age,.0004524858091977,-.124275006233529,9821
171,0,gender,.0019779449086006,-.124275006233529,9821
171,0,marriage,.0002639645039821,-.124275006233529,9821
171,0,ln_income,.0000540007362312,-.124275006233529,9821
171,0,health,-.0019372891933825,-.124275006233529,9821
171,0,sportsArea,.0052675246476649,-.124275006233529,9821
171,0,year14,-.0146115243532012,-.124275006233529,9821
171,0,rice10,-.0565863970092184,-.124275006233529,9821
171,0,ln_gdp_hist,-.0185759010707928,-.124275006233529,9821
171,0,urban2000_10,.0000993253052423,-.124275006233529,9821
171,0,diff,-.124275006233529,-.124275006233529,9821
171,0,expl,-.1218556493694483,-.124275006233529,9821
171,0,pr_0,.1227499457818261,-.124275006233529,9821
171,0,pr_1,.2470249520153551,-.124275006233529,9821
172,0,edu,-.0135827499679578,-.0447342132465914,14701
172,0,plants,.0227828477245997,-.0447342132465914,14701
172,0,age,.0015795313103464,-.0447342132465914,14701
172,0,gender,.0002676906055131,-.0447342132465914,14701
172,0,marriage,-.0007902569560996,-.0447342132465914,14701
172,0,ln_income,.0003890607698397,-.0447342132465914,14701
172,0,health,-.0002546419833645,-.0447342132465914,14701
172,0,sportsArea,.0011987627539963,-.0447342132465914,14701
172,0,year14,-.0120110373300941,-.0447342132465914,14701
172,0,rice10,-.0381548984564887,-.0447342132465914,14701
172,0,ln_gdp_hist,.0007509666463763,-.0447342132465914,14701
172,0,urban2000_10,.0000198842278111,-.0447342132465914,14701
172,0,diff,-.0447342132465914,-.0447342132465914,14701
172,0,expl,-.0379484367273828,-.0447342132465914,14701
172,0,pr_0,.1634342994116365,-.0447342132465914,14701
172,0,pr_1,.2081685126582279,-.0447342132465914,14701
173,0,edu,-.0138945230665585,-.1007557559688202,10886
173,0,plants,-.0204973348451331,-.1007557559688202,10886
173,0,age,.0014370311273199,-.1007557559688202,10886
173,0,gender,.0013198518735057,-.1007557559688202,10886
173,0,marriage,.0007675569996096,-.1007557559688202,10886
173,0,ln_income,-.0001151558547271,-.1007557559688202,10886
173,0,health,-.0025057897986872,-.1007557559688202,10886
173,0,sportsArea,.0045934776368993,-.1007557559688202,10886
173,0,year14,-.0155383749693877,-.1007557559688202,10886
173,0,rice10,-.058044611638957,-.1007557559688202,10886
173,0,ln_gdp_hist,.0026468428558462,-.1007557559688202,10886
173,0,urban2000_10,-.0024125797473553,-.1007557559688202,10886
173,0,diff,-.1007557559688202,-.1007557559688202,10886
173,0,expl,-.1023048544795391,-.1007557559688202,10886
173,0,pr_0,.1525099878408893,-.1007557559688202,10886
173,0,pr_1,.2532657438097095,-.1007557559688202,10886
174,0,edu,-.0086549428697541,-.016893059792478,14941
174,0,plants,.0238533213811229,-.016893059792478,14941
174,0,age,.001232074823955,-.016893059792478,14941
174,0,gender,.0004917386195707,-.016893059792478,14941
174,0,marriage,.0008911592464863,-.016893059792478,14941
174,0,ln_income,.0000648801340411,-.016893059792478,14941
174,0,health,-.001635672150529,-.016893059792478,14941
174,0,sportsArea,.002144222740109,-.016893059792478,14941
174,0,year14,-.0087735080645534,-.016893059792478,14941
174,0,rice10,-.0159986019449194,-.016893059792478,14941
174,0,ln_gdp_hist,-.0037453927389682,-.016893059792478,14941
174,0,urban2000_10,-.0017331229551853,-.016893059792478,14941
174,0,diff,-.016893059792478,-.016893059792478,14941
174,0,expl,-.011761534196645,-.016893059792478,14941
174,0,pr_0,.1596251588310038,-.016893059792478,14941
174,0,pr_1,.1765182186234818,-.016893059792478,14941
175,0,edu,-.0060949219151381,-.0447378246487842,24381
175,0,plants,.0194082344494569,-.0447378246487842,24381
175,0,age,.0010567076480134,-.0447378246487842,24381
175,0,gender,-.0001313879711756,-.0447378246487842,24381
175,0,marriage,-.000339232600855,-.0447378246487842,24381
175,0,ln_income,.0000905092301114,-.0447378246487842,24381
175,0,health,-.0003788336457405,-.0447378246487842,24381
175,0,sportsArea,.0058402780863256,-.0447378246487842,24381
175,0,year14,-.0057543847567761,-.0447378246487842,24381
175,0,rice10,-.0820184145006332,-.0447378246487842,24381
175,0,ln_gdp_hist,.0816645115232642,-.0447378246487842,24381
175,0,urban2000_10,-.0576250999637702,-.0447378246487842,24381
175,0,diff,-.0447378246487842,-.0447378246487842,24381
175,0,expl,-.0443750780986563,-.0447378246487842,24381
175,0,pr_0,.1666424312927149,-.0447378246487842,24381
175,0,pr_1,.2113802559414991,-.0447378246487842,24381
176,0,edu,-.0055486204900477,-.0677353548913544,16884
176,0,plants,-.015080586401882,-.0677353548913544,16884
176,0,age,-.0001186354693792,-.0677353548913544,16884
176,0,gender,.0001708968260303,-.0677353548913544,16884
176,0,marriage,-.0019544099339313,-.0677353548913544,16884
176,0,ln_income,.0005637643011863,-.0677353548913544,16884
176,0,health,.0001594654107187,-.0677353548913544,16884
176,0,sportsArea,.002730887238636,-.0677353548913544,16884
176,0,year14,-.0054929060036566,-.0677353548913544,16884
176,0,rice10,-.0490031999632085,-.0677353548913544,16884
176,0,ln_gdp_hist,.0136959299319687,-.0677353548913544,16884
176,0,urban2000_10,-.0043215576010699,-.0677353548913544,16884
176,0,diff,-.0677353548913544,-.0677353548913544,16884
176,0,expl,-.0640154839405325,-.0677353548913544,16884
176,0,pr_0,.1231450719822813,-.0677353548913544,16884
176,0,pr_1,.1908804268736357,-.0677353548913544,16884
177,0,edu,-.0163066994369797,-.0974005891819179,11075
177,0,plants,-.0372214523511914,-.0974005891819179,11075
177,0,age,.0008753586854267,-.0974005891819179,11075
177,0,gender,.0009853629709347,-.0974005891819179,11075
177,0,marriage,.0009234102627516,-.0974005891819179,11075
177,0,ln_income,-.0001045652686997,-.0974005891819179,11075
177,0,health,-.0027119513801611,-.0974005891819179,11075
177,0,sportsArea,.0037445035444179,-.0974005891819179,11075
177,0,year14,-.0142048798986225,-.0974005891819179,11075
177,0,rice10,-.0274500256692909,-.0974005891819179,11075
177,0,ln_gdp_hist,-.0012130206968432,-.0974005891819179,11075
177,0,urban2000_10,.0064933581478804,-.0974005891819179,11075
177,0,diff,-.0974005891819179,-.0974005891819179,11075
177,0,expl,-.0862780722912229,-.0974005891819179,11075
177,0,pr_0,.1427726286728456,-.0974005891819179,11075
177,0,pr_1,.2401732178547635,-.0974005891819179,11075
178,0,edu,-.0171553609948278,-.1024729894187268,7401
178,0,plants,-.0018215788286475,-.1024729894187268,7401
178,0,age,.0014946349651365,-.1024729894187268,7401
178,0,gender,.0005904329616039,-.1024729894187268,7401
178,0,marriage,.0008398028812258,-.1024729894187268,7401
178,0,ln_income,-.0002522989868996,-.1024729894187268,7401
178,0,health,-.0010989290075172,-.1024729894187268,7401
178,0,sportsArea,-.0062193950463022,-.1024729894187268,7401
178,0,year14,-.0165451990610204,-.1024729894187268,7401
178,0,rice10,-.0402201855240113,-.1024729894187268,7401
178,0,ln_gdp_hist,-.0065844744770242,-.1024729894187268,7401
178,0,urban2000_10,-.0096351224211077,-.1024729894187268,7401
178,0,diff,-.1024729894187268,-.1024729894187268,7401
178,0,expl,-.0966403108861505,-.1024729894187268,7401
178,0,pr_0,.1302314130969965,-.1024729894187268,7401
178,0,pr_1,.2327044025157233,-.1024729894187268,7401
179,0,edu,-.0148411380773833,-.0988918334660313,16513
179,0,plants,.0093694254036137,-.0988918334660313,16513
179,0,age,-.0002430004157964,-.0988918334660313,16513
179,0,gender,.0003445974597619,-.0988918334660313,16513
179,0,marriage,-.0006317487575154,-.0988918334660313,16513
179,0,ln_income,.0001032010587165,-.0988918334660313,16513
179,0,health,-.0001720893384383,-.0988918334660313,16513
179,0,sportsArea,.0015498191107645,-.0988918334660313,16513
179,0,year14,-.0131220416110895,-.0988918334660313,16513
179,0,rice10,-.0703742908531299,-.0988918334660313,16513
179,0,ln_gdp_hist,.0046061974758143,-.0988918334660313,16513
179,0,urban2000_10,.0001252064786369,-.0988918334660313,16513
179,0,diff,-.0988918334660313,-.0988918334660313,16513
179,0,expl,-.0831813043450455,-.0988918334660313,16513
179,0,pr_0,.14155906264945,-.0988918334660313,16513
179,0,pr_1,.2404508961154813,-.0988918334660313,16513
180,0,edu,-.0067682840182601,-.0503422560434186,14487
180,0,plants,-.0001670914508982,-.0503422560434186,14487
180,0,age,.0011838287160278,-.0503422560434186,14487
180,0,gender,.000170566874677,-.0503422560434186,14487
180,0,marriage,-.0003574071313747,-.0503422560434186,14487
180,0,ln_income,-.0000870373008201,-.0503422560434186,14487
180,0,health,-.0003410160782641,-.0503422560434186,14487
180,0,sportsArea,.0038319802613091,-.0503422560434186,14487
180,0,year14,-.0057649326550482,-.0503422560434186,14487
180,0,rice10,-.0455094865064608,-.0503422560434186,14487
180,0,ln_gdp_hist,.0269050292822026,-.0503422560434186,14487
180,0,urban2000_10,-.0186467088632821,-.0503422560434186,14487
180,0,diff,-.0503422560434186,-.0503422560434186,14487
180,0,expl,-.0455676541719323,-.0503422560434186,14487
180,0,pr_0,.1595866819747417,-.0503422560434186,14487
180,0,pr_1,.2099289380181603,-.0503422560434186,14487
181,0,edu,-.0086984374818626,-.06845102668699,19123
181,0,plants,-.0111006523047925,-.06845102668699,19123
181,0,age,.0031234120471827,-.06845102668699,19123
181,0,gender,.0001907479107475,-.06845102668699,19123
181,0,marriage,-.0007208420105126,-.06845102668699,19123
181,0,ln_income,.0002315588502416,-.06845102668699,19123
181,0,health,-.0004837504078005,-.06845102668699,19123
181,0,sportsArea,.0017870794891221,-.06845102668699,19123
181,0,year14,-.0115412057874225,-.06845102668699,19123
181,0,rice10,-.0305374382774581,-.06845102668699,19123
181,0,ln_gdp_hist,.0183459680785676,-.06845102668699,19123
181,0,urban2000_10,-.0220604908751299,-.06845102668699,19123
181,0,diff,-.06845102668699,-.06845102668699,19123
181,0,expl,-.0613664704872542,-.06845102668699,19123
181,0,pr_0,.1508900349359508,-.06845102668699,19123
181,0,pr_1,.2193410616229408,-.06845102668699,19123
182,0,edu,-.0111464237764587,-.0654974540375102,10706
182,0,plants,-.0049082375283511,-.0654974540375102,10706
182,0,age,.0034743679538761,-.0654974540375102,10706
182,0,gender,.0018306145666639,-.0654974540375102,10706
182,0,marriage,.0022166582078689,-.0654974540375102,10706
182,0,ln_income,-.0009458295771336,-.0654974540375102,10706
182,0,health,-.0028288781641246,-.0654974540375102,10706
182,0,sportsArea,-.0040446698141119,-.0654974540375102,10706
182,0,year14,-.0246282447240795,-.0654974540375102,10706
182,0,rice10,-.0223284385205832,-.0654974540375102,10706
182,0,ln_gdp_hist,-.0005952643615556,-.0654974540375102,10706
182,0,urban2000_10,-.0017526317374205,-.0654974540375102,10706
182,0,diff,-.0654974540375102,-.0654974540375102,10706
182,0,expl,-.0656514813085528,-.0654974540375102,10706
182,0,pr_0,.1634805537244562,-.0654974540375102,10706
182,0,pr_1,.2289780077619664,-.0654974540375102,10706
183,0,edu,-.006436862548228,-.0343380226771971,14037
183,0,plants,-.015849724196095,-.0343380226771971,14037
183,0,age,.001110460264992,-.0343380226771971,14037
183,0,gender,.000337026222436,-.0343380226771971,14037
183,0,marriage,-.0000763331660333,-.0343380226771971,14037
183,0,ln_income,-.0001799855272005,-.0343380226771971,14037
183,0,health,-.0007523702002925,-.0343380226771971,14037
183,0,sportsArea,.0014130365874922,-.0343380226771971,14037
183,0,year14,-.008781239425532,-.0343380226771971,14037
183,0,rice10,-.0084150182346348,-.0343380226771971,14037
183,0,ln_gdp_hist,.0021235612845685,-.0343380226771971,14037
183,0,urban2000_10,.0028670470844226,-.0343380226771971,14037
183,0,diff,-.0343380226771971,-.0343380226771971,14037
183,0,expl,-.032634798239636,-.0343380226771971,14037
183,0,pr_0,.1494354269583627,-.0343380226771971,14037
183,0,pr_1,.1837734496355598,-.0343380226771971,14037
184,0,edu,-.008396408183385,-.0581914164595097,16425
184,0,plants,-.026677493787254,-.0581914164595097,16425
184,0,age,.0005296695091721,-.0581914164595097,16425
184,0,gender,.000351466673752,-.0581914164595097,16425
184,0,marriage,-.0000274424576344,-.0581914164595097,16425
184,0,ln_income,-.0002013704937292,-.0581914164595097,16425
184,0,health,-.0005903667719361,-.0581914164595097,16425
184,0,sportsArea,.005998957823194,-.0581914164595097,16425
184,0,year14,-.0046550706950136,-.0581914164595097,16425
184,0,rice10,-.0207420772883262,-.0581914164595097,16425
184,0,ln_gdp_hist,.013271382824106,-.0581914164595097,16425
184,0,urban2000_10,-.0115298588600104,-.0581914164595097,16425
184,0,diff,-.0581914164595097,-.0581914164595097,16425
184,0,expl,-.0525228196551172,-.0581914164595097,16425
184,0,pr_0,.1543909348441926,-.0581914164595097,16425
184,0,pr_1,.2125823513037023,-.0581914164595097,16425
185,0,edu,-.0121961675027523,-.0633053041028501,15906
185,0,plants,.0278628021782252,-.0633053041028501,15906
185,0,age,.0011933892472985,-.0633053041028501,15906
185,0,gender,.0009207768153155,-.0633053041028501,15906
185,0,marriage,-.0004523705661843,-.0633053041028501,15906
185,0,ln_income,-.0000574918973262,-.0633053041028501,15906
185,0,health,-.0007922408657848,-.0633053041028501,15906
185,0,sportsArea,.0027043425871727,-.0633053041028501,15906
185,0,year14,-.0112820860875697,-.0633053041028501,15906
185,0,rice10,-.0561540045868624,-.0633053041028501,15906
185,0,ln_gdp_hist,-.0151565847001727,-.0633053041028501,15906
185,0,urban2000_10,.0047141465654381,-.0633053041028501,15906
185,0,diff,-.0633053041028501,-.0633053041028501,15906
185,0,expl,-.0586486869754499,-.0633053041028501,15906
185,0,pr_0,.1427738927738928,-.0633053041028501,15906
185,0,pr_1,.2060791968767429,-.0633053041028501,15906
186,0,edu,.0006392323219979,-.0196504055420404,24292
186,0,plants,-.0840640799088365,-.0196504055420404,24292
186,0,age,.0008160935533027,-.0196504055420404,24292
186,0,gender,-.0000437103431759,-.0196504055420404,24292
186,0,marriage,-.0004373991360825,-.0196504055420404,24292
186,0,ln_income,.000043430577095,-.0196504055420404,24292
186,0,health,-.0001650700755414,-.0196504055420404,24292
186,0,sportsArea,.0078818036613294,-.0196504055420404,24292
186,0,year14,-.0012507290331765,-.0196504055420404,24292
186,0,rice10,.0370708824063718,-.0196504055420404,24292
186,0,ln_gdp_hist,.06545212400675,-.0196504055420404,24292
186,0,urban2000_10,-.0439492494087474,-.0196504055420404,24292
186,0,diff,-.0196504055420404,-.0196504055420404,24292
186,0,expl,-.018084275191849,-.0196504055420404,24292
186,0,pr_0,.1709448388858547,-.0196504055420404,24292
186,0,pr_1,.1905952444278951,-.0196504055420404,24292
187,0,edu,-.0141617816949301,-.0969215961583913,13936
187,0,plants,-.0222074222130885,-.0969215961583913,13936
187,0,age,-.0012257902640562,-.0969215961583913,13936
187,0,gender,.0002156060304826,-.0969215961583913,13936
187,0,marriage,.0010402498268835,-.0969215961583913,13936
187,0,ln_income,4.03832917761e-06,-.0969215961583913,13936
187,0,health,-.0016140517957768,-.0969215961583913,13936
187,0,sportsArea,.0062027023959032,-.0969215961583913,13936
187,0,year14,-.0071362010162344,-.0969215961583913,13936
187,0,rice10,-.0409536883193639,-.0969215961583913,13936
187,0,ln_gdp_hist,-.0037308181888739,-.0969215961583913,13936
187,0,urban2000_10,.0008660950088373,-.0969215961583913,13936
187,0,diff,-.0969215961583913,-.0969215961583913,13936
187,0,expl,-.0827482656684712,-.0969215961583913,13936
187,0,pr_0,.1356303837118246,-.0969215961583913,13936
187,0,pr_1,.2325519798702159,-.0969215961583913,13936
188,0,edu,-.0088766240720596,-.067377910216159,9198
188,0,plants,-.0143321926876494,-.067377910216159,9198
188,0,age,.0040536934719186,-.067377910216159,9198
188,0,gender,.0008650153268336,-.067377910216159,9198
188,0,marriage,.0014171137602762,-.067377910216159,9198
188,0,ln_income,-.0005060117525066,-.067377910216159,9198
188,0,health,-.0019025900827548,-.067377910216159,9198
188,0,sportsArea,-.0025468120415111,-.067377910216159,9198
188,0,year14,-.0112582716361932,-.067377910216159,9198
188,0,rice10,-.0410252928257095,-.067377910216159,9198
188,0,ln_gdp_hist,.0010698230012835,-.067377910216159,9198
188,0,urban2000_10,.0055624901268373,-.067377910216159,9198
188,0,diff,-.067377910216159,-.067377910216159,9198
188,0,expl,-.0675334052045144,-.067377910216159,9198
188,0,pr_0,.1571160169093471,-.067377910216159,9198
188,0,pr_1,.2244939271255061,-.067377910216159,9198
189,0,edu,-.0055378981326838,-.0698884235376994,15536
189,0,plants,-.050831355234886,-.0698884235376994,15536
189,0,age,.0004752269263035,-.0698884235376994,15536
189,0,gender,.0000227260115893,-.0698884235376994,15536
189,0,marriage,-.0001483897073924,-.0698884235376994,15536
189,0,ln_income,.000038105993323,-.0698884235376994,15536
189,0,health,-.0004930969663184,-.0698884235376994,15536
189,0,sportsArea,.0105006797039149,-.0698884235376994,15536
189,0,year14,-.0000449500389148,-.0698884235376994,15536
189,0,rice10,-.0440512452318377,-.0698884235376994,15536
189,0,ln_gdp_hist,.0278687070423124,-.0698884235376994,15536
189,0,urban2000_10,-.00357748968866,-.0698884235376994,15536
189,0,diff,-.0698884235376994,-.0698884235376994,15536
189,0,expl,-.0659025614810256,-.0698884235376994,15536
189,0,pr_0,.1474430757745427,-.0698884235376994,15536
189,0,pr_1,.2173314993122421,-.0698884235376994,15536
190,0,edu,-.0101451083955221,-.0553388539598719,18451
190,0,plants,.0030209831590342,-.0553388539598719,18451
190,0,age,.0018632120221592,-.0553388539598719,18451
190,0,gender,.000575069600852,-.0553388539598719,18451
190,0,marriage,-.000352142980775,-.0553388539598719,18451
190,0,ln_income,-.000300734976646,-.0553388539598719,18451
190,0,health,-.0004333327838679,-.0553388539598719,18451
190,0,sportsArea,.0038071676617302,-.0553388539598719,18451
190,0,year14,-.0100205619489994,-.0553388539598719,18451
190,0,rice10,-.0354750518729926,-.0553388539598719,18451
190,0,ln_gdp_hist,.0211049164548848,-.0553388539598719,18451
190,0,urban2000_10,-.0270402747016981,-.0553388539598719,18451
190,0,diff,-.0553388539598719,-.0553388539598719,18451
190,0,expl,-.053688467105114,-.0553388539598719,18451
190,0,pr_0,.1653530102297501,-.0553388539598719,18451
190,0,pr_1,.220691864189622,-.0553388539598719,18451
191,0,edu,-.0003326163745415,.0008579476983937,17802
191,0,plants,.0175627338994025,.0008579476983937,17802
191,0,age,-.0002098352614864,.0008579476983937,17802
191,0,gender,-.000328647147561,.0008579476983937,17802
191,0,marriage,-.0005269856493575,.0008579476983937,17802
191,0,ln_income,.0000538953711187,.0008579476983937,17802
191,0,health,-.0016141208012396,.0008579476983937,17802
191,0,sportsArea,.0049963841719696,.0008579476983937,17802
191,0,year14,.0026630231598424,.0008579476983937,17802
191,0,rice10,-.0508926679072843,.0008579476983937,17802
191,0,ln_gdp_hist,.0250546670639715,.0008579476983937,17802
191,0,urban2000_10,.0056864148921883,.0008579476983937,17802
191,0,diff,.0008579476983937,.0008579476983937,17802
191,0,expl,.0020459975490556,.0008579476983937,17802
191,0,pr_0,.1670755642787046,.0008579476983937,17802
191,0,pr_1,.1662176165803109,.0008579476983937,17802
192,0,edu,-.0136078315288099,-.1089826911286139,14330
192,0,plants,-.0271143955145261,-.1089826911286139,14330
192,0,age,.0013155490703055,-.1089826911286139,14330
192,0,gender,.0003839039990987,-.1089826911286139,14330
192,0,marriage,.0004611017607705,-.1089826911286139,14330
192,0,ln_income,-.0000620782413461,-.1089826911286139,14330
192,0,health,-.0019692127606227,-.1089826911286139,14330
192,0,sportsArea,.0019928928740359,-.1089826911286139,14330
192,0,year14,-.0148694919279518,-.1089826911286139,14330
192,0,rice10,-.0490956380426548,-.1089826911286139,14330
192,0,ln_gdp_hist,-.002990385912485,-.1089826911286139,14330
192,0,urban2000_10,.0052047618252355,-.1089826911286139,14330
192,0,diff,-.1089826911286139,-.1089826911286139,14330
192,0,expl,-.1003506779020886,-.1089826911286139,14330
192,0,pr_0,.1415384615384615,-.1089826911286139,14330
192,0,pr_1,.2505211526670754,-.1089826911286139,14330
193,0,edu,-.0101377939855354,-.0307525123752003,16359
193,0,plants,-.0256396745178256,-.0307525123752003,16359
193,0,age,-.0004832583922851,-.0307525123752003,16359
193,0,gender,.00045889830644,-.0307525123752003,16359
193,0,marriage,-.0006035716638168,-.0307525123752003,16359
193,0,ln_income,-.0004394687144583,-.0307525123752003,16359
193,0,health,-.0005074976074546,-.0307525123752003,16359
193,0,sportsArea,.0026968348564934,-.0307525123752003,16359
193,0,year14,-.008284267752353,-.0307525123752003,16359
193,0,rice10,-.0001498905647891,-.0307525123752003,16359
193,0,ln_gdp_hist,-.0042429563148591,-.0307525123752003,16359
193,0,urban2000_10,.0166739954991337,-.0307525123752003,16359
193,0,diff,-.0307525123752003,-.0307525123752003,16359
193,0,expl,-.0304598859007848,-.0307525123752003,16359
193,0,pr_0,.1458411040656472,-.0307525123752003,16359
193,0,pr_1,.1765936164408475,-.0307525123752003,16359
194,0,edu,-.017067484960488,-.1146867046721291,9485
194,0,plants,-.0651949610494572,-.1146867046721291,9485
194,0,age,.0010015401010062,-.1146867046721291,9485
194,0,gender,.0014029779278335,-.1146867046721291,9485
194,0,marriage,-.000492204577258,-.1146867046721291,9485
194,0,ln_income,-.0010597412372134,-.1146867046721291,9485
194,0,health,-.000363503590803,-.1146867046721291,9485
194,0,sportsArea,.0033721272773006,-.1146867046721291,9485
194,0,year14,-.0085864679448307,-.1146867046721291,9485
194,0,rice10,-.0255510261190769,-.1146867046721291,9485
194,0,ln_gdp_hist,.0037841098410805,-.1146867046721291,9485
194,0,urban2000_10,-.002210606486336,-.1146867046721291,9485
194,0,diff,-.1146867046721291,-.1146867046721291,9485
194,0,expl,-.1109461567748863,-.1146867046721291,9485
194,0,pr_0,.1312482546774644,-.1146867046721291,9485
194,0,pr_1,.2459349593495935,-.1146867046721291,9485
195,0,edu,-.0125019346712046,-.0154952975831162,27181
195,0,plants,-.0018811086217223,-.0154952975831162,27181
195,0,age,.0001794754374727,-.0154952975831162,27181
195,0,gender,-.0000729104929893,-.0154952975831162,27181
195,0,marriage,-.002485581854134,-.0154952975831162,27181
195,0,ln_income,.0006836042693272,-.0154952975831162,27181
195,0,health,.0004249516788265,-.0154952975831162,27181
195,0,sportsArea,.0008861514107052,-.0154952975831162,27181
195,0,year14,-.0079772783479213,-.0154952975831162,27181
195,0,rice10,-.0024991546006394,-.0154952975831162,27181
195,0,ln_gdp_hist,.0213521166055394,-.0154952975831162,27181
195,0,urban2000_10,-.0079291145154905,-.0154952975831162,27181
195,0,diff,-.0154952975831162,-.0154952975831162,27181
195,0,expl,-.0116278117035514,-.0154952975831162,27181
195,0,pr_0,.1560493827160494,-.0154952975831162,27181
195,0,pr_1,.1715446802991656,-.0154952975831162,27181
196,0,edu,-.0134590222443838,-.0778946839875606,11129
196,0,plants,-.0389805321875152,-.0778946839875606,11129
196,0,age,.0019387644905753,-.0778946839875606,11129
196,0,gender,.0012498401169224,-.0778946839875606,11129
196,0,marriage,.0015468651429782,-.0778946839875606,11129
196,0,ln_income,-.0005969243629451,-.0778946839875606,11129
196,0,health,-.0013723722310127,-.0778946839875606,11129
196,0,sportsArea,.0052629136446722,-.0778946839875606,11129
196,0,year14,-.0078924489477661,-.0778946839875606,11129
196,0,rice10,-.0139001226213982,-.0778946839875606,11129
196,0,ln_gdp_hist,.0061201542874217,-.0778946839875606,11129
196,0,urban2000_10,-.010745403676016,-.0778946839875606,11129
196,0,diff,-.0778946839875606,-.0778946839875606,11129
196,0,expl,-.0707887929315268,-.0778946839875606,11129
196,0,pr_0,.1638280616382806,-.0778946839875606,11129
196,0,pr_1,.2417227456258412,-.0778946839875606,11129
197,0,edu,-.0054322430999412,-.0399052194100299,13628
197,0,plants,.0055579475131371,-.0399052194100299,13628
197,0,age,.0012104432878816,-.0399052194100299,13628
197,0,gender,.0001607277996432,-.0399052194100299,13628
197,0,marriage,.001113162348702,-.0399052194100299,13628
197,0,ln_income,-2.44186914698e-06,-.0399052194100299,13628
197,0,health,-.0014713486125062,-.0399052194100299,13628
197,0,sportsArea,.0043862429697112,-.0399052194100299,13628
197,0,year14,-.0020483002866384,-.0399052194100299,13628
197,0,rice10,-.039443565150373,-.0399052194100299,13628
197,0,ln_gdp_hist,.0076485977590863,-.0399052194100299,13628
197,0,urban2000_10,-.0065078276961105,-.0399052194100299,13628
197,0,diff,-.0399052194100299,-.0399052194100299,13628
197,0,expl,-.0349828383651852,-.0399052194100299,13628
197,0,pr_0,.1519038892282631,-.0399052194100299,13628
197,0,pr_1,.191809108638293,-.0399052194100299,13628
198,0,edu,-.0135520652863137,-.0908134430872345,13051
198,0,plants,-.0522963268695769,-.0908134430872345,13051
198,0,age,.0033639428944296,-.0908134430872345,13051
198,0,gender,.000844911938006,-.0908134430872345,13051
198,0,marriage,.0012230448917586,-.0908134430872345,13051
198,0,ln_income,-.0001956122527113,-.0908134430872345,13051
198,0,health,-.00387164839249,-.0908134430872345,13051
198,0,sportsArea,.0033277983879084,-.0908134430872345,13051
198,0,year14,-.0114117997223321,-.0908134430872345,13051
198,0,rice10,-.0430117630491885,-.0908134430872345,13051
198,0,ln_gdp_hist,.0030073935217266,-.0908134430872345,13051
198,0,urban2000_10,.0231005009600882,-.0908134430872345,13051
198,0,diff,-.0908134430872345,-.0908134430872345,13051
198,0,expl,-.0895319726234789,-.0908134430872345,13051
198,0,pr_0,.1601354620222545,-.0908134430872345,13051
198,0,pr_1,.250948905109489,-.0908134430872345,13051
199,0,edu,-.0140454666217327,-.0845217882478854,22104
199,0,plants,.0037937714190227,-.0845217882478854,22104
199,0,age,.0022030780615362,-.0845217882478854,22104
199,0,gender,.0007140175590199,-.0845217882478854,22104
199,0,marriage,-.0004756863804349,-.0845217882478854,22104
199,0,ln_income,.0000934733857954,-.0845217882478854,22104
199,0,health,-.0014198565429465,-.0845217882478854,22104
199,0,sportsArea,.0046970261554328,-.0845217882478854,22104
199,0,year14,-.0063374124347111,-.0845217882478854,22104
199,0,rice10,-.0537319901507322,-.0845217882478854,22104
199,0,ln_gdp_hist,-.0050492434818179,-.0845217882478854,22104
199,0,urban2000_10,-.0154171033754344,-.0845217882478854,22104
199,0,diff,-.0845217882478854,-.0845217882478854,22104
199,0,expl,-.0849371348724424,-.0845217882478854,22104
199,0,pr_0,.1386821810309836,-.0845217882478854,22104
199,0,pr_1,.223203969278869,-.0845217882478854,22104
200,0,edu,-.0183102054620573,-.1061031280951266,11135
200,0,plants,-.069659440590815,-.1061031280951266,11135
200,0,age,.0051784876337713,-.1061031280951266,11135
200,0,gender,.0016526218337602,-.1061031280951266,11135
200,0,marriage,.0005705789569148,-.1061031280951266,11135
200,0,ln_income,-.0014672031038459,-.1061031280951266,11135
200,0,health,-.0021969636713038,-.1061031280951266,11135
200,0,sportsArea,-.0003533128599916,-.1061031280951266,11135
200,0,year14,-.017737876255374,-.1061031280951266,11135
200,0,rice10,-.011997435887098,-.1061031280951266,11135
200,0,ln_gdp_hist,.0028608881164937,-.1061031280951266,11135
200,0,urban2000_10,.0072306461041111,-.1061031280951266,11135
200,0,diff,-.1061031280951266,-.1061031280951266,11135
200,0,expl,-.1042129527454289,-.1061031280951266,11135
200,0,pr_0,.1526702402223546,-.1061031280951266,11135
200,0,pr_1,.2587733683174812,-.1061031280951266,11135
201,0,edu,-.0040291709520331,-.0455773243890356,12724
201,0,plants,-.0055179723435056,-.0455773243890356,12724
201,0,age,.0009532716088478,-.0455773243890356,12724
201,0,gender,.0001271681327819,-.0455773243890356,12724
201,0,marriage,-.0008216864426037,-.0455773243890356,12724
201,0,ln_income,.000343476739065,-.0455773243890356,12724
201,0,health,-.000218857432929,-.0455773243890356,12724
201,0,sportsArea,.0040065914097671,-.0455773243890356,12724
201,0,year14,-.0100204311650662,-.0455773243890356,12724
201,0,rice10,-.0633185948409049,-.0455773243890356,12724
201,0,ln_gdp_hist,.0712184887504377,-.0455773243890356,12724
201,0,urban2000_10,-.0356271324571984,-.0455773243890356,12724
201,0,diff,-.0455773243890356,-.0455773243890356,12724
201,0,expl,-.0426653010822612,-.0455773243890356,12724
201,0,pr_0,.1616088631984586,-.0455773243890356,12724
201,0,pr_1,.2071861875874942,-.0455773243890356,12724
202,0,edu,-.0107538211883519,-.0549086597327972,14507
202,0,plants,-.0036857375188613,-.0549086597327972,14507
202,0,age,.0023393694845245,-.0549086597327972,14507
202,0,gender,.0003567272091672,-.0549086597327972,14507
202,0,marriage,-.00018318028565,-.0549086597327972,14507
202,0,ln_income,.0003442539643656,-.0549086597327972,14507
202,0,health,-.0012717712199302,-.0549086597327972,14507
202,0,sportsArea,.0041280548525493,-.0549086597327972,14507
202,0,year14,-.0070040356842311,-.0549086597327972,14507
202,0,rice10,-.0459585807402766,-.0549086597327972,14507
202,0,ln_gdp_hist,.0252357327573596,-.0549086597327972,14507
202,0,urban2000_10,-.0167211007905215,-.0549086597327972,14507
202,0,diff,-.0549086597327972,-.0549086597327972,14507
202,0,expl,-.0530724163006717,-.0549086597327972,14507
202,0,pr_0,.1581291759465479,-.0549086597327972,14507
202,0,pr_1,.2130378356793451,-.0549086597327972,14507
203,0,edu,-.0119353660233964,-.0518144060815614,15318
203,0,plants,-.0015049034454649,-.0518144060815614,15318
203,0,age,.0012868044862736,-.0518144060815614,15318
203,0,gender,-.0002332829834389,-.0518144060815614,15318
203,0,marriage,-.0002194788987665,-.0518144060815614,15318
203,0,ln_income,.0003278051019997,-.0518144060815614,15318
203,0,health,-.0010011335227218,-.0518144060815614,15318
203,0,sportsArea,.0041597747789848,-.0518144060815614,15318
203,0,year14,-.0056707286224898,-.0518144060815614,15318
203,0,rice10,-.0399429848643009,-.0518144060815614,15318
203,0,ln_gdp_hist,.0212243083212477,-.0518144060815614,15318
203,0,urban2000_10,-.0119544128319614,-.0518144060815614,15318
203,0,diff,-.0518144060815614,-.0518144060815614,15318
203,0,expl,-.0455339924968893,-.0518144060815614,15318
203,0,pr_0,.1607328033183547,-.0518144060815614,15318
203,0,pr_1,.2125472093999161,-.0518144060815614,15318
204,0,edu,-.0080960156705685,-.025834793748486,8263
204,0,plants,-.0077562195317284,-.025834793748486,8263
204,0,age,.0010827877400325,-.025834793748486,8263
204,0,gender,.0000428554594246,-.025834793748486,8263
204,0,marriage,-.0015032287646715,-.025834793748486,8263
204,0,ln_income,.0019505038755982,-.025834793748486,8263
204,0,health,-.0001627164790001,-.025834793748486,8263
204,0,sportsArea,.0025387339912091,-.025834793748486,8263
204,0,year14,-.0093901016482434,-.025834793748486,8263
204,0,rice10,-.0170715830056979,-.025834793748486,8263
204,0,ln_gdp_hist,.0156157205011823,-.025834793748486,8263
204,0,urban2000_10,.0005822848046554,-.025834793748486,8263
204,0,diff,-.025834793748486,-.025834793748486,8263
204,0,expl,-.0218282311820357,-.025834793748486,8263
204,0,pr_0,.1547420965058236,-.025834793748486,8263
204,0,pr_1,.1805768902543096,-.025834793748486,8263
205,0,edu,-.010701231313075,-.0745665952608382,17294
205,0,plants,-.0165524418916164,-.0745665952608382,17294
205,0,age,.0005012637457751,-.0745665952608382,17294
205,0,gender,.0001569689829728,-.0745665952608382,17294
205,0,marriage,-.0005868621540455,-.0745665952608382,17294
205,0,ln_income,.0001795371610406,-.0745665952608382,17294
205,0,health,-.000265611858442,-.0745665952608382,17294
205,0,sportsArea,.006537106886123,-.0745665952608382,17294
205,0,year14,-.0066165387877662,-.0745665952608382,17294
205,0,rice10,-.0593144187273109,-.0745665952608382,17294
205,0,ln_gdp_hist,.0364371487479189,-.0745665952608382,17294
205,0,urban2000_10,-.020735011153457,-.0745665952608382,17294
205,0,diff,-.0745665952608382,-.0745665952608382,17294
205,0,expl,-.0710615861386821,-.0745665952608382,17294
205,0,pr_0,.1454576976421637,-.0745665952608382,17294
205,0,pr_1,.2200242929030019,-.0745665952608382,17294
206,0,edu,-.0093803697922035,-.0467121268563882,18160
206,0,plants,-.0126978502446242,-.0467121268563882,18160
206,0,age,.0038746581138771,-.0467121268563882,18160
206,0,gender,.000694125682266,-.0467121268563882,18160
206,0,marriage,-.0004572252348982,-.0467121268563882,18160
206,0,ln_income,.0002479984630371,-.0467121268563882,18160
206,0,health,-.0003436299280602,-.0467121268563882,18160
206,0,sportsArea,.005132765566397,-.0467121268563882,18160
206,0,year14,-.0057418109526107,-.0467121268563882,18160
206,0,rice10,-.0469469382875115,-.0467121268563882,18160
206,0,ln_gdp_hist,.0731786861747582,-.0467121268563882,18160
206,0,urban2000_10,-.0508502655641609,-.0467121268563882,18160
206,0,diff,-.0467121268563882,-.0467121268563882,18160
206,0,expl,-.0432584483285848,-.0467121268563882,18160
206,0,pr_0,.1807304785894207,-.0467121268563882,18160
206,0,pr_1,.2274426054458089,-.0467121268563882,18160
207,0,edu,.0004233258866394,-.0090414608345464,18801
207,0,plants,-.0001646306745163,-.0090414608345464,18801
207,0,age,.001821278085648,-.0090414608345464,18801
207,0,gender,-.0001302883815285,-.0090414608345464,18801
207,0,marriage,.000045623304883,-.0090414608345464,18801
207,0,ln_income,-.0001481859166911,-.0090414608345464,18801
207,0,health,-.0005809743670861,-.0090414608345464,18801
207,0,sportsArea,.0056094859417378,-.0090414608345464,18801
207,0,year14,.0001645422168277,-.0090414608345464,18801
207,0,rice10,-.0648399218335561,-.0090414608345464,18801
207,0,ln_gdp_hist,.1032678443463925,-.0090414608345464,18801
207,0,urban2000_10,-.0566028182627452,-.0090414608345464,18801
207,0,diff,-.0090414608345464,-.0090414608345464,18801
207,0,expl,-.010954993327899,-.0090414608345464,18801
207,0,pr_0,.1868372327890928,-.0090414608345464,18801
207,0,pr_1,.1958786936236392,-.0090414608345464,18801
208,0,edu,-.0106986012366025,-.0810926006811927,14776
208,0,plants,-.0230699879241747,-.0810926006811927,14776
208,0,age,.0007425949058814,-.0810926006811927,14776
208,0,gender,.0007064398067115,-.0810926006811927,14776
208,0,marriage,.0018092970517955,-.0810926006811927,14776
208,0,ln_income,-.0000994801612797,-.0810926006811927,14776
208,0,health,-.0028481935255763,-.0810926006811927,14776
208,0,sportsArea,.0071950509727134,-.0810926006811927,14776
208,0,year14,-.0058319328666979,-.0810926006811927,14776
208,0,rice10,-.0545521366558345,-.0810926006811927,14776
208,0,ln_gdp_hist,.0042647354845933,-.0810926006811927,14776
208,0,urban2000_10,.0073202095301726,-.0810926006811927,14776
208,0,diff,-.0810926006811927,-.0810926006811927,14776
208,0,expl,-.0751105697166586,-.0810926006811927,14776
208,0,pr_0,.161836976783596,-.0810926006811927,14776
208,0,pr_1,.2429295774647887,-.0810926006811927,14776
209,0,edu,-.0020891236718579,.0040567650984318,13179
209,0,plants,.0156650429350093,.0040567650984318,13179
209,0,age,.0011972993375061,.0040567650984318,13179
209,0,gender,-.0004595133398013,.0040567650984318,13179
209,0,marriage,.0007330238442465,.0040567650984318,13179
209,0,ln_income,.0000127700575091,.0040567650984318,13179
209,0,health,-.0020096006771456,.0040567650984318,13179
209,0,sportsArea,.0049934268070612,.0040567650984318,13179
209,0,year14,.0007367627957187,.0040567650984318,13179
209,0,rice10,-.0630597314524112,.0040567650984318,13179
209,0,ln_gdp_hist,-.0262863721772304,.0040567650984318,13179
209,0,urban2000_10,.0759896866528202,.0040567650984318,13179
209,0,diff,.0040567650984318,.0040567650984318,13179
209,0,expl,.0054335720644733,.0040567650984318,13179
209,0,pr_0,.1665259009009009,.0040567650984318,13179
209,0,pr_1,.1624691358024691,.0040567650984318,13179
210,0,edu,-.0188068064220387,-.1263806199631842,12323
210,0,plants,-.024903228827269,-.1263806199631842,12323
210,0,age,-.0000446874033366,-.1263806199631842,12323
210,0,gender,.0016773878961713,-.1263806199631842,12323
210,0,marriage,-.0000427009118274,-.1263806199631842,12323
210,0,ln_income,-.0007835960890872,-.1263806199631842,12323
210,0,health,-.0007777640446338,-.1263806199631842,12323
210,0,sportsArea,.0001457331903839,-.1263806199631842,12323
210,0,year14,-.0182619402649739,-.1263806199631842,12323
210,0,rice10,-.0422448515166872,-.1263806199631842,12323
210,0,ln_gdp_hist,-.0205496723623372,-.1263806199631842,12323
210,0,urban2000_10,.0032222095500649,-.1263806199631842,12323
210,0,diff,-.1263806199631842,-.1263806199631842,12323
210,0,expl,-.1213579211320741,-.1263806199631842,12323
210,0,pr_0,.1307520476545048,-.1263806199631842,12323
210,0,pr_1,.257132667617689,-.1263806199631842,12323
211,0,edu,-.0084708647134621,-.0878084216735466,18395
211,0,plants,-.028351822859171,-.0878084216735466,18395
211,0,age,.0017035364220678,-.0878084216735466,18395
211,0,gender,.0004106075879133,-.0878084216735466,18395
211,0,marriage,.0006604115517289,-.0878084216735466,18395
211,0,ln_income,-.000509280872904,-.0878084216735466,18395
211,0,health,-.0007595973213014,-.0878084216735466,18395
211,0,sportsArea,.0075618133112183,-.0878084216735466,18395
211,0,year14,-.0093657900262062,-.0878084216735466,18395
211,0,rice10,-.0692705834708844,-.0878084216735466,18395
211,0,ln_gdp_hist,.0336407368199009,-.0878084216735466,18395
211,0,urban2000_10,-.0169555131258338,-.0878084216735466,18395
211,0,diff,-.0878084216735466,-.0878084216735466,18395
211,0,expl,-.0896253499410389,-.0878084216735466,18395
211,0,pr_0,.1646677014251446,-.0878084216735466,18395
211,0,pr_1,.2524761230986912,-.0878084216735466,18395
212,0,edu,-.014705902147728,-.0952495622512917,15882
212,0,plants,-.064053471486372,-.0952495622512917,15882
212,0,age,.0000478909456745,-.0952495622512917,15882
212,0,gender,.0012219755479525,-.0952495622512917,15882
212,0,marriage,.0014668709539772,-.0952495622512917,15882
212,0,ln_income,-.0004343611524302,-.0952495622512917,15882
212,0,health,-.0014257054605616,-.0952495622512917,15882
212,0,sportsArea,.0078910185918552,-.0952495622512917,15882
212,0,year14,-.008930622515199,-.0952495622512917,15882
212,0,rice10,-.0155144043460565,-.0952495622512917,15882
212,0,ln_gdp_hist,.0023196807961032,-.0952495622512917,15882
212,0,urban2000_10,.0063566543684896,-.0952495622512917,15882
212,0,diff,-.0952495622512917,-.0952495622512917,15882
212,0,expl,-.0857913054565279,-.0952495622512917,15882
212,0,pr_0,.1527462551066727,-.0952495622512917,15882
212,0,pr_1,.2479958173579644,-.0952495622512917,15882
213,0,edu,-.0029186426600114,-.0297285385910612,20730
213,0,plants,-.0062495784544065,-.0297285385910612,20730
213,0,age,-.0015444038643569,-.0297285385910612,20730
213,0,gender,-.0000201144670179,-.0297285385910612,20730
213,0,marriage,-.0010731611235038,-.0297285385910612,20730
213,0,ln_income,.0000303121460257,-.0297285385910612,20730
213,0,health,.0000722371776325,-.0297285385910612,20730
213,0,sportsArea,.0052235928119657,-.0297285385910612,20730
213,0,year14,-.0016872956192355,-.0297285385910612,20730
213,0,rice10,-.035101903372502,-.0297285385910612,20730
213,0,ln_gdp_hist,.0157871866157662,-.0297285385910612,20730
213,0,urban2000_10,.0002718528185432,-.0297285385910612,20730
213,0,diff,-.0297285385910612,-.0297285385910612,20730
213,0,expl,-.0271470205289784,-.0297285385910612,20730
213,0,pr_0,.1408979591836735,-.0297285385910612,20730
213,0,pr_1,.1706264977747347,-.0297285385910612,20730
214,0,edu,-.0058509812413957,-.0427001445805902,16531
214,0,plants,.0344744261192466,-.0427001445805902,16531
214,0,age,.0004773955368787,-.0427001445805902,16531
214,0,gender,-8.21145844125e-06,-.0427001445805902,16531
214,0,marriage,-.0003721490770934,-.0427001445805902,16531
214,0,ln_income,.0002728617130699,-.0427001445805902,16531
214,0,health,-.00032318297687,-.0427001445805902,16531
214,0,sportsArea,.0049564275005104,-.0427001445805902,16531
214,0,year14,-.0100733553480504,-.0427001445805902,16531
214,0,rice10,-.05743419042989,-.0427001445805902,16531
214,0,ln_gdp_hist,.0354605094376049,-.0427001445805902,16531
214,0,urban2000_10,-.0371417779882857,-.0427001445805902,16531
214,0,diff,-.0427001445805902,-.0427001445805902,16531
214,0,expl,-.0354347027701287,-.0427001445805902,16531
214,0,pr_0,.1720579480055567,-.0427001445805902,16531
214,0,pr_1,.2147580925861469,-.0427001445805902,16531
215,0,edu,-.0092413288525553,-.0406017124425345,19631
215,0,plants,-.0018069058518995,-.0406017124425345,19631
215,0,age,.0001746862514687,-.0406017124425345,19631
215,0,gender,.0000792620270186,-.0406017124425345,19631
215,0,marriage,-.0008031456565628,-.0406017124425345,19631
215,0,ln_income,.000024184440473,-.0406017124425345,19631
215,0,health,-.0004727658373719,-.0406017124425345,19631
215,0,sportsArea,.0054325061488917,-.0406017124425345,19631
215,0,year14,-.0030246581016686,-.0406017124425345,19631
215,0,rice10,-.0297532042767468,-.0406017124425345,19631
215,0,ln_gdp_hist,.017805665631971,-.0406017124425345,19631
215,0,urban2000_10,-.016587948484355,-.0406017124425345,19631
215,0,diff,-.0406017124425345,-.0406017124425345,19631
215,0,expl,-.0381317313104498,-.0406017124425345,19631
215,0,pr_0,.1528571428571429,-.0406017124425345,19631
215,0,pr_1,.1934588552996774,-.0406017124425345,19631
216,0,edu,-.0075872348533332,-.0973827067769418,6750
216,0,plants,.0017260433070104,-.0973827067769418,6750
216,0,age,.0009805954609957,-.0973827067769418,6750
216,0,gender,.0019791151755661,-.0973827067769418,6750
216,0,marriage,.0001614203927107,-.0973827067769418,6750
216,0,ln_income,.0009610993714864,-.0973827067769418,6750
216,0,health,-.0027740813650394,-.0973827067769418,6750
216,0,sportsArea,.004127103001542,-.0973827067769418,6750
216,0,year14,-.0286656551519298,-.0973827067769418,6750
216,0,rice10,-.0231641415536954,-.0973827067769418,6750
216,0,ln_gdp_hist,.0071801186861569,-.0973827067769418,6750
216,0,urban2000_10,-.0511635933825443,-.0973827067769418,6750
216,0,diff,-.0973827067769418,-.0973827067769418,6750
216,0,expl,-.0963002756328553,-.0973827067769418,6750
216,0,pr_0,.1390630763555883,-.0973827067769418,6750
216,0,pr_1,.2364457831325301,-.0973827067769418,6750
217,0,edu,-.0056439311138799,-.0223650633155183,20032
217,0,plants,.0510271256312283,-.0223650633155183,20032
217,0,age,-.0011048100262894,-.0223650633155183,20032
217,0,gender,-.000151076664867,-.0223650633155183,20032
217,0,marriage,-.0030958944835369,-.0223650633155183,20032
217,0,ln_income,.0007220240726562,-.0223650633155183,20032
217,0,health,.0003507460077612,-.0223650633155183,20032
217,0,sportsArea,.0006043189650516,-.0223650633155183,20032
217,0,year14,-.0075224565310268,-.0223650633155183,20032
217,0,rice10,-.0689035747714464,-.0223650633155183,20032
217,0,ln_gdp_hist,.029549976680621,-.0223650633155183,20032
217,0,urban2000_10,-.021088289316119,-.0223650633155183,20032
217,0,diff,-.0223650633155183,-.0223650633155183,20032
217,0,expl,-.0254092061084851,-.0223650633155183,20032
217,0,pr_0,.1578674948240166,-.0223650633155183,20032
217,0,pr_1,.1802325581395349,-.0223650633155183,20032
218,0,edu,-.0095267684546758,-.0511861387986443,12880
218,0,plants,.0010184721433453,-.0511861387986443,12880
218,0,age,-.0005263347548881,-.0511861387986443,12880
218,0,gender,.0005879782930464,-.0511861387986443,12880
218,0,marriage,-.0002923736873636,-.0511861387986443,12880
218,0,ln_income,.0000738286323678,-.0511861387986443,12880
218,0,health,-.000854634696574,-.0511861387986443,12880
218,0,sportsArea,.0050109815732639,-.0511861387986443,12880
218,0,year14,-.0074484139567602,-.0511861387986443,12880
218,0,rice10,-.0318825737744531,-.0511861387986443,12880
218,0,ln_gdp_hist,-.0066023094209411,-.0511861387986443,12880
218,0,urban2000_10,-.0016337261398202,-.0511861387986443,12880
218,0,diff,-.0511861387986443,-.0511861387986443,12880
218,0,expl,-.0521310918302229,-.0511861387986443,12880
218,0,pr_0,.1407668086682719,-.0511861387986443,12880
218,0,pr_1,.1919529474669162,-.0511861387986443,12880
219,0,edu,-.0043469019888919,-.0330467457512226,23613
219,0,plants,.0142561488234669,-.0330467457512226,23613
219,0,age,.0009649175696848,-.0330467457512226,23613
219,0,gender,-.0000597509184461,-.0330467457512226,23613
219,0,marriage,-.000129647616598,-.0330467457512226,23613
219,0,ln_income,.0001057188113247,-.0330467457512226,23613
219,0,health,-.0005875242653066,-.0330467457512226,23613
219,0,sportsArea,.0051781787367865,-.0330467457512226,23613
219,0,year14,-.0041106696281954,-.0330467457512226,23613
219,0,rice10,-.0372181560080481,-.0330467457512226,23613
219,0,ln_gdp_hist,.0374787988514928,-.0330467457512226,23613
219,0,urban2000_10,-.0394308896540077,-.0330467457512226,23613
219,0,diff,-.0330467457512226,-.0330467457512226,23613
219,0,expl,-.0280492584301547,-.0330467457512226,23613
219,0,pr_0,.1673807061604373,-.0330467457512226,23613
219,0,pr_1,.2004274519116599,-.0330467457512226,23613
220,0,edu,-.0121981059480794,-.0571010646652326,12812
220,0,plants,-.0053012823749898,-.0571010646652326,12812
220,0,age,.0012823701595185,-.0571010646652326,12812
220,0,gender,.0005851561001476,-.0571010646652326,12812
220,0,marriage,-.0008425159917682,-.0571010646652326,12812
220,0,ln_income,-.0001634418282642,-.0571010646652326,12812
220,0,health,-.0007527149806324,-.0571010646652326,12812
220,0,sportsArea,.0005536898660605,-.0571010646652326,12812
220,0,year14,-.0107672566042677,-.0571010646652326,12812
220,0,rice10,-.0216484575992079,-.0571010646652326,12812
220,0,ln_gdp_hist,-.0066519370221758,-.0571010646652326,12812
220,0,urban2000_10,.0008130321439176,-.0571010646652326,12812
220,0,diff,-.0571010646652326,-.0571010646652326,12812
220,0,expl,-.0548818142472483,-.0571010646652326,12812
220,0,pr_0,.1427031687863764,-.0571010646652326,12812
220,0,pr_1,.199804233451609,-.0571010646652326,12812
221,0,edu,-.0059682265642186,-.0482158040646201,14085
221,0,plants,-.0099294768174247,-.0482158040646201,14085
221,0,age,-.000066803048848,-.0482158040646201,14085
221,0,gender,-.0002411353947188,-.0482158040646201,14085
221,0,marriage,-.0004685552283964,-.0482158040646201,14085
221,0,ln_income,.000116437076246,-.0482158040646201,14085
221,0,health,-.0007216718807833,-.0482158040646201,14085
221,0,sportsArea,.0031040228722646,-.0482158040646201,14085
221,0,year14,-.0046147352902903,-.0482158040646201,14085
221,0,rice10,-.0331952310492991,-.0482158040646201,14085
221,0,ln_gdp_hist,.0017737502436979,-.0482158040646201,14085
221,0,urban2000_10,.0052529220755553,-.0482158040646201,14085
221,0,diff,-.0482158040646201,-.0482158040646201,14085
221,0,expl,-.044945811336282,-.0482158040646201,14085
221,0,pr_0,.1388599493972317,-.0482158040646201,14085
221,0,pr_1,.1870757534618518,-.0482158040646201,14085
222,0,edu,-.0032699260035557,-.0663022787118604,22513
222,0,plants,-.006470603390765,-.0663022787118604,22513
222,0,age,.0004438200374671,-.0663022787118604,22513
222,0,gender,-.0000422551368898,-.0663022787118604,22513
222,0,marriage,-.0009388163661944,-.0663022787118604,22513
222,0,ln_income,.0003301173054768,-.0663022787118604,22513
222,0,health,-.0002689028974955,-.0663022787118604,22513
222,0,sportsArea,.0054905571071444,-.0663022787118604,22513
222,0,year14,-.0068852931376125,-.0663022787118604,22513
222,0,rice10,-.0527478190208361,-.0663022787118604,22513
222,0,ln_gdp_hist,.0196656678514511,-.0663022787118604,22513
222,0,urban2000_10,-.0152908195155358,-.0663022787118604,22513
222,0,diff,-.0663022787118604,-.0663022787118604,22513
222,0,expl,-.0596684390900409,-.0663022787118604,22513
222,0,pr_0,.1351897946484132,-.0663022787118604,22513
222,0,pr_1,.2014920733602736,-.0663022787118604,22513
223,0,edu,-.0065014095650714,-.0325602544630034,16019
223,0,plants,-.026562318103023,-.0325602544630034,16019
223,0,age,.002638864871915,-.0325602544630034,16019
223,0,gender,-.0000254643000647,-.0325602544630034,16019
223,0,marriage,.0008967277903094,-.0325602544630034,16019
223,0,ln_income,-.0002473311904668,-.0325602544630034,16019
223,0,health,-.0020170176331216,-.0325602544630034,16019
223,0,sportsArea,.0051508532080224,-.0325602544630034,16019
223,0,year14,-.0042231028913262,-.0325602544630034,16019
223,0,rice10,-.0334845469926483,-.0325602544630034,16019
223,0,ln_gdp_hist,.059800957018405,-.0325602544630034,16019
223,0,urban2000_10,-.0261827107521059,-.0325602544630034,16019
223,0,diff,-.0325602544630034,-.0325602544630034,16019
223,0,expl,-.0307236676793917,-.0325602544630034,16019
223,0,pr_0,.1845675984959948,-.0325602544630034,16019
223,0,pr_1,.2171278529589982,-.0325602544630034,16019
224,0,edu,-.0051066762244561,-.0578971045875391,22142
224,0,plants,-.023595751360751,-.0578971045875391,22142
224,0,age,.001298457163415,-.0578971045875391,22142
224,0,gender,.0002090051971383,-.0578971045875391,22142
224,0,marriage,.0002188801248855,-.0578971045875391,22142
224,0,ln_income,-.0000784428726247,-.0578971045875391,22142
224,0,health,-.0008692099189077,-.0578971045875391,22142
224,0,sportsArea,.0075484687226894,-.0578971045875391,22142
224,0,year14,-.0034470919539882,-.0578971045875391,22142
224,0,rice10,-.0636971500016822,-.0578971045875391,22142
224,0,ln_gdp_hist,.074029068967464,-.0578971045875391,22142
224,0,urban2000_10,-.0432734183985195,-.0578971045875391,22142
224,0,diff,-.0578971045875391,-.0578971045875391,22142
224,0,expl,-.0568873813029518,-.0578971045875391,22142
224,0,pr_0,.1691625069328896,-.0578971045875391,22142
224,0,pr_1,.2270596115204287,-.0578971045875391,22142
225,0,edu,-.0092863186147333,-.0598273053826599,19220
225,0,plants,.0100627583870144,-.0598273053826599,19220
225,0,age,.0016586818378039,-.0598273053826599,19220
225,0,gender,.0001356940318094,-.0598273053826599,19220
225,0,marriage,-.0004796589784577,-.0598273053826599,19220
225,0,ln_income,.0000897995646192,-.0598273053826599,19220
225,0,health,-.0005603138111821,-.0598273053826599,19220
225,0,sportsArea,.0033980669543146,-.0598273053826599,19220
225,0,year14,-.0087049403179205,-.0598273053826599,19220
225,0,rice10,-.0383378989991316,-.0598273053826599,19220
225,0,ln_gdp_hist,.0087885402363576,-.0598273053826599,19220
225,0,urban2000_10,-.0234356405225474,-.0598273053826599,19220
225,0,diff,-.0598273053826599,-.0598273053826599,19220
225,0,expl,-.0567389169792654,-.0598273053826599,19220
225,0,pr_0,.1506384354291256,-.0598273053826599,19220
225,0,pr_1,.2104657408117855,-.0598273053826599,19220
226,0,edu,-.0051572266063189,-.0340680617287264,21760
226,0,plants,.0132284517139946,-.0340680617287264,21760
226,0,age,.0028537105823152,-.0340680617287264,21760
226,0,gender,.0004061527089699,-.0340680617287264,21760
226,0,marriage,.0012838935270821,-.0340680617287264,21760
226,0,ln_income,-.0001068230354766,-.0340680617287264,21760
226,0,health,-.0017741179907046,-.0340680617287264,21760
226,0,sportsArea,.004803423783691,-.0340680617287264,21760
226,0,year14,-.0028650780711042,-.0340680617287264,21760
226,0,rice10,-.0441547619780596,-.0340680617287264,21760
226,0,ln_gdp_hist,.0599673681551671,-.0340680617287264,21760
226,0,urban2000_10,-.0603002463882329,-.0340680617287264,21760
226,0,diff,-.0340680617287264,-.0340680617287264,21760
226,0,expl,-.0317913665694151,-.0340680617287264,21760
226,0,pr_0,.1854951185495119,-.0340680617287264,21760
226,0,pr_1,.2195631802782383,-.0340680617287264,21760
227,0,edu,-.0202650974631345,-.1192511615551647,14217
227,0,plants,-.0236855915104607,-.1192511615551647,14217
227,0,age,-.0004858199854606,-.1192511615551647,14217
227,0,gender,.0014421732453926,-.1192511615551647,14217
227,0,marriage,.0006163381264965,-.1192511615551647,14217
227,0,ln_income,-.0004083601270954,-.1192511615551647,14217
227,0,health,-.001036292777849,-.1192511615551647,14217
227,0,sportsArea,.0039828225190485,-.1192511615551647,14217
227,0,year14,-.0107444786635603,-.1192511615551647,14217
227,0,rice10,-.0480451181420442,-.1192511615551647,14217
227,0,ln_gdp_hist,-.0131766633301762,-.1192511615551647,14217
227,0,urban2000_10,.0030439530358,-.1192511615551647,14217
227,0,diff,-.1192511615551647,-.1192511615551647,14217
227,0,expl,-.1088440543797075,-.1192511615551647,14217
227,0,pr_0,.1201633705932932,-.1192511615551647,14217
227,0,pr_1,.2394145321484579,-.1192511615551647,14217
228,0,edu,-.0072697688719125,-.0289212003902398,18576
228,0,plants,-.0469391488617362,-.0289212003902398,18576
228,0,age,.0011418310681048,-.0289212003902398,18576
228,0,gender,.0002744696434985,-.0289212003902398,18576
228,0,marriage,.0001225952827982,-.0289212003902398,18576
228,0,ln_income,-.0002196904844376,-.0289212003902398,18576
228,0,health,-.0009520374693084,-.0289212003902398,18576
228,0,sportsArea,.0063469455977639,-.0289212003902398,18576
228,0,year14,-.0026836321068445,-.0289212003902398,18576
228,0,rice10,.0201823070920196,-.0289212003902398,18576
228,0,ln_gdp_hist,.0420804900147722,-.0289212003902398,18576
228,0,urban2000_10,-.0364405489910352,-.0289212003902398,18576
228,0,diff,-.0289212003902398,-.0289212003902398,18576
228,0,expl,-.024592815535935,-.0289212003902398,18576
228,0,pr_0,.1645376549094376,-.0289212003902398,18576
228,0,pr_1,.1934588552996774,-.0289212003902398,18576
229,0,edu,-.0086915424599097,-.0425652806128273,10759
229,0,plants,-.0042381220555986,-.0425652806128273,10759
229,0,age,-.0016461982523635,-.0425652806128273,10759
229,0,gender,.0000252638359004,-.0425652806128273,10759
229,0,marriage,-.0001017065111043,-.0425652806128273,10759
229,0,ln_income,-.0000113502389743,-.0425652806128273,10759
229,0,health,.0002901983891204,-.0425652806128273,10759
229,0,sportsArea,.004474591506259,-.0425652806128273,10759
229,0,year14,-.0056416331436424,-.0425652806128273,10759
229,0,rice10,-.0123702430170564,-.0425652806128273,10759
229,0,ln_gdp_hist,.0027605375021448,-.0425652806128273,10759
229,0,urban2000_10,-.0129509631489933,-.0425652806128273,10759
229,0,diff,-.0425652806128273,-.0425652806128273,10759
229,0,expl,-.0379698027308263,-.0425652806128273,10759
229,0,pr_0,.1337548638132296,-.0425652806128273,10759
229,0,pr_1,.1763201444260569,-.0425652806128273,10759
230,0,edu,-.0177273643820326,-.102559918408975,8065
230,0,plants,-.0055150595957778,-.102559918408975,8065
230,0,age,.0021623572834244,-.102559918408975,8065
230,0,gender,.0014059854837536,-.102559918408975,8065
230,0,marriage,.0008979550849213,-.102559918408975,8065
230,0,ln_income,-.0002885316635155,-.102559918408975,8065
230,0,health,-.0038357463526675,-.102559918408975,8065
230,0,sportsArea,-.0008388248089878,-.102559918408975,8065
230,0,year14,-.0181896030191906,-.102559918408975,8065
230,0,rice10,-.0436511308806994,-.102559918408975,8065
230,0,ln_gdp_hist,-.0060756747426807,-.102559918408975,8065
230,0,urban2000_10,-.007962891739306,-.102559918408975,8065
230,0,diff,-.102559918408975,-.102559918408975,8065
230,0,expl,-.0998260651310994,-.102559918408975,8065
230,0,pr_0,.1502702702702703,-.102559918408975,8065
230,0,pr_1,.2528301886792453,-.102559918408975,8065
231,0,edu,-.0075049794745421,-.0260826891999367,19774
231,0,plants,.0400779335817312,-.0260826891999367,19774
231,0,age,.0013395909687952,-.0260826891999367,19774
231,0,gender,.0000321696154863,-.0260826891999367,19774
231,0,marriage,-.0028425074186834,-.0260826891999367,19774
231,0,ln_income,.0011254935900244,-.0260826891999367,19774
231,0,health,.0002714537057334,-.0260826891999367,19774
231,0,sportsArea,-.0010589619186685,-.0260826891999367,19774
231,0,year14,-.0108193912938709,-.0260826891999367,19774
231,0,rice10,-.053959220545769,-.0260826891999367,19774
231,0,ln_gdp_hist,.0269706615458929,-.0260826891999367,19774
231,0,urban2000_10,-.0187719689788098,-.0260826891999367,19774
231,0,diff,-.0260826891999367,-.0260826891999367,19774
231,0,expl,-.0255665018548435,-.0260826891999367,19774
231,0,pr_0,.154557463672391,-.0260826891999367,19774
231,0,pr_1,.1806401528723277,-.0260826891999367,19774
232,0,edu,-.0158689976587743,-.1276443863791825,9289
232,0,plants,-.0496750464844797,-.1276443863791825,9289
232,0,age,.0044214426658757,-.1276443863791825,9289
232,0,gender,.0009713202477009,-.1276443863791825,9289
232,0,marriage,-.0011677794148381,-.1276443863791825,9289
232,0,ln_income,-.001379023587991,-.1276443863791825,9289
232,0,health,.0003477931990535,-.1276443863791825,9289
232,0,sportsArea,-.0045008310914393,-.1276443863791825,9289
232,0,year14,-.014481398225381,-.1276443863791825,9289
232,0,rice10,-.0395355346126775,-.1276443863791825,9289
232,0,ln_gdp_hist,-.00451209459884,-.1276443863791825,9289
232,0,urban2000_10,-.0006568892474621,-.1276443863791825,9289
232,0,diff,-.1276443863791825,-.1276443863791825,9289
232,0,expl,-.1259764215273184,-.1276443863791825,9289
232,0,pr_0,.1323634629143811,-.1276443863791825,9289
232,0,pr_1,.2600078492935636,-.1276443863791825,9289
233,0,edu,-.0009240857596189,.0015420265839666,14282
233,0,plants,.0115184674524104,.0015420265839666,14282
233,0,age,.000046291958655,.0015420265839666,14282
233,0,gender,-.0001967224950651,.0015420265839666,14282
233,0,marriage,-.0008346704656708,.0015420265839666,14282
233,0,ln_income,.0003771641138157,.0015420265839666,14282
233,0,health,-.0002957989126996,.0015420265839666,14282
233,0,sportsArea,.0051207272596895,.0015420265839666,14282
233,0,year14,-.0007302542723148,.0015420265839666,14282
233,0,rice10,-.0403777795240578,.0015420265839666,14282
233,0,ln_gdp_hist,.0430994553349069,.0015420265839666,14282
233,0,urban2000_10,-.016739055108255,.0015420265839666,14282
233,0,diff,.0015420265839666,.0015420265839666,14282
233,0,expl,-.000136724610333,.0015420265839666,14282
233,0,pr_0,.1798578779710855,.0015420265839666,14282
233,0,pr_1,.1783158513871189,.0015420265839666,14282
234,0,edu,-.01010391650393,-.0582348744121078,13152
234,0,plants,-.0089652555860934,-.0582348744121078,13152
234,0,age,.0009765173742951,-.0582348744121078,13152
234,0,gender,.0006579617450493,-.0582348744121078,13152
234,0,marriage,.0014014599526003,-.0582348744121078,13152
234,0,ln_income,-.0000926888354673,-.0582348744121078,13152
234,0,health,-.0017607471120949,-.0582348744121078,13152
234,0,sportsArea,.0034678818889511,-.0582348744121078,13152
234,0,year14,-.0092599788919097,-.0582348744121078,13152
234,0,rice10,-.0346776044158078,-.0582348744121078,13152
234,0,ln_gdp_hist,-.0024429162571975,-.0582348744121078,13152
234,0,urban2000_10,.0076399627476531,-.0582348744121078,13152
234,0,diff,-.0582348744121078,-.0582348744121078,13152
234,0,expl,-.053149661513355,-.0582348744121078,13152
234,0,pr_0,.1751895467010808,-.0582348744121078,13152
234,0,pr_1,.2334244211131886,-.0582348744121078,13152
235,0,edu,-.0108917016456063,-.091017871535837,12589
235,0,plants,-.035323118341529,-.091017871535837,12589
235,0,age,.0000875564527117,-.091017871535837,12589
235,0,gender,.0013909270756929,-.091017871535837,12589
235,0,marriage,.0011926150377529,-.091017871535837,12589
235,0,ln_income,-.0006482559912898,-.091017871535837,12589
235,0,health,-.0018534122600792,-.091017871535837,12589
235,0,sportsArea,.0061993096199119,-.091017871535837,12589
235,0,year14,-.0139076670730571,-.091017871535837,12589
235,0,rice10,-.0284517352732154,-.091017871535837,12589
235,0,ln_gdp_hist,-.0020670192890365,-.091017871535837,12589
235,0,urban2000_10,.000589133777127,-.091017871535837,12589
235,0,diff,-.091017871535837,-.091017871535837,12589
235,0,expl,-.0836788022104233,-.091017871535837,12589
235,0,pr_0,.1511899206719552,-.091017871535837,12589
235,0,pr_1,.2422077922077922,-.091017871535837,12589
236,0,edu,-.0097626273215413,-.071550571364488,12472
236,0,plants,.0070998507661336,-.071550571364488,12472
236,0,age,.0007435538613607,-.071550571364488,12472
236,0,gender,.0005210182051192,-.071550571364488,12472
236,0,marriage,-.0013005699993977,-.071550571364488,12472
236,0,ln_income,.0007063304215432,-.071550571364488,12472
236,0,health,-.0002923009982215,-.071550571364488,12472
236,0,sportsArea,.0048603528464617,-.071550571364488,12472
236,0,year14,-.0073370172759552,-.071550571364488,12472
236,0,rice10,-.0604122876995904,-.071550571364488,12472
236,0,ln_gdp_hist,-.0008745633803756,-.071550571364488,12472
236,0,urban2000_10,-.0081472851754617,-.071550571364488,12472
236,0,diff,-.071550571364488,-.071550571364488,12472
236,0,expl,-.0740977731990692,-.071550571364488,12472
236,0,pr_0,.1390747745126564,-.071550571364488,12472
236,0,pr_1,.2106253458771444,-.071550571364488,12472
237,0,edu,-.0117505885220728,-.074504231175792,14580
237,0,plants,-.014346543114734,-.074504231175792,14580
237,0,age,-.0026797866761408,-.074504231175792,14580
237,0,gender,.0000124456898404,-.074504231175792,14580
237,0,marriage,-.0006330858091074,-.074504231175792,14580
237,0,ln_income,.0000640069500207,-.074504231175792,14580
237,0,health,-.0000994291757294,-.074504231175792,14580
237,0,sportsArea,.0049957081500117,-.074504231175792,14580
237,0,year14,-.0049049061106931,-.074504231175792,14580
237,0,rice10,-.0326683495145131,-.074504231175792,14580
237,0,ln_gdp_hist,-.00362688338875,-.074504231175792,14580
237,0,urban2000_10,.0007942147766121,-.074504231175792,14580
237,0,diff,-.074504231175792,-.074504231175792,14580
237,0,expl,-.0649749021093054,-.074504231175792,14580
237,0,pr_0,.1269331191002209,-.074504231175792,14580
237,0,pr_1,.2014373502760129,-.074504231175792,14580
238,0,edu,-.0056305009207985,-.0563928869105978,19202
238,0,plants,-.0224045617513162,-.0563928869105978,19202
238,0,age,-.0005143852695035,-.0563928869105978,19202
238,0,gender,.0002845705121446,-.0563928869105978,19202
238,0,marriage,.0012684561367042,-.0563928869105978,19202
238,0,ln_income,-.0000739097724176,-.0563928869105978,19202
238,0,health,-.0003321858040025,-.0563928869105978,19202
238,0,sportsArea,.009083737861019,-.0563928869105978,19202
238,0,year14,-.0018279268765658,-.0563928869105978,19202
238,0,rice10,-.0348777788834037,-.0563928869105978,19202
238,0,ln_gdp_hist,.0244814967189613,-.0563928869105978,19202
238,0,urban2000_10,-.0184022724695982,-.0563928869105978,19202
238,0,diff,-.0563928869105978,-.0563928869105978,19202
238,0,expl,-.0491036928656178,-.0563928869105978,19202
238,0,pr_0,.164437747221699,-.0563928869105978,19202
238,0,pr_1,.2208306341322968,-.0563928869105978,19202
239,0,edu,-.0055447510031422,-.0526816197253448,16555
239,0,plants,-.0330926146004886,-.0526816197253448,16555
239,0,age,.0016029730461569,-.0526816197253448,16555
239,0,gender,.0002387670274508,-.0526816197253448,16555
239,0,marriage,-.0004394917059338,-.0526816197253448,16555
239,0,ln_income,-.0002587325678214,-.0526816197253448,16555
239,0,health,-.0008258560482664,-.0526816197253448,16555
239,0,sportsArea,.007404210823471,-.0526816197253448,16555
239,0,year14,-.00448017912572,-.0526816197253448,16555
239,0,rice10,-.0650057184158781,-.0526816197253448,16555
239,0,ln_gdp_hist,.0850963187002078,-.0526816197253448,16555
239,0,urban2000_10,-.0382433754136649,-.0526816197253448,16555
239,0,diff,-.0526816197253448,-.0526816197253448,16555
239,0,expl,-.0536568421666432,-.0526816197253448,16555
239,0,pr_0,.168968779564806,-.0526816197253448,16555
239,0,pr_1,.2216503992901508,-.0526816197253448,16555
240,0,edu,-.0085847920364856,-.0714570314750292,9800
240,0,plants,.0061092399306702,-.0714570314750292,9800
240,0,age,.002786007868366,-.0714570314750292,9800
240,0,gender,.0013619099167631,-.0714570314750292,9800
240,0,marriage,.0023717159498442,-.0714570314750292,9800
240,0,ln_income,-.0000115410555287,-.0714570314750292,9800
240,0,health,-.0037605043724336,-.0714570314750292,9800
240,0,sportsArea,.0032324968209707,-.0714570314750292,9800
240,0,year14,-.0167645803655131,-.0714570314750292,9800
240,0,rice10,-.0521571777593726,-.0714570314750292,9800
240,0,ln_gdp_hist,-.0127533329712815,-.0714570314750292,9800
240,0,urban2000_10,-.0000558779584725,-.0714570314750292,9800
240,0,diff,-.0714570314750292,-.0714570314750292,9800
240,0,expl,-.0783692629655964,-.0714570314750292,9800
240,0,pr_0,.1573727849130223,-.0714570314750292,9800
240,0,pr_1,.2288298163880515,-.0714570314750292,9800
241,0,edu,-.0149763040982071,-.1047262031837867,8774
241,0,plants,-.0438299591586877,-.1047262031837867,8774
241,0,age,.0042934474928259,-.1047262031837867,8774
241,0,gender,.0013874575665468,-.1047262031837867,8774
241,0,marriage,.0012353942618758,-.1047262031837867,8774
241,0,ln_income,-.0008858592193747,-.1047262031837867,8774
241,0,health,-.0036006152646284,-.1047262031837867,8774
241,0,sportsArea,-.0013962277471135,-.1047262031837867,8774
241,0,year14,-.0112247807382647,-.1047262031837867,8774
241,0,rice10,-.0452764385072681,-.1047262031837867,8774
241,0,ln_gdp_hist,-.0002147664507177,-.1047262031837867,8774
241,0,urban2000_10,.0082165682436245,-.1047262031837867,8774
241,0,diff,-.1047262031837867,-.1047262031837867,8774
241,0,expl,-.1063253247104289,-.1047262031837867,8774
241,0,pr_0,.1502866502866503,-.1047262031837867,8774
241,0,pr_1,.255012853470437,-.1047262031837867,8774
242,0,edu,-.0011463524327396,-.0141380110677162,17508
242,0,plants,-.0049813262338232,-.0141380110677162,17508
242,0,age,.000179442172419,-.0141380110677162,17508
242,0,gender,-.0002489995211514,-.0141380110677162,17508
242,0,marriage,-.0006257302996342,-.0141380110677162,17508
242,0,ln_income,.0002440622973081,-.0141380110677162,17508
242,0,health,-.0004855753310874,-.0141380110677162,17508
242,0,sportsArea,.0048690426190144,-.0141380110677162,17508
242,0,year14,.000557545153704,-.0141380110677162,17508
242,0,rice10,-.0369369017337546,-.0141380110677162,17508
242,0,ln_gdp_hist,.0537318256719377,-.0141380110677162,17508
242,0,urban2000_10,-.0224363316148425,-.0141380110677162,17508
242,0,diff,-.0141380110677162,-.0141380110677162,17508
242,0,expl,-.0071824399740254,-.0141380110677162,17508
242,0,pr_0,.1709948792977323,-.0141380110677162,17508
242,0,pr_1,.1851328903654485,-.0141380110677162,17508
243,0,edu,-.0150009110922703,-.0948626337293178,7742
243,0,plants,-.0421987512063999,-.0948626337293178,7742
243,0,age,.0017470883137847,-.0948626337293178,7742
243,0,gender,.0011486164622961,-.0948626337293178,7742
243,0,marriage,.0002797522545924,-.0948626337293178,7742
243,0,ln_income,-.0011049252447662,-.0948626337293178,7742
243,0,health,-.0009526959463468,-.0948626337293178,7742
243,0,sportsArea,-.0027194450175508,-.0948626337293178,7742
243,0,year14,-.0116957218605311,-.0948626337293178,7742
243,0,rice10,-.0027018535408593,-.0948626337293178,7742
243,0,ln_gdp_hist,.036725674586445,-.0948626337293178,7742
243,0,urban2000_10,-.0623189248044468,-.0948626337293178,7742
243,0,diff,-.0948626337293178,-.0948626337293178,7742
243,0,expl,-.0988155061254625,-.0948626337293178,7742
243,0,pr_0,.1256210078069553,-.0948626337293178,7742
243,0,pr_1,.2204836415362731,-.0948626337293178,7742
244,0,edu,-.0081002746725938,-.1149757125981122,12437
244,0,plants,-.0197261829641183,-.1149757125981122,12437
244,0,age,.0029962915925278,-.1149757125981122,12437
244,0,gender,.0004313862204521,-.1149757125981122,12437
244,0,marriage,-.0018817105794407,-.1149757125981122,12437
244,0,ln_income,.0000535603095318,-.1149757125981122,12437
244,0,health,.0000154434272749,-.1149757125981122,12437
244,0,sportsArea,.00583614407274,-.1149757125981122,12437
244,0,year14,-.0079579057499552,-.1149757125981122,12437
244,0,rice10,-.0920551067810015,-.1149757125981122,12437
244,0,ln_gdp_hist,.0281534899582552,-.1149757125981122,12437
244,0,urban2000_10,-.0208669702041317,-.1149757125981122,12437
244,0,diff,-.1149757125981122,-.1149757125981122,12437
244,0,expl,-.1129030241097227,-.1149757125981122,12437
244,0,pr_0,.1369248035914702,-.1149757125981122,12437
244,0,pr_1,.2519005161895824,-.1149757125981122,12437
245,0,edu,-.0079876764926611,-.0471390296783028,11586
245,0,plants,.0089177883897393,-.0471390296783028,11586
245,0,age,.0030410810449605,-.0471390296783028,11586
245,0,gender,-.0002677195928989,-.0471390296783028,11586
245,0,marriage,.0027379845297205,-.0471390296783028,11586
245,0,ln_income,.0002377001035311,-.0471390296783028,11586
245,0,health,-.0034087360417465,-.0471390296783028,11586
245,0,sportsArea,.0038001659028767,-.0471390296783028,11586
245,0,year14,-.0037589467295368,-.0471390296783028,11586
245,0,rice10,-.0403091667014863,-.0471390296783028,11586
245,0,ln_gdp_hist,.0122468422547641,-.0471390296783028,11586
245,0,urban2000_10,-.014851777959048,-.0471390296783028,11586
245,0,diff,-.0471390296783028,-.0471390296783028,11586
245,0,expl,-.0395646361869251,-.0471390296783028,11586
245,0,pr_0,.1704814522494081,-.0471390296783028,11586
245,0,pr_1,.2176204819277109,-.0471390296783028,11586
246,0,edu,-.0107709596453932,-.0895627089365413,8166
246,0,plants,-.021117619882903,-.0895627089365413,8166
246,0,age,-.0038746158782595,-.0895627089365413,8166
246,0,gender,.0004440079283308,-.0895627089365413,8166
246,0,marriage,.0004010054536468,-.0895627089365413,8166
246,0,ln_income,-.0001518874455296,-.0895627089365413,8166
246,0,health,-.0002144411613441,-.0895627089365413,8166
246,0,sportsArea,.0064323722494207,-.0895627089365413,8166
246,0,year14,-.00924578199242,-.0895627089365413,8166
246,0,rice10,-.0445552717668925,-.0895627089365413,8166
246,0,ln_gdp_hist,.0071307950284871,-.0895627089365413,8166
246,0,urban2000_10,-.0012899646267095,-.0895627089365413,8166
246,0,diff,-.0895627089365413,-.0895627089365413,8166
246,0,expl,-.0766958411357838,-.0895627089365413,8166
246,0,pr_0,.1520692974013474,-.0895627089365413,8166
246,0,pr_1,.2416320063378887,-.0895627089365413,8166
247,0,edu,-.0058631284710007,-.0970833706291291,16339
247,0,plants,-.0444026748782986,-.0970833706291291,16339
247,0,age,.0011161037709496,-.0970833706291291,16339
247,0,gender,.000116775500917,-.0970833706291291,16339
247,0,marriage,-.0013607845599892,-.0970833706291291,16339
247,0,ln_income,.0003143787953641,-.0970833706291291,16339
247,0,health,.000091392799496,-.0970833706291291,16339
247,0,sportsArea,.004399252299846,-.0970833706291291,16339
247,0,year14,-.0056600299480144,-.0970833706291291,16339
247,0,rice10,-.0455225540081848,-.0970833706291291,16339
247,0,ln_gdp_hist,.0102801350069401,-.0970833706291291,16339
247,0,urban2000_10,-.0056396890553252,-.0970833706291291,16339
247,0,diff,-.0970833706291291,-.0970833706291291,16339
247,0,expl,-.0919199821750371,-.0970833706291291,16339
247,0,pr_0,.1246722288438617,-.0970833706291291,16339
247,0,pr_1,.2217555994729908,-.0970833706291291,16339
248,0,edu,-.0040545340810727,-.0342080912569245,15993
248,0,plants,-.0102218283414692,-.0342080912569245,15993
248,0,age,.0002922639832072,-.0342080912569245,15993
248,0,gender,.000039931400216,-.0342080912569245,15993
248,0,marriage,.0000310009066787,-.0342080912569245,15993
248,0,ln_income,-.0001678804970253,-.0342080912569245,15993
248,0,health,-.0005434945751264,-.0342080912569245,15993
248,0,sportsArea,.006640283921833,-.0342080912569245,15993
248,0,year14,-.0004785005231263,-.0342080912569245,15993
248,0,rice10,-.0362585949558844,-.0342080912569245,15993
248,0,ln_gdp_hist,.0225869337803654,-.0342080912569245,15993
248,0,urban2000_10,-.0077542251468339,-.0342080912569245,15993
248,0,diff,-.0342080912569245,-.0342080912569245,15993
248,0,expl,-.0297928915878465,-.0342080912569245,15993
248,0,pr_0,.1685912240184758,-.0342080912569245,15993
248,0,pr_1,.2027993152754003,-.0342080912569245,15993
249,0,edu,-.00537615426805,-.0274426931722487,17901
249,0,plants,.0050506923071409,-.0274426931722487,17901
249,0,age,-.0005091401983438,-.0274426931722487,17901
249,0,gender,.0001150111330812,-.0274426931722487,17901
249,0,marriage,-.0009331592356097,-.0274426931722487,17901
249,0,ln_income,.0005018885845789,-.0274426931722487,17901
249,0,health,-.0000149017709773,-.0274426931722487,17901
249,0,sportsArea,.0056759824982102,-.0274426931722487,17901
249,0,year14,-.0034221605834159,-.0274426931722487,17901
249,0,rice10,-.0398825515315539,-.0274426931722487,17901
249,0,ln_gdp_hist,.0406801839768769,-.0274426931722487,17901
249,0,urban2000_10,-.0247541052324004,-.0274426931722487,17901
249,0,diff,-.0274426931722487,-.0274426931722487,17901
249,0,expl,-.0227500896757403,-.0274426931722487,17901
249,0,pr_0,.1610713630526509,-.0274426931722487,17901
249,0,pr_1,.1885140562248996,-.0274426931722487,17901
250,0,edu,-.0153230977045038,-.1022388369418065,8648
250,0,plants,-.0191697655756421,-.1022388369418065,8648
250,0,age,6.39990604277e-06,-.1022388369418065,8648
250,0,gender,.0008423579821603,-.1022388369418065,8648
250,0,marriage,.0003054023620616,-.1022388369418065,8648
250,0,ln_income,-.0001060594008378,-.1022388369418065,8648
250,0,health,-.0010263060036213,-.1022388369418065,8648
250,0,sportsArea,.0035295348359335,-.1022388369418065,8648
250,0,year14,-.00890038802477,-.1022388369418065,8648
250,0,rice10,-.0484749963448085,-.1022388369418065,8648
250,0,ln_gdp_hist,-.004001908679868,-.1022388369418065,8648
250,0,urban2000_10,-.0026441982898404,-.1022388369418065,8648
250,0,diff,-.1022388369418065,-.1022388369418065,8648
250,0,expl,-.0948876171630063,-.1022388369418065,8648
250,0,pr_0,.1364509929532351,-.1022388369418065,8648
250,0,pr_1,.2386898298950416,-.1022388369418065,8648
251,0,edu,-.0055857884001896,-.0327738691296549,15234
251,0,plants,-.0039161287956892,-.0327738691296549,15234
251,0,age,.0010918627920574,-.0327738691296549,15234
251,0,gender,.0001051874773968,-.0327738691296549,15234
251,0,marriage,.0003964444609458,-.0327738691296549,15234
251,0,ln_income,-.000039732805989,-.0327738691296549,15234
251,0,health,-.0019597751450568,-.0327738691296549,15234
251,0,sportsArea,.0052051352538806,-.0327738691296549,15234
251,0,year14,-.0020514036229049,-.0327738691296549,15234
251,0,rice10,-.0362496415158359,-.0327738691296549,15234
251,0,ln_gdp_hist,.0135057750732267,-.0327738691296549,15234
251,0,urban2000_10,.0002920926869172,-.0327738691296549,15234
251,0,diff,-.0327738691296549,-.0327738691296549,15234
251,0,expl,-.0291515744364336,-.0327738691296549,15234
251,0,pr_0,.1618967452300786,-.0327738691296549,15234
251,0,pr_1,.1946706143597335,-.0327738691296549,15234
252,0,edu,-.0182911994196317,-.1003441961236713,6522
252,0,plants,.009496769589715,-.1003441961236713,6522
252,0,age,.0023811231871704,-.1003441961236713,6522
252,0,gender,.0003735846539523,-.1003441961236713,6522
252,0,marriage,.0004547799696181,-.1003441961236713,6522
252,0,ln_income,.0003907819020801,-.1003441961236713,6522
252,0,health,-.0022831622166879,-.1003441961236713,6522
252,0,sportsArea,.0022354907007261,-.1003441961236713,6522
252,0,year14,-.0131516395634076,-.1003441961236713,6522
252,0,rice10,-.0571067912912711,-.1003441961236713,6522
252,0,ln_gdp_hist,-.0204729610756216,-.1003441961236713,6522
252,0,urban2000_10,-.001570628885405,-.1003441961236713,6522
252,0,diff,-.1003441961236713,-.1003441961236713,6522
252,0,expl,-.0976795415388148,-.1003441961236713,6522
252,0,pr_0,.1312811226799457,-.1003441961236713,6522
252,0,pr_1,.231625318803617,-.1003441961236713,6522
253,0,edu,.0009981142085341,.008094109559469,20391
253,0,plants,.0346546107086118,.008094109559469,20391
253,0,age,-.0017366190867396,.008094109559469,20391
253,0,gender,-.0005722454936204,.008094109559469,20391
253,0,marriage,-.0008368037722906,.008094109559469,20391
253,0,ln_income,.0002149913444581,.008094109559469,20391
253,0,health,.0000375468419833,.008094109559469,20391
253,0,sportsArea,.0057174402086694,.008094109559469,20391
253,0,year14,.0043847073505086,.008094109559469,20391
253,0,rice10,-.0498215669550536,.008094109559469,20391
253,0,ln_gdp_hist,.0125474681551583,.008094109559469,20391
253,0,urban2000_10,.0062373536340797,.008094109559469,20391
253,0,diff,.008094109559469,.008094109559469,20391
253,0,expl,.0118248398380575,.008094109559469,20391
253,0,pr_0,.1701120403976645,.008094109559469,20391
253,0,pr_1,.1620179308381955,.008094109559469,20391
254,0,edu,-.016060214254581,-.0714820429322703,16035
254,0,plants,.0101670253393814,-.0714820429322703,16035
254,0,age,.0006602810822217,-.0714820429322703,16035
254,0,gender,.0006566818420199,-.0714820429322703,16035
254,0,marriage,-.0006318773986458,-.0714820429322703,16035
254,0,ln_income,.0001385996178424,-.0714820429322703,16035
254,0,health,-.0010538085790562,-.0714820429322703,16035
254,0,sportsArea,.0008876300802885,-.0714820429322703,16035
254,0,year14,-.0114333269576657,-.0714820429322703,16035
254,0,rice10,-.0332827953003578,-.0714820429322703,16035
254,0,ln_gdp_hist,-.0184524214662659,-.0714820429322703,16035
254,0,urban2000_10,.0003944650401247,-.0714820429322703,16035
254,0,diff,-.0714820429322703,-.0714820429322703,16035
254,0,expl,-.0678620393495313,-.0714820429322703,16035
254,0,pr_0,.1322216607714334,-.0714820429322703,16035
254,0,pr_1,.2037037037037037,-.0714820429322703,16035
255,0,edu,-.0066174926060394,-.0160524780259218,20722
255,0,plants,.0314073835477189,-.0160524780259218,20722
255,0,age,.0005545246059649,-.0160524780259218,20722
255,0,gender,.000064965610159,-.0160524780259218,20722
255,0,marriage,-.0013959854265913,-.0160524780259218,20722
255,0,ln_income,.0003682461331694,-.0160524780259218,20722
255,0,health,-.0001071840850804,-.0160524780259218,20722
255,0,sportsArea,.0043895249898688,-.0160524780259218,20722
255,0,year14,-.0031055037343722,-.0160524780259218,20722
255,0,rice10,-.0422287043831638,-.0160524780259218,20722
255,0,ln_gdp_hist,.0382896958000169,-.0160524780259218,20722
255,0,urban2000_10,-.037995714078313,-.0160524780259218,20722
255,0,diff,-.0160524780259218,-.0160524780259218,20722
255,0,expl,-.0163132515610187,-.0160524780259218,20722
255,0,pr_0,.1588714258663132,-.0160524780259218,20722
255,0,pr_1,.174923903892235,-.0160524780259218,20722
256,0,edu,-.0032787087237786,-.0391064322156159,15953
256,0,plants,-.0305777917002193,-.0391064322156159,15953
256,0,age,.0017382029424732,-.0391064322156159,15953
256,0,gender,.0003276623777599,-.0391064322156159,15953
256,0,marriage,-.0001668122566574,-.0391064322156159,15953
256,0,ln_income,-.0004188070699096,-.0391064322156159,15953
256,0,health,-.0005396257432337,-.0391064322156159,15953
256,0,sportsArea,.0044863307447092,-.0391064322156159,15953
256,0,year14,-.0045844050444444,-.0391064322156159,15953
256,0,rice10,-.0249103738787327,-.0391064322156159,15953
256,0,ln_gdp_hist,.0397171050375251,-.0391064322156159,15953
256,0,urban2000_10,-.0197680898587995,-.0391064322156159,15953
256,0,diff,-.0391064322156159,-.0391064322156159,15953
256,0,expl,-.0379748332683268,-.0391064322156159,15953
256,0,pr_0,.1697284994309868,-.0391064322156159,15953
256,0,pr_1,.2088349316466027,-.0391064322156159,15953
257,0,edu,-.0104840500787821,-.0697058315815467,14320
257,0,plants,.0148334289967085,-.0697058315815467,14320
257,0,age,.0002577864097856,-.0697058315815467,14320
257,0,gender,.000024711781882,-.0697058315815467,14320
257,0,marriage,-.001408381192402,-.0697058315815467,14320
257,0,ln_income,.0003606708778428,-.0697058315815467,14320
257,0,health,-.0001547359241724,-.0697058315815467,14320
257,0,sportsArea,.0015168992375599,-.0697058315815467,14320
257,0,year14,-.0052232338502723,-.0697058315815467,14320
257,0,rice10,-.0597930738686236,-.0697058315815467,14320
257,0,ln_gdp_hist,.0012232003335361,-.0697058315815467,14320
257,0,urban2000_10,-.0041724598978665,-.0697058315815467,14320
257,0,diff,-.0697058315815467,-.0697058315815467,14320
257,0,expl,-.0631783775122102,-.0697058315815467,14320
257,0,pr_0,.1348675408081349,-.0697058315815467,14320
257,0,pr_1,.2045733723896816,-.0697058315815467,14320
258,0,edu,-.0069563328474782,-.0319593565773453,17008
258,0,plants,.0405345053355623,-.0319593565773453,17008
258,0,age,-.0003092520873748,-.0319593565773453,17008
258,0,gender,.0002342990387161,-.0319593565773453,17008
258,0,marriage,-.000114156707904,-.0319593565773453,17008
258,0,ln_income,.0001708118892859,-.0319593565773453,17008
258,0,health,-.0006683724118463,-.0319593565773453,17008
258,0,sportsArea,.0037309661841834,-.0319593565773453,17008
258,0,year14,-.0043403299614963,-.0319593565773453,17008
258,0,rice10,-.0598456645504329,-.0319593565773453,17008
258,0,ln_gdp_hist,-.0043390534889511,-.0319593565773453,17008
258,0,urban2000_10,.0010137514580743,-.0319593565773453,17008
258,0,diff,-.0319593565773453,-.0319593565773453,17008
258,0,expl,-.0311619139066616,-.0319593565773453,17008
258,0,pr_0,.1438875531718143,-.0319593565773453,17008
258,0,pr_1,.1758469097491596,-.0319593565773453,17008
259,0,edu,-.008229425624822,-.0370405161986516,16993
259,0,plants,.0096205245509956,-.0370405161986516,16993
259,0,age,.0016697065875355,-.0370405161986516,16993
259,0,gender,.0009688709616768,-.0370405161986516,16993
259,0,marriage,.0009643302266336,-.0370405161986516,16993
259,0,ln_income,-8.19790518893e-06,-.0370405161986516,16993
259,0,health,-.0017942162496696,-.0370405161986516,16993
259,0,sportsArea,.0051015422288342,-.0370405161986516,16993
259,0,year14,-.0074262453389535,-.0370405161986516,16993
259,0,rice10,-.0244747472621212,-.0370405161986516,16993
259,0,ln_gdp_hist,.0185789309186749,-.0370405161986516,16993
259,0,urban2000_10,-.0257223238990581,-.0370405161986516,16993
259,0,diff,-.0370405161986516,-.0370405161986516,16993
259,0,expl,-.0307656865763092,-.0370405161986516,16993
259,0,pr_0,.1651856553475087,-.0370405161986516,16993
259,0,pr_1,.2022261715461603,-.0370405161986516,16993
260,0,edu,-.0113689768582551,-.0696680713146882,13887
260,0,plants,-.0334968742727546,-.0696680713146882,13887
260,0,age,.0024885323103956,-.0696680713146882,13887
260,0,gender,.0006996926002677,-.0696680713146882,13887
260,0,marriage,.0008541890640165,-.0696680713146882,13887
260,0,ln_income,-.0002948537184135,-.0696680713146882,13887
260,0,health,-.0011390423650833,-.0696680713146882,13887
260,0,sportsArea,.0038797862952323,-.0696680713146882,13887
260,0,year14,-.0083576073293356,-.0696680713146882,13887
260,0,rice10,-.030077254282769,-.0696680713146882,13887
260,0,ln_gdp_hist,-.0172174329749151,-.0696680713146882,13887
260,0,urban2000_10,.0315281691865317,-.0696680713146882,13887
260,0,diff,-.0696680713146882,-.0696680713146882,13887
260,0,expl,-.0626185510345179,-.0696680713146882,13887
260,0,pr_0,.1751090874596851,-.0696680713146882,13887
260,0,pr_1,.2447771587743733,-.0696680713146882,13887
261,0,edu,-.011851426779933,-.0586504098093886,24517
261,0,plants,.0180778291188366,-.0586504098093886,24517
261,0,age,.0009638675648504,-.0586504098093886,24517
261,0,gender,.0005544569615725,-.0586504098093886,24517
261,0,marriage,-.0010242580439264,-.0586504098093886,24517
261,0,ln_income,.0002614380646326,-.0586504098093886,24517
261,0,health,-.0004769103631854,-.0586504098093886,24517
261,0,sportsArea,.0048608668419983,-.0586504098093886,24517
261,0,year14,-.00975568039843,-.0586504098093886,24517
261,0,rice10,-.046810752025619,-.0586504098093886,24517
261,0,ln_gdp_hist,.0218780308866779,-.0586504098093886,24517
261,0,urban2000_10,-.0327851182407999,-.0586504098093886,24517
261,0,diff,-.0586504098093886,-.0586504098093886,24517
261,0,expl,-.0561772534269857,-.0586504098093886,24517
261,0,pr_0,.1517133513436656,-.0586504098093886,24517
261,0,pr_1,.2103637611530542,-.0586504098093886,24517
262,0,edu,-.0070036807309114,-.0544307634331965,17886
262,0,plants,-.0290834886901716,-.0544307634331965,17886
262,0,age,.0004249021866857,-.0544307634331965,17886
262,0,gender,.0000587555726877,-.0544307634331965,17886
262,0,marriage,-.0012937266358522,-.0544307634331965,17886
262,0,ln_income,.0002381928681191,-.0544307634331965,17886
262,0,health,.0002463462145639,-.0544307634331965,17886
262,0,sportsArea,.0017556371834164,-.0544307634331965,17886
262,0,year14,-.009175349752956,-.0544307634331965,17886
262,0,rice10,-.0217086886041887,-.0544307634331965,17886
262,0,ln_gdp_hist,.0167366937278499,-.0544307634331965,17886
262,0,urban2000_10,-.0022662515216761,-.0544307634331965,17886
262,0,diff,-.0544307634331965,-.0544307634331965,17886
262,0,expl,-.0509131946598874,-.0544307634331965,17886
262,0,pr_0,.143773501437735,-.0544307634331965,17886
262,0,pr_1,.1982042648709315,-.0544307634331965,17886
263,0,edu,-.0050431598016276,-.0175387289213835,11690
263,0,plants,-.0077964154594817,-.0175387289213835,11690
263,0,age,-.0006497490960352,-.0175387289213835,11690
263,0,gender,.0003967943340372,-.0175387289213835,11690
263,0,marriage,-.0007407319391924,-.0175387289213835,11690
263,0,ln_income,.0000437092992654,-.0175387289213835,11690
263,0,health,-.0013415865583654,-.0175387289213835,11690
263,0,sportsArea,.0031504031560429,-.0175387289213835,11690
263,0,year14,-.0048636605661848,-.0175387289213835,11690
263,0,rice10,-.0121447286276703,-.0175387289213835,11690
263,0,ln_gdp_hist,-.0045511371838268,-.0175387289213835,11690
263,0,urban2000_10,.0161716772261917,-.0175387289213835,11690
263,0,diff,-.0175387289213835,-.0175387289213835,11690
263,0,expl,-.0173832092407457,-.0175387289213835,11690
263,0,pr_0,.151390134529148,-.0175387289213835,11690
263,0,pr_1,.1689288634505315,-.0175387289213835,11690
264,0,edu,-.0094239565510121,-.0844696739117278,15142
264,0,plants,.0237477287309597,-.0844696739117278,15142
264,0,age,.0037810936830393,-.0844696739117278,15142
264,0,gender,.0005474222832172,-.0844696739117278,15142
264,0,marriage,-.0015003615792237,-.0844696739117278,15142
264,0,ln_income,.0002224676759043,-.0844696739117278,15142
264,0,health,.0001001682540218,-.0844696739117278,15142
264,0,sportsArea,.0002840176552881,-.0844696739117278,15142
264,0,year14,-.0115225880356439,-.0844696739117278,15142
264,0,rice10,-.0955978794952129,-.0844696739117278,15142
264,0,ln_gdp_hist,.0167118794618273,-.0844696739117278,15142
264,0,urban2000_10,-.0154789373824607,-.0844696739117278,15142
264,0,diff,-.0844696739117278,-.0844696739117278,15142
264,0,expl,-.0881980938351466,-.0844696739117278,15142
264,0,pr_0,.1335583413693346,-.0844696739117278,15142
264,0,pr_1,.2180280152810624,-.0844696739117278,15142
265,0,edu,-.0080891189742097,-.0726948988208601,15801
265,0,plants,-.0094050661837194,-.0726948988208601,15801
265,0,age,.0015762391811652,-.0726948988208601,15801
265,0,gender,.0005325699109802,-.0726948988208601,15801
265,0,marriage,.0005451372367432,-.0726948988208601,15801
265,0,ln_income,-.0003071571909668,-.0726948988208601,15801
265,0,health,-.0012636011178297,-.0726948988208601,15801
265,0,sportsArea,.0036454055055244,-.0726948988208601,15801
265,0,year14,-.0114111922967545,-.0726948988208601,15801
265,0,rice10,-.0621321114471932,-.0726948988208601,15801
265,0,ln_gdp_hist,.0006671008107106,-.0726948988208601,15801
265,0,urban2000_10,.0143381602051373,-.0726948988208601,15801
265,0,diff,-.0726948988208601,-.0726948988208601,15801
265,0,expl,-.0713725824586021,-.0726948988208601,15801
265,0,pr_0,.1739758403361344,-.0726948988208601,15801
265,0,pr_1,.2466707391569945,-.0726948988208601,15801
266,0,edu,-.0044468470010903,-.0201451007873366,19778
266,0,plants,.0153899781400539,-.0201451007873366,19778
266,0,age,-.0010998329691162,-.0201451007873366,19778
266,0,gender,.0000539726976692,-.0201451007873366,19778
266,0,marriage,-.0014134853728542,-.0201451007873366,19778
266,0,ln_income,.0002625465815363,-.0201451007873366,19778
266,0,health,-.0000502309206776,-.0201451007873366,19778
266,0,sportsArea,.0049449164886699,-.0201451007873366,19778
266,0,year14,-.0026252171670194,-.0201451007873366,19778
266,0,rice10,-.0409010650170606,-.0201451007873366,19778
266,0,ln_gdp_hist,.0126950850009556,-.0201451007873366,19778
266,0,urban2000_10,-.0017908902514611,-.0201451007873366,19778
266,0,diff,-.0201451007873366,-.0201451007873366,19778
266,0,expl,-.0189755730981039,-.0201451007873366,19778
266,0,pr_0,.1470588235294118,-.0201451007873366,19778
266,0,pr_1,.1672039243167484,-.0201451007873366,19778
267,0,edu,-.0022631493265227,-.0246486580221961,22158
267,0,plants,-.0071825555738645,-.0246486580221961,22158
267,0,age,-.0008769613078584,-.0246486580221961,22158
267,0,gender,-.0002223224488303,-.0246486580221961,22158
267,0,marriage,-.0011416123448088,-.0246486580221961,22158
267,0,ln_income,.0001660661791,-.0246486580221961,22158
267,0,health,.0002572345287509,-.0246486580221961,22158
267,0,sportsArea,.0057066667679788,-.0246486580221961,22158
267,0,year14,-.0017896652963275,-.0246486580221961,22158
267,0,rice10,-.0343106268903901,-.0246486580221961,22158
267,0,ln_gdp_hist,.0371817337651558,-.0246486580221961,22158
267,0,urban2000_10,-.015601222360116,-.0246486580221961,22158
267,0,diff,-.0246486580221961,-.0246486580221961,22158
267,0,expl,-.0199251496506238,-.0246486580221961,22158
267,0,pr_0,.1568357695614789,-.0246486580221961,22158
267,0,pr_1,.181484427583675,-.0246486580221961,22158
268,0,edu,-.0176405062987833,-.0960872134393655,14803
268,0,plants,.0055136153058815,-.0960872134393655,14803
268,0,age,-.0006148325159632,-.0960872134393655,14803
268,0,gender,.0006269984174689,-.0960872134393655,14803
268,0,marriage,.000112004492945,-.0960872134393655,14803
268,0,ln_income,.0002227471924371,-.0960872134393655,14803
268,0,health,-.0010654890408917,-.0960872134393655,14803
268,0,sportsArea,.0032141490076264,-.0960872134393655,14803
268,0,year14,-.0132441066656131,-.0960872134393655,14803
268,0,rice10,-.0590924543981538,-.0960872134393655,14803
268,0,ln_gdp_hist,-.0052747932680593,-.0960872134393655,14803
268,0,urban2000_10,-.0013222833668432,-.0960872134393655,14803
268,0,diff,-.0960872134393655,-.0960872134393655,14803
268,0,expl,-.0887673743235526,-.0960872134393655,14803
268,0,pr_0,.1494549058473736,-.0960872134393655,14803
268,0,pr_1,.2455421192867391,-.0960872134393655,14803
269,0,edu,-.0051458829236615,-.0449460141351851,11498
269,0,plants,.0041309290888114,-.0449460141351851,11498
269,0,age,.002876122638684,-.0449460141351851,11498
269,0,gender,.0028641700137894,-.0449460141351851,11498
269,0,marriage,.0027883513264309,-.0449460141351851,11498
269,0,ln_income,-.0008539390400193,-.0449460141351851,11498
269,0,health,-.0048357500344489,-.0449460141351851,11498
269,0,sportsArea,.0041882510933636,-.0449460141351851,11498
269,0,year14,-.0154412589523555,-.0449460141351851,11498
269,0,rice10,-.0306779529593157,-.0449460141351851,11498
269,0,ln_gdp_hist,-.000362578567731,-.0449460141351851,11498
269,0,urban2000_10,-.0018713314724268,-.0449460141351851,11498
269,0,diff,-.0449460141351851,-.0449460141351851,11498
269,0,expl,-.0421324603456125,-.0449460141351851,11498
269,0,pr_0,.1794023857328452,-.0449460141351851,11498
269,0,pr_1,.2243483998680303,-.0449460141351851,11498
270,0,edu,-.0034828399713584,-.0092697434689072,15404
270,0,plants,-.0056860085133844,-.0092697434689072,15404
270,0,age,-.0001145529616011,-.0092697434689072,15404
270,0,gender,-.0002622096286126,-.0092697434689072,15404
270,0,marriage,-.0008366167604018,-.0092697434689072,15404
270,0,ln_income,.0001039486650842,-.0092697434689072,15404
270,0,health,-.0003682489062848,-.0092697434689072,15404
270,0,sportsArea,.0060658416268218,-.0092697434689072,15404
270,0,year14,-.0017465485705147,-.0092697434689072,15404
270,0,rice10,-.0166002569182554,-.0092697434689072,15404
270,0,ln_gdp_hist,.0121700934566879,-.0092697434689072,15404
270,0,urban2000_10,.0045463436512862,-.0092697434689072,15404
270,0,diff,-.0092697434689072,-.0092697434689072,15404
270,0,expl,-.0061374316023211,-.0092697434689072,15404
270,0,pr_0,.1674523467923755,-.0092697434689072,15404
270,0,pr_1,.1767220902612827,-.0092697434689072,15404
271,0,edu,-.0054215450040991,-.0208747994359222,11766
271,0,plants,.0010820948576304,-.0208747994359222,11766
271,0,age,.0002167539975005,-.0208747994359222,11766
271,0,gender,.0002545760948236,-.0208747994359222,11766
271,0,marriage,-.0009057318052475,-.0208747994359222,11766
271,0,ln_income,.0001037145086517,-.0208747994359222,11766
271,0,health,-.0015802101938808,-.0208747994359222,11766
271,0,sportsArea,.0026166810043819,-.0208747994359222,11766
271,0,year14,-.0057750371658841,-.0208747994359222,11766
271,0,rice10,-.0247922614464176,-.0208747994359222,11766
271,0,ln_gdp_hist,.0019953603819067,-.0208747994359222,11766
271,0,urban2000_10,.0053893612427359,-.0208747994359222,11766
271,0,diff,-.0208747994359222,-.0208747994359222,11766
271,0,expl,-.0267604163886425,-.0208747994359222,11766
271,0,pr_0,.1598461000349773,-.0208747994359222,11766
271,0,pr_1,.1807208994708995,-.0208747994359222,11766
272,0,edu,-.0035822957843655,-.0556461108530797,15028
272,0,plants,.0092007261749629,-.0556461108530797,15028
272,0,age,-.0015464904546926,-.0556461108530797,15028
272,0,gender,-.0000384513778411,-.0556461108530797,15028
272,0,marriage,-.0020474376468358,-.0556461108530797,15028
272,0,ln_income,.000392259324173,-.0556461108530797,15028
272,0,health,.0002739097530711,-.0556461108530797,15028
272,0,sportsArea,.005143908638631,-.0556461108530797,15028
272,0,year14,-.0026943569982262,-.0556461108530797,15028
272,0,rice10,-.0567589864161632,-.0556461108530797,15028
272,0,ln_gdp_hist,-.0005763856216235,-.0556461108530797,15028
272,0,urban2000_10,-.000428680219667,-.0556461108530797,15028
272,0,diff,-.0556461108530797,-.0556461108530797,15028
272,0,expl,-.0526943611568668,-.0556461108530797,15028
272,0,pr_0,.1189988623435722,-.0556461108530797,15028
272,0,pr_1,.1746449731966519,-.0556461108530797,15028
273,0,edu,-.0105191650555457,-.0767978185500177,12533
273,0,plants,-.0215389845031127,-.0767978185500177,12533
273,0,age,.001921328083964,-.0767978185500177,12533
273,0,gender,.0011391255409586,-.0767978185500177,12533
273,0,marriage,.000599946951046,-.0767978185500177,12533
273,0,ln_income,-.0006823587153746,-.0767978185500177,12533
273,0,health,-.0016265415562118,-.0767978185500177,12533
273,0,sportsArea,.0021926837960936,-.0767978185500177,12533
273,0,year14,-.017923160040851,-.0767978185500177,12533
273,0,rice10,-.0298845899938101,-.0767978185500177,12533
273,0,ln_gdp_hist,.0033428527231181,-.0767978185500177,12533
273,0,urban2000_10,.0021957607640892,-.0767978185500177,12533
273,0,diff,-.0767978185500177,-.0767978185500177,12533
273,0,expl,-.0708249455051773,-.0767978185500177,12533
273,0,pr_0,.1658178550029958,-.0767978185500177,12533
273,0,pr_1,.2426156735530135,-.0767978185500177,12533
274,0,edu,.0002695993183483,.0104976978806391,12919
274,0,plants,.0113816060192076,.0104976978806391,12919
274,0,age,.0008053357615145,.0104976978806391,12919
274,0,gender,-.0004996052546158,.0104976978806391,12919
274,0,marriage,.0003464692558862,.0104976978806391,12919
274,0,ln_income,.000015202409097,.0104976978806391,12919
274,0,health,-.0013979515027106,.0104976978806391,12919
274,0,sportsArea,.0028462820073396,.0104976978806391,12919
274,0,year14,.0022721599665249,.0104976978806391,12919
274,0,rice10,-.044558333789699,.0104976978806391,12919
274,0,ln_gdp_hist,-.0207826727294109,.0104976978806391,12919
274,0,urban2000_10,.0610408052718937,.0104976978806391,12919
274,0,diff,.0104976978806391,.0104976978806391,12919
274,0,expl,.0118061740060944,.0104976978806391,12919
274,0,pr_0,.1734190461952459,.0104976978806391,12919
274,0,pr_1,.1629213483146068,.0104976978806391,12919
275,0,edu,-.0146903517761323,-.1108853097792927,16700
275,0,plants,-.0232114020722096,-.1108853097792927,16700
275,0,age,-.0061092089792957,-.1108853097792927,16700
275,0,gender,.000114767563666,-.1108853097792927,16700
275,0,marriage,.0012156418911022,-.1108853097792927,16700
275,0,ln_income,.0000113562770729,-.1108853097792927,16700
275,0,health,-.0008655083069503,-.1108853097792927,16700
275,0,sportsArea,.0091350201176056,-.1108853097792927,16700
275,0,year14,-.0086732352190059,-.1108853097792927,16700
275,0,rice10,-.0533946787634506,-.1108853097792927,16700
275,0,ln_gdp_hist,-.0011329281243509,-.1108853097792927,16700
275,0,urban2000_10,8.88560963497e-06,-.1108853097792927,16700
275,0,diff,-.1108853097792927,-.1108853097792927,16700
275,0,expl,-.0976257418261623,-.1108853097792927,16700
275,0,pr_0,.1399037604705044,-.1108853097792927,16700
275,0,pr_1,.2507890702497971,-.1108853097792927,16700
276,0,edu,-.0078420955778716,-.0659353233214259,19202
276,0,plants,.0560957623009288,-.0659353233214259,19202
276,0,age,.0014059894777097,-.0659353233214259,19202
276,0,gender,.0004143509894714,-.0659353233214259,19202
276,0,marriage,.0001688828965251,-.0659353233214259,19202
276,0,ln_income,-.0000961484298513,-.0659353233214259,19202
276,0,health,-.0008834749730798,-.0659353233214259,19202
276,0,sportsArea,.0054127426996587,-.0659353233214259,19202
276,0,year14,-.0107697657457208,-.0659353233214259,19202
276,0,rice10,-.0904665807885541,-.0659353233214259,19202
276,0,ln_gdp_hist,.0431399459960257,-.0659353233214259,19202
276,0,urban2000_10,-.0629693648548202,-.0659353233214259,19202
276,0,diff,-.0659353233214259,-.0659353233214259,19202
276,0,expl,-.0662575012613995,-.0659353233214259,19202
276,0,pr_0,.1803679403061881,-.0659353233214259,19202
276,0,pr_1,.246303263627614,-.0659353233214259,19202
277,0,edu,-.0097089811854608,-.0674952096902795,17869
277,0,plants,-.0101944043161484,-.0674952096902795,17869
277,0,age,.0010473955244267,-.0674952096902795,17869
277,0,gender,.0006313219491599,-.0674952096902795,17869
277,0,marriage,-.0009506919621367,-.0674952096902795,17869
277,0,ln_income,.0001887078794236,-.0674952096902795,17869
277,0,health,-.0000170882875804,-.0674952096902795,17869
277,0,sportsArea,.005165265592002,-.0674952096902795,17869
277,0,year14,-.0072190783325762,-.0674952096902795,17869
277,0,rice10,-.0283738230854744,-.0674952096902795,17869
277,0,ln_gdp_hist,.0027549305057332,-.0674952096902795,17869
277,0,urban2000_10,-.0182223851892033,-.0674952096902795,17869
277,0,diff,-.0674952096902795,-.0674952096902795,17869
277,0,expl,-.064691557485352,-.0674952096902795,17869
277,0,pr_0,.1528100325127729,-.0674952096902795,17869
277,0,pr_1,.2203052422030524,-.0674952096902795,17869
278,0,edu,-.0142714932717453,-.1047595342500257,9347
278,0,plants,-.0572475097183414,-.1047595342500257,9347
278,0,age,-.0004838011994045,-.1047595342500257,9347
278,0,gender,.0006196422883305,-.1047595342500257,9347
278,0,marriage,.0000685899163118,-.1047595342500257,9347
278,0,ln_income,-.0001019197824891,-.1047595342500257,9347
278,0,health,-.0018977040899804,-.1047595342500257,9347
278,0,sportsArea,.007058768795857,-.1047595342500257,9347
278,0,year14,-.0082774070145159,-.1047595342500257,9347
278,0,rice10,-.0502602658665331,-.1047595342500257,9347
278,0,ln_gdp_hist,.0037454439423402,-.1047595342500257,9347
278,0,urban2000_10,.0203400920706614,-.1047595342500257,9347
278,0,diff,-.1047595342500257,-.1047595342500257,9347
278,0,expl,-.1007031660624771,-.1047595342500257,9347
278,0,pr_0,.1475789473684211,-.1047595342500257,9347
278,0,pr_1,.2523384816184468,-.1047595342500257,9347
279,0,edu,-.0028844869905991,.0038067076712792,11311
279,0,plants,.0194095353178911,.0038067076712792,11311
279,0,age,.0020953801797516,.0038067076712792,11311
279,0,gender,.0001319887608697,.0038067076712792,11311
279,0,marriage,-.0003418188028098,.0038067076712792,11311
279,0,ln_income,.0005754566060462,.0038067076712792,11311
279,0,health,-.001734823494101,.0038067076712792,11311
279,0,sportsArea,.0025369665984213,.0038067076712792,11311
279,0,year14,.0016083619027694,.0038067076712792,11311
279,0,rice10,-.0514551814283491,.0038067076712792,11311
279,0,ln_gdp_hist,.0513521351000958,.0038067076712792,11311
279,0,urban2000_10,-.0236250737577177,.0038067076712792,11311
279,0,diff,.0038067076712792,.0038067076712792,11311
279,0,expl,-.0023533975666835,.0038067076712792,11311
279,0,pr_0,.1836964688204357,.0038067076712792,11311
279,0,pr_1,.1798897611491565,.0038067076712792,11311
280,0,edu,-.0081926083389277,-.0901911939545729,12154
280,0,plants,-.0512895619273455,-.0901911939545729,12154
280,0,age,-.0031316630745696,-.0901911939545729,12154
280,0,gender,-.0000283017660521,-.0901911939545729,12154
280,0,marriage,.0013528260329434,-.0901911939545729,12154
280,0,ln_income,-.0003604739074171,-.0901911939545729,12154
280,0,health,-.0009519734177248,-.0901911939545729,12154
280,0,sportsArea,.0108946114922521,-.0901911939545729,12154
280,0,year14,-.0059878797504913,-.0901911939545729,12154
280,0,rice10,-.0573324332924954,-.0901911939545729,12154
280,0,ln_gdp_hist,.0176634418089576,-.0901911939545729,12154
280,0,urban2000_10,.0155524573939237,-.0901911939545729,12154
280,0,diff,-.0901911939545729,-.0901911939545729,12154
280,0,expl,-.0819678080540543,-.0901911939545729,12154
280,0,pr_0,.1633477633477634,-.0901911939545729,12154
280,0,pr_1,.2535389573023363,-.0901911939545729,12154
281,0,edu,-.0129769825231999,-.0963973499838339,8281
281,0,plants,-.005575408681163,-.0963973499838339,8281
281,0,age,.001544727678702,-.0963973499838339,8281
281,0,gender,.0007889165729216,-.0963973499838339,8281
281,0,marriage,.00146399948158,-.0963973499838339,8281
281,0,ln_income,.0000294142116985,-.0963973499838339,8281
281,0,health,-.0029549890709326,-.0963973499838339,8281
281,0,sportsArea,.001972964768768,-.0963973499838339,8281
281,0,year14,-.0182996722044278,-.0963973499838339,8281
281,0,rice10,-.0258602957851356,-.0963973499838339,8281
281,0,ln_gdp_hist,-.0135677893501546,-.0963973499838339,8281
281,0,urban2000_10,-.0147679134382156,-.0963973499838339,8281
281,0,diff,-.0963973499838339,-.0963973499838339,8281
281,0,expl,-.0880209373700661,-.0963973499838339,8281
281,0,pr_0,.1245074862096139,-.0963973499838339,8281
281,0,pr_1,.2209048361934478,-.0963973499838339,8281
282,0,edu,-.0102150448002246,-.0628735972899028,12553
282,0,plants,-.014794974336268,-.0628735972899028,12553
282,0,age,-.0009687816203216,-.0628735972899028,12553
282,0,gender,.0002039669636601,-.0628735972899028,12553
282,0,marriage,-.0001453699965631,-.0628735972899028,12553
282,0,ln_income,-.0000552551334779,-.0628735972899028,12553
282,0,health,-.000484696608224,-.0628735972899028,12553
282,0,sportsArea,.0090744562509244,-.0628735972899028,12553
282,0,year14,-.0014153740856757,-.0628735972899028,12553
282,0,rice10,-.0371335352384468,-.0628735972899028,12553
282,0,ln_gdp_hist,-.0013112119288651,-.0628735972899028,12553
282,0,urban2000_10,-.0024841224493371,-.0628735972899028,12553
282,0,diff,-.0628735972899028,-.0628735972899028,12553
282,0,expl,-.0596798284647344,-.0628735972899028,12553
282,0,pr_0,.1235422020162087,-.0628735972899028,12553
282,0,pr_1,.1864157993061115,-.0628735972899028,12553
283,0,edu,-.0107583243592608,-.1179728062827595,11036
283,0,plants,-.0315384010716527,-.1179728062827595,11036
283,0,age,-.0040892112933486,-.1179728062827595,11036
283,0,gender,.0003394670382697,-.1179728062827595,11036
283,0,marriage,.0004954656938164,-.1179728062827595,11036
283,0,ln_income,.0000602460932696,-.1179728062827595,11036
283,0,health,-.0008876870859589,-.1179728062827595,11036
283,0,sportsArea,.0108772717351079,-.1179728062827595,11036
283,0,year14,-.0061356380265539,-.1179728062827595,11036
283,0,rice10,-.0593623533959024,-.1179728062827595,11036
283,0,ln_gdp_hist,-.0063943374880776,-.1179728062827595,11036
283,0,urban2000_10,-.0016252807662158,-.1179728062827595,11036
283,0,diff,-.1179728062827595,-.1179728062827595,11036
283,0,expl,-.109239536155537,-.1179728062827595,11036
283,0,pr_0,.1320987654320988,-.1179728062827595,11036
283,0,pr_1,.2500715717148583,-.1179728062827595,11036
284,0,edu,-.0054225586230818,-.0387991776114425,20702
284,0,plants,.0230714755517181,-.0387991776114425,20702
284,0,age,-.0011022032083878,-.0387991776114425,20702
284,0,gender,.0001266798796352,-.0387991776114425,20702
284,0,marriage,-.0021967137152105,-.0387991776114425,20702
284,0,ln_income,.0003654998626584,-.0387991776114425,20702
284,0,health,.0003011717111466,-.0387991776114425,20702
284,0,sportsArea,.0039708489995424,-.0387991776114425,20702
284,0,year14,-.0034184094498043,-.0387991776114425,20702
284,0,rice10,-.0519156826413471,-.0387991776114425,20702
284,0,ln_gdp_hist,.0084919736840921,-.0387991776114425,20702
284,0,urban2000_10,-.0080693332204788,-.0387991776114425,20702
284,0,diff,-.0387991776114425,-.0387991776114425,20702
284,0,expl,-.0354878141201939,-.0387991776114425,20702
284,0,pr_0,.1395759717314488,-.0387991776114425,20702
284,0,pr_1,.1783751493428913,-.0387991776114425,20702
285,0,edu,-.0145621702391107,-.0859304067772877,13955
285,0,plants,-.0064693822377549,-.0859304067772877,13955
285,0,age,.0008013860938817,-.0859304067772877,13955
285,0,gender,.0007321255181375,-.0859304067772877,13955
285,0,marriage,-.0005772039086347,-.0859304067772877,13955
285,0,ln_income,-.0004950768886718,-.0859304067772877,13955
285,0,health,.0001024077660749,-.0859304067772877,13955
285,0,sportsArea,.0027111579093984,-.0859304067772877,13955
285,0,year14,-.0093140375113325,-.0859304067772877,13955
285,0,rice10,-.0635220397531518,-.0859304067772877,13955
285,0,ln_gdp_hist,.0066587764324721,-.0859304067772877,13955
285,0,urban2000_10,.0028060913483393,-.0859304067772877,13955
285,0,diff,-.0859304067772877,-.0859304067772877,13955
285,0,expl,-.0812061963329978,-.0859304067772877,13955
285,0,pr_0,.1579259259259259,-.0859304067772877,13955
285,0,pr_1,.2438563327032136,-.0859304067772877,13955
286,0,edu,-.0022733781685158,.0158030608699654,21363
286,0,plants,.0189999761087508,.0158030608699654,21363
286,0,age,.0001730206728276,.0158030608699654,21363
286,0,gender,-.0005166766441618,.0158030608699654,21363
286,0,marriage,-.0009954000919081,.0158030608699654,21363
286,0,ln_income,.0002228759942766,.0158030608699654,21363
286,0,health,-.0007663316402123,.0158030608699654,21363
286,0,sportsArea,.0036898210237489,.0158030608699654,21363
286,0,year14,.0036131626468621,.0158030608699654,21363
286,0,rice10,-.0231306052562908,.0158030608699654,21363
286,0,ln_gdp_hist,.056674946217365,.0158030608699654,21363
286,0,urban2000_10,-.0381740203579423,.0158030608699654,21363
286,0,diff,.0158030608699654,.0158030608699654,21363
286,0,expl,.017316191967235,.0158030608699654,21363
286,0,pr_0,.187352090454904,.0158030608699654,21363
286,0,pr_1,.1715490295849386,.0158030608699654,21363
287,0,edu,-.0098090508494729,-.0433905610852928,19503
287,0,plants,.0083264330313366,-.0433905610852928,19503
287,0,age,.0009488272265465,-.0433905610852928,19503
287,0,gender,.0003485703750861,-.0433905610852928,19503
287,0,marriage,-.0009752982308977,-.0433905610852928,19503
287,0,ln_income,.0000668093497563,-.0433905610852928,19503
287,0,health,-.0005575575434419,-.0433905610852928,19503
287,0,sportsArea,.0029453524410597,-.0433905610852928,19503
287,0,year14,-.0077707947575991,-.0433905610852928,19503
287,0,rice10,-.0409145152622329,-.0433905610852928,19503
287,0,ln_gdp_hist,.0196116875853119,-.0433905610852928,19503
287,0,urban2000_10,-.0149246026309265,-.0433905610852928,19503
287,0,diff,-.0433905610852928,-.0433905610852928,19503
287,0,expl,-.0426796572327754,-.0433905610852928,19503
287,0,pr_0,.1482965931863728,-.0433905610852928,19503
287,0,pr_1,.1916871542716656,-.0433905610852928,19503
288,0,edu,-.0133885677730641,-.0926061764088168,13403
288,0,plants,-.0307315736521975,-.0926061764088168,13403
288,0,age,.0008539398486932,-.0926061764088168,13403
288,0,gender,.0006261726579043,-.0926061764088168,13403
288,0,marriage,-.0013792983728999,-.0926061764088168,13403
288,0,ln_income,.0002862472571109,-.0926061764088168,13403
288,0,health,-.0005380493514386,-.0926061764088168,13403
288,0,sportsArea,.0030777509048315,-.0926061764088168,13403
288,0,year14,-.0086037978746561,-.0926061764088168,13403
288,0,rice10,-.0384505372941024,-.0926061764088168,13403
288,0,ln_gdp_hist,-.0026093310158367,-.0926061764088168,13403
288,0,urban2000_10,-.0009436447607803,-.0926061764088168,13403
288,0,diff,-.0926061764088168,-.0926061764088168,13403
288,0,expl,-.0915524752029731,-.0926061764088168,13403
288,0,pr_0,.1203425133071048,-.0926061764088168,13403
288,0,pr_1,.2129486897159216,-.0926061764088168,13403
289,0,edu,-.0094909873230319,-.0808801663421533,7835
289,0,plants,.0053575647782315,-.0808801663421533,7835
289,0,age,.0021514769069377,-.0808801663421533,7835
289,0,gender,.0006638507650377,-.0808801663421533,7835
289,0,marriage,.0008992687530812,-.0808801663421533,7835
289,0,ln_income,.0001622775125725,-.0808801663421533,7835
289,0,health,-.0024018923313234,-.0808801663421533,7835
289,0,sportsArea,.0039327200394613,-.0808801663421533,7835
289,0,year14,-.0129344931167985,-.0808801663421533,7835
289,0,rice10,-.0572229954260328,-.0808801663421533,7835
289,0,ln_gdp_hist,-.0142451976898949,-.0808801663421533,7835
289,0,urban2000_10,.0011125247692041,-.0808801663421533,7835
289,0,diff,-.0808801663421533,-.0808801663421533,7835
289,0,expl,-.0820686464833962,-.0808801663421533,7835
289,0,pr_0,.1477113170457737,-.0808801663421533,7835
289,0,pr_1,.228591483387927,-.0808801663421533,7835
290,0,edu,-.016950224609191,-.108505945155537,17869
290,0,plants,-.0209874529455536,-.108505945155537,17869
290,0,age,.0008409268927061,-.108505945155537,17869
290,0,gender,.0009401679440052,-.108505945155537,17869
290,0,marriage,.0004726249428455,-.108505945155537,17869
290,0,ln_income,-.0000254482897268,-.108505945155537,17869
290,0,health,-.0007972082701052,-.108505945155537,17869
290,0,sportsArea,.0030231718515457,-.108505945155537,17869
290,0,year14,-.0108197779897014,-.108505945155537,17869
290,0,rice10,-.0336064611755342,-.108505945155537,17869
290,0,ln_gdp_hist,-.0125055051891101,-.108505945155537,17869
290,0,urban2000_10,-.0114460547783696,-.108505945155537,17869
290,0,diff,-.108505945155537,-.108505945155537,17869
290,0,expl,-.1019244396881521,-.108505945155537,17869
290,0,pr_0,.1327944572748268,-.108505945155537,17869
290,0,pr_1,.2413004024303638,-.108505945155537,17869
291,0,edu,-.0057009098535288,-.0320774901775416,10704
291,0,plants,-.0005091361941221,-.0320774901775416,10704
291,0,age,-.0013927161962588,-.0320774901775416,10704
291,0,gender,-.0000118001110471,-.0320774901775416,10704
291,0,marriage,-.0006860339772174,-.0320774901775416,10704
291,0,ln_income,.000041395891903,-.0320774901775416,10704
291,0,health,.0002562661887354,-.0320774901775416,10704
291,0,sportsArea,.0031330282381245,-.0320774901775416,10704
291,0,year14,-.0020886248388455,-.0320774901775416,10704
291,0,rice10,-.0200013504622112,-.0320774901775416,10704
291,0,ln_gdp_hist,-.0021851405105962,-.0320774901775416,10704
291,0,urban2000_10,-.0061726377899955,-.0320774901775416,10704
291,0,diff,-.0320774901775416,-.0320774901775416,10704
291,0,expl,-.0354332252319802,-.0320774901775416,10704
291,0,pr_0,.1433973240255963,-.0320774901775416,10704
291,0,pr_1,.1754748142031379,-.0320774901775416,10704
292,0,edu,-.0147589696571644,-.0733449733337452,11091
292,0,plants,-.0003070463443666,-.0733449733337452,11091
292,0,age,.0039944754444956,-.0733449733337452,11091
292,0,gender,.0010260059677341,-.0733449733337452,11091
292,0,marriage,.0021974744209085,-.0733449733337452,11091
292,0,ln_income,-.0003578833983786,-.0733449733337452,11091
292,0,health,-.0043578830924111,-.0733449733337452,11091
292,0,sportsArea,-.0004251450264795,-.0733449733337452,11091
292,0,year14,-.0165710578997067,-.0733449733337452,11091
292,0,rice10,-.0456294426965185,-.0733449733337452,11091
292,0,ln_gdp_hist,.0025092972269465,-.0733449733337452,11091
292,0,urban2000_10,-.007037990540007,-.0733449733337452,11091
292,0,diff,-.0733449733337452,-.0733449733337452,11091
292,0,expl,-.0797208567046918,-.0733449733337452,11091
292,0,pr_0,.1776812992442515,-.0733449733337452,11091
292,0,pr_1,.2510262725779967,-.0733449733337452,11091
293,0,edu,-.0084969919176623,-.0386870329811691,26671
293,0,plants,-.0425972802282088,-.0386870329811691,26671
293,0,age,.0004189975060745,-.0386870329811691,26671
293,0,gender,.0006089279749026,-.0386870329811691,26671
293,0,marriage,-.0002561375745842,-.0386870329811691,26671
293,0,ln_income,-.0000236779863047,-.0386870329811691,26671
293,0,health,-.0008200281688257,-.0386870329811691,26671
293,0,sportsArea,.0069447620914777,-.0386870329811691,26671
293,0,year14,-.0021252321515216,-.0386870329811691,26671
293,0,rice10,.0270452796265755,-.0386870329811691,26671
293,0,ln_gdp_hist,.0338047550559252,-.0386870329811691,26671
293,0,urban2000_10,-.0503252504825701,-.0386870329811691,26671
293,0,diff,-.0386870329811691,-.0386870329811691,26671
293,0,expl,-.0357425809279408,-.0386870329811691,26671
293,0,pr_0,.154849934754241,-.0386870329811691,26671
293,0,pr_1,.1935369677354101,-.0386870329811691,26671
294,0,edu,-.0106401287020309,-.1036789767329669,6645
294,0,plants,-.0357716996055967,-.1036789767329669,6645
294,0,age,.001602388341623,-.1036789767329669,6645
294,0,gender,.0016624348650916,-.1036789767329669,6645
294,0,marriage,.0010839353562064,-.1036789767329669,6645
294,0,ln_income,-.0030379482088645,-.1036789767329669,6645
294,0,health,-.001197729575669,-.1036789767329669,6645
294,0,sportsArea,-.0017094284347401,-.1036789767329669,6645
294,0,year14,-.0143103152723342,-.1036789767329669,6645
294,0,rice10,.0065045443323107,-.1036789767329669,6645
294,0,ln_gdp_hist,.022234387858209,-.1036789767329669,6645
294,0,urban2000_10,-.0735809101235293,-.1036789767329669,6645
294,0,diff,-.1036789767329669,-.1036789767329669,6645
294,0,expl,-.1072008708446641,-.1036789767329669,6645
294,0,pr_0,.1358725013506213,-.1036789767329669,6645
294,0,pr_1,.2395514780835882,-.1036789767329669,6645
295,0,edu,-.0129298275364242,-.0909229668017935,11745
295,0,plants,.0009626332907912,-.0909229668017935,11745
295,0,age,-.0021604143282936,-.0909229668017935,11745
295,0,gender,.0007648067354926,-.0909229668017935,11745
295,0,marriage,.0003798868164503,-.0909229668017935,11745
295,0,ln_income,.000328203789643,-.0909229668017935,11745
295,0,health,-.001786912995272,-.0909229668017935,11745
295,0,sportsArea,.0068810340408297,-.0909229668017935,11745
295,0,year14,-.0114607524091842,-.0909229668017935,11745
295,0,rice10,-.0569551140408614,-.0909229668017935,11745
295,0,ln_gdp_hist,-.0064762686913939,-.0909229668017935,11745
295,0,urban2000_10,-.002299108973361,-.0909229668017935,11745
295,0,diff,-.0909229668017935,-.0909229668017935,11745
295,0,expl,-.0848126241267822,-.0909229668017935,11745
295,0,pr_0,.1439856908630198,-.0909229668017935,11745
295,0,pr_1,.2349086576648133,-.0909229668017935,11745
296,0,edu,-.0138783601994986,-.0898248666008732,8743
296,0,plants,-.0062056065472865,-.0898248666008732,8743
296,0,age,.0012682877043811,-.0898248666008732,8743
296,0,gender,.0005102856554479,-.0898248666008732,8743
296,0,marriage,-.0005599370242029,-.0898248666008732,8743
296,0,ln_income,.0003045449017305,-.0898248666008732,8743
296,0,health,-.0003289560848834,-.0898248666008732,8743
296,0,sportsArea,.0019411287513931,-.0898248666008732,8743
296,0,year14,-.0168308264339899,-.0898248666008732,8743
296,0,rice10,-.041894409595676,-.0898248666008732,8743
296,0,ln_gdp_hist,-.0008705645255966,-.0898248666008732,8743
296,0,urban2000_10,-.0000255618271478,-.0898248666008732,8743
296,0,diff,-.0898248666008732,-.0898248666008732,8743
296,0,expl,-.0764992128313795,-.0898248666008732,8743
296,0,pr_0,.1465968586387434,-.0898248666008732,8743
296,0,pr_1,.2364217252396166,-.0898248666008732,8743
297,0,edu,-.0086849313008124,-.084895426177368,14509
297,0,plants,-.0351293433870015,-.084895426177368,14509
297,0,age,-.0009072449049487,-.084895426177368,14509
297,0,gender,.0002513766574255,-.084895426177368,14509
297,0,marriage,-.0004399485689103,-.084895426177368,14509
297,0,ln_income,.0000948400512492,-.084895426177368,14509
297,0,health,-.0002779903667148,-.084895426177368,14509
297,0,sportsArea,.0058832496754669,-.084895426177368,14509
297,0,year14,-.0070124606425793,-.084895426177368,14509
297,0,rice10,-.0294552739319482,-.084895426177368,14509
297,0,ln_gdp_hist,-.0022179150067012,-.084895426177368,14509
297,0,urban2000_10,8.93668101341e-06,-.084895426177368,14509
297,0,diff,-.084895426177368,-.084895426177368,14509
297,0,expl,-.0779996922683545,-.084895426177368,14509
297,0,pr_0,.1259968102073365,-.084895426177368,14509
297,0,pr_1,.2108922363847045,-.084895426177368,14509
298,0,edu,-.0152376429349906,-.0625643183297133,14476
298,0,plants,.0032931424303965,-.0625643183297133,14476
298,0,age,.001530722667953,-.0625643183297133,14476
298,0,gender,.0008020904538239,-.0625643183297133,14476
298,0,marriage,-.0000660634614521,-.0625643183297133,14476
298,0,ln_income,-.0001308788264948,-.0625643183297133,14476
298,0,health,-.0010127482800563,-.0625643183297133,14476
298,0,sportsArea,.0029010162459454,-.0625643183297133,14476
298,0,year14,-.0110403814100279,-.0625643183297133,14476
298,0,rice10,-.0310202904281856,-.0625643183297133,14476
298,0,ln_gdp_hist,-.0107051423365131,-.0625643183297133,14476
298,0,urban2000_10,-.0004325845500558,-.0625643183297133,14476
298,0,diff,-.0625643183297133,-.0625643183297133,14476
298,0,expl,-.0610376147648461,-.0625643183297133,14476
298,0,pr_0,.1484814398200225,-.0625643183297133,14476
298,0,pr_1,.2110457581497358,-.0625643183297133,14476
299,0,edu,-.0138863995878714,-.1088673043349828,13154
299,0,plants,-.0374119907863655,-.1088673043349828,13154
299,0,age,.0002386797314185,-.1088673043349828,13154
299,0,gender,.001058982549447,-.1088673043349828,13154
299,0,marriage,.0006919521438799,-.1088673043349828,13154
299,0,ln_income,-.0000858977742421,-.1088673043349828,13154
299,0,health,-.0019219991893093,-.1088673043349828,13154
299,0,sportsArea,.0077720061331817,-.1088673043349828,13154
299,0,year14,-.0093322285431202,-.1088673043349828,13154
299,0,rice10,-.0539422860784627,-.1088673043349828,13154
299,0,ln_gdp_hist,-.003324197511487,-.1088673043349828,13154
299,0,urban2000_10,.0046145554074246,-.1088673043349828,13154
299,0,diff,-.1088673043349828,-.1088673043349828,13154
299,0,expl,-.1055898871593668,-.1088673043349828,13154
299,0,pr_0,.139697322467986,-.1088673043349828,13154
299,0,pr_1,.2485646268029688,-.1088673043349828,13154
300,0,edu,-.0031984507552714,-.0213091914694055,29115
300,0,plants,.0139097165703493,-.0213091914694055,29115
300,0,age,.0000781406377172,-.0213091914694055,29115
300,0,gender,-.0000372836381998,-.0213091914694055,29115
300,0,marriage,-.000629251538232,-.0213091914694055,29115
300,0,ln_income,.0000614854365626,-.0213091914694055,29115
300,0,health,-.0003760827980194,-.0213091914694055,29115
300,0,sportsArea,.0066652751366884,-.0213091914694055,29115
300,0,year14,.0012055265688747,-.0213091914694055,29115
300,0,rice10,-.0471700952209163,-.0213091914694055,29115
300,0,ln_gdp_hist,.0352713523924652,-.0213091914694055,29115
300,0,urban2000_10,-.0264289081260583,-.0213091914694055,29115
300,0,diff,-.0213091914694055,-.0213091914694055,29115
300,0,expl,-.0205650245086138,-.0213091914694055,29115
300,0,pr_0,.1565588773642465,-.0213091914694055,29115
300,0,pr_1,.177868068833652,-.0213091914694055,29115
301,0,edu,.0025966366748721,-.0124735295621966,20976
301,0,plants,-.0309870728171797,-.0124735295621966,20976
301,0,age,.000509764827492,-.0124735295621966,20976
301,0,gender,-.000479951749338,-.0124735295621966,20976
301,0,marriage,-.0009812831343864,-.0124735295621966,20976
301,0,ln_income,.0002964922981013,-.0124735295621966,20976
301,0,health,-.0000163160394684,-.0124735295621966,20976
301,0,sportsArea,.0057571252144642,-.0124735295621966,20976
301,0,year14,.0010610713828761,-.0124735295621966,20976
301,0,rice10,-.0544976928906746,-.0124735295621966,20976
301,0,ln_gdp_hist,.0998594224760581,-.0124735295621966,20976
301,0,urban2000_10,-.0343832693614241,-.0124735295621966,20976
301,0,diff,-.0124735295621966,-.0124735295621966,20976
301,0,expl,-.0112199825165312,-.0124735295621966,20976
301,0,pr_0,.171608832807571,-.0124735295621966,20976
301,0,pr_1,.1840823623697676,-.0124735295621966,20976
302,0,edu,-.0036110452968694,-.0079306367568204,17623
302,0,plants,.0193473112209268,-.0079306367568204,17623
302,0,age,.002637703547804,-.0079306367568204,17623
302,0,gender,.0004101830338983,-.0079306367568204,17623
302,0,marriage,.0012236807734459,-.0079306367568204,17623
302,0,ln_income,-.0001870527659559,-.0079306367568204,17623
302,0,health,-.0025715303584249,-.0079306367568204,17623
302,0,sportsArea,.0028507375496809,-.0079306367568204,17623
302,0,year14,-.0013151773883411,-.0079306367568204,17623
302,0,rice10,-.0447237076960918,-.0079306367568204,17623
302,0,ln_gdp_hist,.0232625627157051,-.0079306367568204,17623
302,0,urban2000_10,-.0090122846720559,-.0079306367568204,17623
302,0,diff,-.0079306367568204,-.0079306367568204,17623
302,0,expl,-.0116791048478864,-.0079306367568204,17623
302,0,pr_0,.1856255355612682,-.0079306367568204,17623
302,0,pr_1,.1935561723180886,-.0079306367568204,17623
303,0,edu,-.0122793384384842,-.1125913182616865,12371
303,0,plants,-.0650780990263938,-.1125913182616865,12371
303,0,age,-.0011705236069098,-.1125913182616865,12371
303,0,gender,.0006036354929372,-.1125913182616865,12371
303,0,marriage,.0002820413240698,-.1125913182616865,12371
303,0,ln_income,-.0009087909693383,-.1125913182616865,12371
303,0,health,-.0003269097775862,-.1125913182616865,12371
303,0,sportsArea,.0058380387608766,-.1125913182616865,12371
303,0,year14,-.0053100883678845,-.1125913182616865,12371
303,0,rice10,-.0407124741720353,-.1125913182616865,12371
303,0,ln_gdp_hist,.0095852867012887,-.1125913182616865,12371
303,0,urban2000_10,.0031545298407936,-.1125913182616865,12371
303,0,diff,-.1125913182616865,-.1125913182616865,12371
303,0,expl,-.1063301152978819,-.1125913182616865,12371
303,0,pr_0,.1461820500557947,-.1125913182616865,12371
303,0,pr_1,.2587733683174812,-.1125913182616865,12371
304,0,edu,-.0172403975356659,-.0963487826077974,14060
304,0,plants,-.0514660349335468,-.0963487826077974,14060
304,0,age,.0019551244643062,-.0963487826077974,14060
304,0,gender,.0017880012397257,-.0963487826077974,14060
304,0,marriage,.0008822042601993,-.0963487826077974,14060
304,0,ln_income,-.0009308110517829,-.0963487826077974,14060
304,0,health,-.0011751469784482,-.0963487826077974,14060
304,0,sportsArea,.0045708536634426,-.0963487826077974,14060
304,0,year14,-.0096426417436541,-.0963487826077974,14060
304,0,rice10,-.0258277683556899,-.0963487826077974,14060
304,0,ln_gdp_hist,.0010339835641203,-.0963487826077974,14060
304,0,urban2000_10,.0023678626959932,-.0963487826077974,14060
304,0,diff,-.0963487826077974,-.0963487826077974,14060
304,0,expl,-.0935753707272297,-.0963487826077974,14060
304,0,pr_0,.1535947712418301,-.0963487826077974,14060
304,0,pr_1,.2499435538496275,-.0963487826077974,14060
305,0,edu,-.0029723547548394,-.0191044986903712,17153
305,0,plants,.0035962609200943,-.0191044986903712,17153
305,0,age,.0022507108111608,-.0191044986903712,17153
305,0,gender,.0002447040074524,-.0191044986903712,17153
305,0,marriage,.0005967926674498,-.0191044986903712,17153
305,0,ln_income,-.0002571593021901,-.0191044986903712,17153
305,0,health,-.0019637870678109,-.0191044986903712,17153
305,0,sportsArea,.0037002399776406,-.0191044986903712,17153
305,0,year14,-.0038139946284916,-.0191044986903712,17153
305,0,rice10,-.0309401361464254,-.0191044986903712,17153
305,0,ln_gdp_hist,.0617597546390539,-.0191044986903712,17153
305,0,urban2000_10,-.048669023753644,-.0191044986903712,17153
305,0,diff,-.0191044986903712,-.0191044986903712,17153
305,0,expl,-.016579323042996,-.0191044986903712,17153
305,0,pr_0,.1886018860188602,-.0191044986903712,17153
305,0,pr_1,.2077063847092314,-.0191044986903712,17153
306,0,edu,-.0132120652707034,-.0616432811849725,12015
306,0,plants,-.0207305530213241,-.0616432811849725,12015
306,0,age,.0002658532637636,-.0616432811849725,12015
306,0,gender,.0004599760339189,-.0616432811849725,12015
306,0,marriage,-.000271364092312,-.0616432811849725,12015
306,0,ln_income,-.0000825914567381,-.0616432811849725,12015
306,0,health,-.0010015853034694,-.0616432811849725,12015
306,0,sportsArea,.0021528629280955,-.0616432811849725,12015
306,0,year14,-.008226108001601,-.0616432811849725,12015
306,0,rice10,-.0159569499467892,-.0616432811849725,12015
306,0,ln_gdp_hist,-.0026097683981768,-.0616432811849725,12015
306,0,urban2000_10,-.0023476308614088,-.0616432811849725,12015
306,0,diff,-.0616432811849725,-.0616432811849725,12015
306,0,expl,-.0614064246044994,-.0616432811849725,12015
306,0,pr_0,.131850353892821,-.0616432811849725,12015
306,0,pr_1,.1934936350777935,-.0616432811849725,12015
307,0,edu,-.0097693895931332,-.0673338050383389,15388
307,0,plants,.0336098154680942,-.0673338050383389,15388
307,0,age,.0006501173451208,-.0673338050383389,15388
307,0,gender,.0003151951560052,-.0673338050383389,15388
307,0,marriage,.0002548339918526,-.0673338050383389,15388
307,0,ln_income,.0000534008367751,-.0673338050383389,15388
307,0,health,-.0011769837989585,-.0673338050383389,15388
307,0,sportsArea,.0046123414698635,-.0673338050383389,15388
307,0,year14,-.0074424527904932,-.0673338050383389,15388
307,0,rice10,-.0789109772353133,-.0673338050383389,15388
307,0,ln_gdp_hist,.0080279546027164,-.0673338050383389,15388
307,0,urban2000_10,-.0170028232699333,-.0673338050383389,15388
307,0,diff,-.0673338050383389,-.0673338050383389,15388
307,0,expl,-.0668655395935949,-.0673338050383389,15388
307,0,pr_0,.1707241432780276,-.0673338050383389,15388
307,0,pr_1,.2380579483163665,-.0673338050383389,15388
308,0,edu,-.0118364749533074,-.0454328384286594,12376
308,0,plants,.0140648365188748,-.0454328384286594,12376
308,0,age,-.0007165720177746,-.0454328384286594,12376
308,0,gender,.0004599687029699,-.0454328384286594,12376
308,0,marriage,-.0018434166950907,-.0454328384286594,12376
308,0,ln_income,.0007411051712457,-.0454328384286594,12376
308,0,health,-.0008227974340469,-.0454328384286594,12376
308,0,sportsArea,-.001661330662127,-.0454328384286594,12376
308,0,year14,-.0113417165529147,-.0454328384286594,12376
308,0,rice10,-.0348016861554001,-.0454328384286594,12376
308,0,ln_gdp_hist,-.0008907491008462,-.0454328384286594,12376
308,0,urban2000_10,.0002035952021301,-.0454328384286594,12376
308,0,diff,-.0454328384286594,-.0454328384286594,12376
308,0,expl,-.0484727498880864,-.0454328384286594,12376
308,0,pr_0,.1445572834020946,-.0454328384286594,12376
308,0,pr_1,.189990121830754,-.0454328384286594,12376
309,0,edu,-.0073925704310154,-.0647946173413878,15730
309,0,plants,-.0244081836804234,-.0647946173413878,15730
309,0,age,.0010244705212527,-.0647946173413878,15730
309,0,gender,-.0001373885728516,-.0647946173413878,15730
309,0,marriage,-.0006289490567949,-.0647946173413878,15730
309,0,ln_income,.0001191684260962,-.0647946173413878,15730
309,0,health,-.0004676507152555,-.0647946173413878,15730
309,0,sportsArea,.0036682476656527,-.0647946173413878,15730
309,0,year14,-.0053701511783363,-.0647946173413878,15730
309,0,rice10,-.0371931091433682,-.0647946173413878,15730
309,0,ln_gdp_hist,.0183941316119461,-.0647946173413878,15730
309,0,urban2000_10,-.0090243892551861,-.0647946173413878,15730
309,0,diff,-.0647946173413878,-.0647946173413878,15730
309,0,expl,-.0614271329301164,-.0647946173413878,15730
309,0,pr_0,.1443823080833757,-.0647946173413878,15730
309,0,pr_1,.2091769254247635,-.0647946173413878,15730
310,0,edu,-.0089594794091916,-.0498146678823626,15090
310,0,plants,.0064246380980384,-.0498146678823626,15090
310,0,age,.0021620534321008,-.0498146678823626,15090
310,0,gender,.000200920809072,-.0498146678823626,15090
310,0,marriage,-.0004187198737956,-.0498146678823626,15090
310,0,ln_income,.0001158229161783,-.0498146678823626,15090
310,0,health,-.0007443453710077,-.0498146678823626,15090
310,0,sportsArea,.0023583073864727,-.0498146678823626,15090
310,0,year14,-.0126692520898019,-.0498146678823626,15090
310,0,rice10,-.0321281034809805,-.0498146678823626,15090
310,0,ln_gdp_hist,.0172551312319753,-.0498146678823626,15090
310,0,urban2000_10,-.0182583494723538,-.0498146678823626,15090
310,0,diff,-.0498146678823626,-.0498146678823626,15090
310,0,expl,-.0445928834719992,-.0498146678823626,15090
310,0,pr_0,.1575459193334596,-.0498146678823626,15090
310,0,pr_1,.2073605872158222,-.0498146678823626,15090
311,0,edu,-.0083711449932009,-.0567306688584092,21950
311,0,plants,-.0029944900393399,-.0567306688584092,21950
311,0,age,-.0005814790493817,-.0567306688584092,21950
311,0,gender,.0001469461324794,-.0567306688584092,21950
311,0,marriage,-.0009080671694249,-.0567306688584092,21950
311,0,ln_income,.0004008383763096,-.0567306688584092,21950
311,0,health,.0001227772358683,-.0567306688584092,21950
311,0,sportsArea,.0064484170833589,-.0567306688584092,21950
311,0,year14,-.0042774068006723,-.0567306688584092,21950
311,0,rice10,-.0504368022395149,-.0567306688584092,21950
311,0,ln_gdp_hist,.0249070844356821,-.0567306688584092,21950
311,0,urban2000_10,-.0156071843019765,-.0567306688584092,21950
311,0,diff,-.0567306688584092,-.0567306688584092,21950
311,0,expl,-.0509871193948586,-.0567306688584092,21950
311,0,pr_0,.1551949751373986,-.0567306688584092,21950
311,0,pr_1,.2119256439958078,-.0567306688584092,21950
312,0,edu,-.0065622840638672,-.0812992937309752,19871
312,0,plants,-.0367605485651467,-.0812992937309752,19871
312,0,age,.0005282274945715,-.0812992937309752,19871
312,0,gender,-1.73454234651e-06,-.0812992937309752,19871
312,0,marriage,-.000270997184628,-.0812992937309752,19871
312,0,ln_income,.0000627025397511,-.0812992937309752,19871
312,0,health,-.0001854622619636,-.0812992937309752,19871
312,0,sportsArea,.0053623961132803,-.0812992937309752,19871
312,0,year14,-.005786874351218,-.0812992937309752,19871
312,0,rice10,-.0585337635791754,-.0812992937309752,19871
312,0,ln_gdp_hist,.0535898852031704,-.0812992937309752,19871
312,0,urban2000_10,-.025203485320283,-.0812992937309752,19871
312,0,diff,-.0812992937309752,-.0812992937309752,19871
312,0,expl,-.0738645364663164,-.0812992937309752,19871
312,0,pr_0,.1467538322813345,-.0812992937309752,19871
312,0,pr_1,.2280531260123097,-.0812992937309752,19871
313,0,edu,-.0044341496994416,-.0539572432935566,19715
313,0,plants,.0122723741945131,-.0539572432935566,19715
313,0,age,-.0002576206049584,-.0539572432935566,19715
313,0,gender,.0000949591681129,-.0539572432935566,19715
313,0,marriage,-.0012601830321882,-.0539572432935566,19715
313,0,ln_income,.0006684974985147,-.0539572432935566,19715
313,0,health,-.0004466060905626,-.0539572432935566,19715
313,0,sportsArea,.0074605048858927,-.0539572432935566,19715
313,0,year14,-.0020116610246595,-.0539572432935566,19715
313,0,rice10,-.0664473569808992,-.0539572432935566,19715
313,0,ln_gdp_hist,.0026244363240964,-.0539572432935566,19715
313,0,urban2000_10,-.0047098345836233,-.0539572432935566,19715
313,0,diff,-.0539572432935566,-.0539572432935566,19715
313,0,expl,-.0565014334434236,-.0539572432935566,19715
313,0,pr_0,.1409815567364802,-.0539572432935566,19715
313,0,pr_1,.1949388000300368,-.0539572432935566,19715
314,0,edu,-.010541802698896,-.0735326111546214,12570
314,0,plants,-.0163624144132807,-.0735326111546214,12570
314,0,age,.0020811977347563,-.0735326111546214,12570
314,0,gender,.000706977035129,-.0735326111546214,12570
314,0,marriage,.0010140645311823,-.0735326111546214,12570
314,0,ln_income,-.0003790678615624,-.0735326111546214,12570
314,0,health,-.0015711988704889,-.0735326111546214,12570
314,0,sportsArea,.0031514402044296,-.0735326111546214,12570
314,0,year14,-.0098083913977816,-.0735326111546214,12570
314,0,rice10,-.0482790910990288,-.0735326111546214,12570
314,0,ln_gdp_hist,.001676345858718,-.0735326111546214,12570
314,0,urban2000_10,.0094180707164744,-.0735326111546214,12570
314,0,diff,-.0735326111546214,-.0735326111546214,12570
314,0,expl,-.0688674820760771,-.0735326111546214,12570
314,0,pr_0,.169817866435386,-.0735326111546214,12570
314,0,pr_1,.2433504775900074,-.0735326111546214,12570
315,0,edu,-.0025930393286648,-.0801549438207209,12815
315,0,plants,-.0396498804900181,-.0801549438207209,12815
315,0,age,-.0012821471386946,-.0801549438207209,12815
315,0,gender,.000039741370561,-.0801549438207209,12815
315,0,marriage,-.0007536050977382,-.0801549438207209,12815
315,0,ln_income,.0000593990822204,-.0801549438207209,12815
315,0,health,.0005432909146325,-.0801549438207209,12815
315,0,sportsArea,.0111449409036627,-.0801549438207209,12815
315,0,year14,-.0046284756497532,-.0801549438207209,12815
315,0,rice10,-.0508695308941957,-.0801549438207209,12815
315,0,ln_gdp_hist,.0144485682376857,-.0801549438207209,12815
315,0,urban2000_10,-.0012609414163941,-.0801549438207209,12815
315,0,diff,-.0801549438207209,-.0801549438207209,12815
315,0,expl,-.0747356574815598,-.0801549438207209,12815
315,0,pr_0,.1316421895861148,-.0801549438207209,12815
315,0,pr_1,.2117971334068357,-.0801549438207209,12815
316,0,edu,-.0100785730857588,-.0539472325027387,15768
316,0,plants,-.0051529519924153,-.0539472325027387,15768
316,0,age,.0032235968340213,-.0539472325027387,15768
316,0,gender,.0000646136882997,-.0539472325027387,15768
316,0,marriage,-.0004396396472867,-.0539472325027387,15768
316,0,ln_income,-.000022869972932,-.0539472325027387,15768
316,0,health,-.0006621509814336,-.0539472325027387,15768
316,0,sportsArea,.0021149223539339,-.0539472325027387,15768
316,0,year14,-.0081572307336692,-.0539472325027387,15768
316,0,rice10,-.0346265793165221,-.0539472325027387,15768
316,0,ln_gdp_hist,.0190003050875943,-.0539472325027387,15768
316,0,urban2000_10,-.0177724054076891,-.0539472325027387,15768
316,0,diff,-.0539472325027387,-.0539472325027387,15768
316,0,expl,-.0525174858433194,-.0539472325027387,15768
316,0,pr_0,.1594061340105489,-.0539472325027387,15768
316,0,pr_1,.2133533665132876,-.0539472325027387,15768
317,0,edu,-.0045600045549554,-.0382613888789012,11831
317,0,plants,-.0068957793058638,-.0382613888789012,11831
317,0,age,.0008245676487753,-.0382613888789012,11831
317,0,gender,.0000712265977751,-.0382613888789012,11831
317,0,marriage,.0001404979660016,-.0382613888789012,11831
317,0,ln_income,-.000015115406508,-.0382613888789012,11831
317,0,health,-.0009563958615703,-.0382613888789012,11831
317,0,sportsArea,.0046452314053573,-.0382613888789012,11831
317,0,year14,-.0057844425515938,-.0382613888789012,11831
317,0,rice10,-.0355982825647431,-.0382613888789012,11831
317,0,ln_gdp_hist,.0061249050247843,-.0382613888789012,11831
317,0,urban2000_10,.0087585341590764,-.0382613888789012,11831
317,0,diff,-.0382613888789012,-.0382613888789012,11831
317,0,expl,-.033250771957206,-.0382613888789012,11831
317,0,pr_0,.1461232604373758,-.0382613888789012,11831
317,0,pr_1,.184384649316277,-.0382613888789012,11831
318,0,edu,-.0212354250313979,-.0980338380409516,10278
318,0,plants,-.0033539602911341,-.0980338380409516,10278
318,0,age,.0005791909483413,-.0980338380409516,10278
318,0,gender,.0010518975080266,-.0980338380409516,10278
318,0,marriage,.0003664161208538,-.0980338380409516,10278
318,0,ln_income,.0001866972583214,-.0980338380409516,10278
318,0,health,-.0008656315978456,-.0980338380409516,10278
318,0,sportsArea,-.0005699457527655,-.0980338380409516,10278
318,0,year14,-.0178864292186042,-.0980338380409516,10278
318,0,rice10,-.0381820885291518,-.0980338380409516,10278
318,0,ln_gdp_hist,-.0152902565783703,-.0980338380409516,10278
318,0,urban2000_10,.0020614243052822,-.0980338380409516,10278
318,0,diff,-.0980338380409516,-.0980338380409516,10278
318,0,expl,-.0932471254586621,-.0980338380409516,10278
318,0,pr_0,.1395147313691508,-.0980338380409516,10278
318,0,pr_1,.2375485694101024,-.0980338380409516,10278
319,0,edu,-.0161436118737369,-.0742852430812867,10507
319,0,plants,.0012833259682383,-.0742852430812867,10507
319,0,age,.0026542242578416,-.0742852430812867,10507
319,0,gender,.0008670780775785,-.0742852430812867,10507
319,0,marriage,.0015029746715346,-.0742852430812867,10507
319,0,ln_income,-.0004208972110139,-.0742852430812867,10507
319,0,health,-.0022939814546666,-.0742852430812867,10507
319,0,sportsArea,-.0044996489112962,-.0742852430812867,10507
319,0,year14,-.0180080533913203,-.0742852430812867,10507
319,0,rice10,-.0254114598160342,-.0742852430812867,10507
319,0,ln_gdp_hist,-.0057866033501673,-.0742852430812867,10507
319,0,urban2000_10,-.0003657010620564,-.0742852430812867,10507
319,0,diff,-.0742852430812867,-.0742852430812867,10507
319,0,expl,-.0665606504448436,-.0742852430812867,10507
319,0,pr_0,.1547101449275362,-.0742852430812867,10507
319,0,pr_1,.2289953880088229,-.0742852430812867,10507
320,0,edu,-.0104343987360293,-.096124464268452,19488
320,0,plants,.0314801053347355,-.096124464268452,19488
320,0,age,.0025399667280834,-.096124464268452,19488
320,0,gender,.0004893651285784,-.096124464268452,19488
320,0,marriage,-.0018321306971324,-.096124464268452,19488
320,0,ln_income,.0003465349385997,-.096124464268452,19488
320,0,health,-.0002129555315365,-.096124464268452,19488
320,0,sportsArea,.0022542064231301,-.096124464268452,19488
320,0,year14,-.0076400153572208,-.096124464268452,19488
320,0,rice10,-.0897549397807662,-.096124464268452,19488
320,0,ln_gdp_hist,-.0043149053981769,-.096124464268452,19488
320,0,urban2000_10,-.0204305608002723,-.096124464268452,19488
320,0,diff,-.096124464268452,-.096124464268452,19488
320,0,expl,-.0974037293319326,-.096124464268452,19488
320,0,pr_0,.1282103965481816,-.096124464268452,19488
320,0,pr_1,.2243348608166336,-.096124464268452,19488
321,0,edu,-.0083848353848198,-.0490053523616781,12824
321,0,plants,-.0091701258216031,-.0490053523616781,12824
321,0,age,-.0003488274919075,-.0490053523616781,12824
321,0,gender,.000579658312563,-.0490053523616781,12824
321,0,marriage,.0001243809052237,-.0490053523616781,12824
321,0,ln_income,-.0001531027711586,-.0490053523616781,12824
321,0,health,-.0014329870392601,-.0490053523616781,12824
321,0,sportsArea,.0063690495495898,-.0490053523616781,12824
321,0,year14,-.0043169224212835,-.0490053523616781,12824
321,0,rice10,-.0415854021569122,-.0490053523616781,12824
321,0,ln_gdp_hist,.0011922233760718,-.0490053523616781,12824
321,0,urban2000_10,.0106144700722074,-.0490053523616781,12824
321,0,diff,-.0490053523616781,-.0490053523616781,12824
321,0,expl,-.0465385246622749,-.0490053523616781,12824
321,0,pr_0,.1388028054151036,-.0490053523616781,12824
321,0,pr_1,.1878081577767817,-.0490053523616781,12824
322,0,edu,-.0160322845279277,-.0586234656999354,24205
322,0,plants,-.0310185657944619,-.0586234656999354,24205
322,0,age,.0007785426142053,-.0586234656999354,24205
322,0,gender,.0004787220234379,-.0586234656999354,24205
322,0,marriage,-.0010975016624082,-.0586234656999354,24205
322,0,ln_income,.0002537775869292,-.0586234656999354,24205
322,0,health,-.0002707118771433,-.0586234656999354,24205
322,0,sportsArea,.003373450894115,-.0586234656999354,24205
322,0,year14,-.0079418961207751,-.0586234656999354,24205
322,0,rice10,.0118857858856751,-.0586234656999354,24205
322,0,ln_gdp_hist,-.009629216304774,-.0586234656999354,24205
322,0,urban2000_10,-.0074479933577221,-.0586234656999354,24205
322,0,diff,-.0586234656999354,-.0586234656999354,24205
322,0,expl,-.0565301172491624,-.0586234656999354,24205
322,0,pr_0,.1309293839879803,-.0586234656999354,24205
322,0,pr_1,.1895528496879157,-.0586234656999354,24205
323,0,edu,-.0075507622436777,-.0335208550362256,13708
323,0,plants,-.0282289123461724,-.0335208550362256,13708
323,0,age,.0025245980378189,-.0335208550362256,13708
323,0,gender,-.0000593157835897,-.0335208550362256,13708
323,0,marriage,.0000704472556102,-.0335208550362256,13708
323,0,ln_income,-.0004352630650008,-.0335208550362256,13708
323,0,health,-.0018022646646192,-.0335208550362256,13708
323,0,sportsArea,.0024787698074854,-.0335208550362256,13708
323,0,year14,-.0038909031263374,-.0335208550362256,13708
323,0,rice10,-.0214380785731932,-.0335208550362256,13708
323,0,ln_gdp_hist,.0233787141060376,-.0335208550362256,13708
323,0,urban2000_10,.0020244406945398,-.0335208550362256,13708
323,0,diff,-.0335208550362256,-.0335208550362256,13708
323,0,expl,-.0327710688044915,-.0335208550362256,13708
323,0,pr_0,.1672396012375387,-.0335208550362256,13708
323,0,pr_1,.2007604562737643,-.0335208550362256,13708
324,0,edu,-.0083902302584976,-.0783211439944965,14564
324,0,plants,-.0523049784605388,-.0783211439944965,14564
324,0,age,-.0007992393543391,-.0783211439944965,14564
324,0,gender,-.0000347424110696,-.0783211439944965,14564
324,0,marriage,-.0015849293890068,-.0783211439944965,14564
324,0,ln_income,-.0001286381205191,-.0783211439944965,14564
324,0,health,.0000936629669218,-.0783211439944965,14564
324,0,sportsArea,.0045996657402142,-.0783211439944965,14564
324,0,year14,-.002594155840293,-.0783211439944965,14564
324,0,rice10,-.0119249964101289,-.0783211439944965,14564
324,0,ln_gdp_hist,-.0007777749336356,-.0783211439944965,14564
324,0,urban2000_10,-.0012419245783591,-.0783211439944965,14564
324,0,diff,-.0783211439944965,-.0783211439944965,14564
324,0,expl,-.0750612726452032,-.0783211439944965,14564
324,0,pr_0,.1237301380567856,-.0783211439944965,14564
324,0,pr_1,.2020512820512821,-.0783211439944965,14564
325,0,edu,-.0113229539431216,-.0585453419741084,8222
325,0,plants,.0222449666572122,-.0585453419741084,8222
325,0,age,.000892700211977,-.0585453419741084,8222
325,0,gender,.0006290346457902,-.0585453419741084,8222
325,0,marriage,.0003949607781138,-.0585453419741084,8222
325,0,ln_income,.000373268408182,-.0585453419741084,8222
325,0,health,-.0012708267658998,-.0585453419741084,8222
325,0,sportsArea,-.0052764915276323,-.0585453419741084,8222
325,0,year14,-.0225084563513608,-.0585453419741084,8222
325,0,rice10,-.0276556329122837,-.0585453419741084,8222
325,0,ln_gdp_hist,-.0012954430590105,-.0585453419741084,8222
325,0,urban2000_10,-.0175305755974687,-.0585453419741084,8222
325,0,diff,-.0585453419741084,-.0585453419741084,8222
325,0,expl,-.0623993994830426,-.0585453419741084,8222
325,0,pr_0,.1380807642205819,-.0585453419741084,8222
325,0,pr_1,.1966261061946903,-.0585453419741084,8222
326,0,edu,-.0145382786594779,-.0884328880280709,13205
326,0,plants,.0148643269594226,-.0884328880280709,13205
326,0,age,.0001744244601054,-.0884328880280709,13205
326,0,gender,.001392544409537,-.0884328880280709,13205
326,0,marriage,.0011513720540019,-.0884328880280709,13205
326,0,ln_income,.0000373560031733,-.0884328880280709,13205
326,0,health,-.0022701411928163,-.0884328880280709,13205
326,0,sportsArea,.0043980998686389,-.0884328880280709,13205
326,0,year14,-.0167789049076618,-.0884328880280709,13205
326,0,rice10,-.0476640214552732,-.0884328880280709,13205
326,0,ln_gdp_hist,-.0222745683131324,-.0884328880280709,13205
326,0,urban2000_10,.0000709695474271,-.0884328880280709,13205
326,0,diff,-.0884328880280709,-.0884328880280709,13205
326,0,expl,-.0813818779704836,-.0884328880280709,13205
326,0,pr_0,.1376597836774828,-.0884328880280709,13205
326,0,pr_1,.2260926717055537,-.0884328880280709,13205
327,0,edu,-.0056981985778498,-.0602339019347216,15070
327,0,plants,-.0157152295299815,-.0602339019347216,15070
327,0,age,-.0005195298847245,-.0602339019347216,15070
327,0,gender,-.0001635793343196,-.0602339019347216,15070
327,0,marriage,.0002076604766241,-.0602339019347216,15070
327,0,ln_income,.0001024694062646,-.0602339019347216,15070
327,0,health,-.0003003839517786,-.0602339019347216,15070
327,0,sportsArea,.0085080249191949,-.0602339019347216,15070
327,0,year14,-.0033294272525939,-.0602339019347216,15070
327,0,rice10,-.0569808085594908,-.0602339019347216,15070
327,0,ln_gdp_hist,.0286069149838936,-.0602339019347216,15070
327,0,urban2000_10,-.0085165861488659,-.0602339019347216,15070
327,0,diff,-.0602339019347216,-.0602339019347216,15070
327,0,expl,-.0539014080404529,-.0602339019347216,15070
327,0,pr_0,.145777027027027,-.0602339019347216,15070
327,0,pr_1,.2060109289617486,-.0602339019347216,15070
328,0,edu,-.0052389469090156,-.0481856361521398,12512
328,0,plants,.0091415167624844,-.0481856361521398,12512
328,0,age,.001976320501055,-.0481856361521398,12512
328,0,gender,.0008598972226442,-.0481856361521398,12512
328,0,marriage,.0015996240309072,-.0481856361521398,12512
328,0,ln_income,-.0003901263859404,-.0481856361521398,12512
328,0,health,-.00126207512895,-.0481856361521398,12512
328,0,sportsArea,.0030748985271301,-.0481856361521398,12512
328,0,year14,-.009816072950147,-.0481856361521398,12512
328,0,rice10,-.0564615184419909,-.0481856361521398,12512
328,0,ln_gdp_hist,-.0100834941182776,-.0481856361521398,12512
328,0,urban2000_10,.019686545279336,-.0481856361521398,12512
328,0,diff,-.0481856361521398,-.0481856361521398,12512
328,0,expl,-.0469191025569358,-.0481856361521398,12512
328,0,pr_0,.179506136330031,-.0481856361521398,12512
328,0,pr_1,.2276917724821708,-.0481856361521398,12512
329,0,edu,-.0087149871817875,-.0724170031767569,5960
329,0,plants,.006328381672413,-.0724170031767569,5960
329,0,age,.0033096868621256,-.0724170031767569,5960
329,0,gender,.0007135117007525,-.0724170031767569,5960
329,0,marriage,.0007551644224923,-.0724170031767569,5960
329,0,ln_income,-.0006619508380903,-.0724170031767569,5960
329,0,health,-.0008926254978074,-.0724170031767569,5960
329,0,sportsArea,-.0034082381525545,-.0724170031767569,5960
329,0,year14,-.0216932251123479,-.0724170031767569,5960
329,0,rice10,-.0446323188803384,-.0724170031767569,5960
329,0,ln_gdp_hist,-.0017159072187339,-.0724170031767569,5960
329,0,urban2000_10,-.0043955328285546,-.0724170031767569,5960
329,0,diff,-.0724170031767569,-.0724170031767569,5960
329,0,expl,-.0750218615480462,-.0724170031767569,5960
329,0,pr_0,.1571803852889667,-.0724170031767569,5960
329,0,pr_1,.2295973884657236,-.0724170031767569,5960
330,0,edu,-.0018340573506563,-.0037973577093534,10017
330,0,plants,-.0157959944911955,-.0037973577093534,10017
330,0,age,.0011912470540823,-.0037973577093534,10017
330,0,gender,-.0002611045332182,-.0037973577093534,10017
330,0,marriage,.0004048373056338,-.0037973577093534,10017
330,0,ln_income,.0001292487227307,-.0037973577093534,10017
330,0,health,-.0008145418948457,-.0037973577093534,10017
330,0,sportsArea,.0046238316077823,-.0037973577093534,10017
330,0,year14,-.0016495253343069,-.0037973577093534,10017
330,0,rice10,-.0074978249849986,-.0037973577093534,10017
330,0,ln_gdp_hist,-.0306478555902957,-.0037973577093534,10017
330,0,urban2000_10,.0480058765475242,-.0037973577093534,10017
330,0,diff,-.0037973577093534,-.0037973577093534,10017
330,0,expl,-.0039744160455953,-.0037973577093534,10017
330,0,pr_0,.1703835860838537,-.0037973577093534,10017
330,0,pr_1,.1741809437932071,-.0037973577093534,10017
331,0,edu,-.0059439832989739,-.0770524245463042,22352
331,0,plants,-.0456266920892036,-.0770524245463042,22352
331,0,age,-.0019698561713005,-.0770524245463042,22352
331,0,gender,.0000404865597362,-.0770524245463042,22352
331,0,marriage,.0003793971235773,-.0770524245463042,22352
331,0,ln_income,-7.52210495831e-06,-.0770524245463042,22352
331,0,health,-.0003508342275751,-.0770524245463042,22352
331,0,sportsArea,.0083425992828025,-.0770524245463042,22352
331,0,year14,-.0047799990648488,-.0770524245463042,22352
331,0,rice10,-.0245406593602362,-.0770524245463042,22352
331,0,ln_gdp_hist,.0432062117726929,-.0770524245463042,22352
331,0,urban2000_10,-.0325774711924292,-.0770524245463042,22352
331,0,diff,-.0770524245463042,-.0770524245463042,22352
331,0,expl,-.0640257381734141,-.0770524245463042,22352
331,0,pr_0,.1511031869846222,-.0770524245463042,22352
331,0,pr_1,.2281556115309264,-.0770524245463042,22352
332,0,edu,-.0003236588528852,-.0196136508895578,23354
332,0,plants,-.0127545406162097,-.0196136508895578,23354
332,0,age,-.0002618148843146,-.0196136508895578,23354
332,0,gender,-.0004059988856475,-.0196136508895578,23354
332,0,marriage,-.0005369090269119,-.0196136508895578,23354
332,0,ln_income,.0001514007344103,-.0196136508895578,23354
332,0,health,-.0001252968669777,-.0196136508895578,23354
332,0,sportsArea,.0081097255276226,-.0196136508895578,23354
332,0,year14,.0009814295123322,-.0196136508895578,23354
332,0,rice10,-.0533696500408164,-.0196136508895578,23354
332,0,ln_gdp_hist,.0621864488887796,-.0196136508895578,23354
332,0,urban2000_10,-.0222201639456655,-.0196136508895578,23354
332,0,diff,-.0196136508895578,-.0196136508895578,23354
332,0,expl,-.0186461191961182,-.0196136508895578,23354
332,0,pr_0,.1627275196957348,-.0196136508895578,23354
332,0,pr_1,.1823411705852926,-.0196136508895578,23354
333,0,edu,-.0114148524038627,-.0803139488875429,10649
333,0,plants,.0094747930044931,-.0803139488875429,10649
333,0,age,.0011820929713564,-.0803139488875429,10649
333,0,gender,.0002973585644504,-.0803139488875429,10649
333,0,marriage,.0019525384469225,-.0803139488875429,10649
333,0,ln_income,-.0000317865820464,-.0803139488875429,10649
333,0,health,-.0031876659750008,-.0803139488875429,10649
333,0,sportsArea,.0047007635817447,-.0803139488875429,10649
333,0,year14,-.006265981900972,-.0803139488875429,10649
333,0,rice10,-.0566689510797674,-.0803139488875429,10649
333,0,ln_gdp_hist,-.0156965949531886,-.0803139488875429,10649
333,0,urban2000_10,.000023283591371,-.0803139488875429,10649
333,0,diff,-.0803139488875429,-.0803139488875429,10649
333,0,expl,-.0757791785248712,-.0803139488875429,10649
333,0,pr_0,.146546803652968,-.0803139488875429,10649
333,0,pr_1,.2268607525405109,-.0803139488875429,10649
334,0,edu,-.0099007534023459,-.063769875130914,16007
334,0,plants,-.0023994456155542,-.063769875130914,16007
334,0,age,-.001101589084895,-.063769875130914,16007
334,0,gender,-.0000656197522826,-.063769875130914,16007
334,0,marriage,-.0009393997386809,-.063769875130914,16007
334,0,ln_income,.0000193354206646,-.063769875130914,16007
334,0,health,-.0001534771080112,-.063769875130914,16007
334,0,sportsArea,.0052139589120213,-.063769875130914,16007
334,0,year14,-.0051291954024338,-.063769875130914,16007
334,0,rice10,-.0438604992808687,-.063769875130914,16007
334,0,ln_gdp_hist,-.0033339550994336,-.063769875130914,16007
334,0,urban2000_10,.0030367949172165,-.063769875130914,16007
334,0,diff,-.063769875130914,-.063769875130914,16007
334,0,expl,-.0587273955287586,-.063769875130914,16007
334,0,pr_0,.1398081065204621,-.063769875130914,16007
334,0,pr_1,.2035779816513761,-.063769875130914,16007
335,0,edu,-.0115255731833523,-.0873342191143488,10662
335,0,plants,-.0312675424702797,-.0873342191143488,10662
335,0,age,.003248375762271,-.0873342191143488,10662
335,0,gender,.0007080407624563,-.0873342191143488,10662
335,0,marriage,-.0003879647378186,-.0873342191143488,10662
335,0,ln_income,.0003906292876564,-.0873342191143488,10662
335,0,health,-.001615704907322,-.0873342191143488,10662
335,0,sportsArea,.0039499563411339,-.0873342191143488,10662
335,0,year14,-.0129751754197867,-.0873342191143488,10662
335,0,rice10,-.0510282433728961,-.0873342191143488,10662
335,0,ln_gdp_hist,.0080168013200143,-.0873342191143488,10662
335,0,urban2000_10,.0019585118095804,-.0873342191143488,10662
335,0,diff,-.0873342191143488,-.0873342191143488,10662
335,0,expl,-.0904888808707975,-.0873342191143488,10662
335,0,pr_0,.1613336316849407,-.0873342191143488,10662
335,0,pr_1,.2486678507992895,-.0873342191143488,10662
336,0,edu,-.0082538485748271,-.0577789667677309,12855
336,0,plants,.0160949842472926,-.0577789667677309,12855
336,0,age,.0005286207637775,-.0577789667677309,12855
336,0,gender,.0004570604809169,-.0577789667677309,12855
336,0,marriage,-.0020686191089517,-.0577789667677309,12855
336,0,ln_income,.0014150592647079,-.0577789667677309,12855
336,0,health,.0001429946525947,-.0577789667677309,12855
336,0,sportsArea,.0035798260771562,-.0577789667677309,12855
336,0,year14,-.0075310624646883,-.0577789667677309,12855
336,0,rice10,-.0684296873313798,-.0577789667677309,12855
336,0,ln_gdp_hist,.013612496266083,-.0577789667677309,12855
336,0,urban2000_10,-.0101223174139933,-.0577789667677309,12855
336,0,diff,-.0577789667677309,-.0577789667677309,12855
336,0,expl,-.0602822264624445,-.0577789667677309,12855
336,0,pr_0,.1518518518518518,-.0577789667677309,12855
336,0,pr_1,.2096308186195827,-.0577789667677309,12855
337,0,edu,-.006116500292073,-.0402542401162328,16881
337,0,plants,.0148522546063371,-.0402542401162328,16881
337,0,age,.0008218770868707,-.0402542401162328,16881
337,0,gender,.0004730566710612,-.0402542401162328,16881
337,0,marriage,.0002114027862374,-.0402542401162328,16881
337,0,ln_income,.0000733727035744,-.0402542401162328,16881
337,0,health,-.0010566893699112,-.0402542401162328,16881
337,0,sportsArea,.0053311404300753,-.0402542401162328,16881
337,0,year14,-.0063659445253046,-.0402542401162328,16881
337,0,rice10,-.0506775674982565,-.0402542401162328,16881
337,0,ln_gdp_hist,.0299149613030507,-.0402542401162328,16881
337,0,urban2000_10,-.0243221180283147,-.0402542401162328,16881
337,0,diff,-.0402542401162328,-.0402542401162328,16881
337,0,expl,-.0369834449559968,-.0402542401162328,16881
337,0,pr_0,.1666907618909932,-.0402542401162328,16881
337,0,pr_1,.206945002007226,-.0402542401162328,16881
338,0,edu,-.0068568152311984,-.0265191307667629,8319
338,0,plants,.0177667206673501,-.0265191307667629,8319
338,0,age,.0035509875086139,-.0265191307667629,8319
338,0,gender,.0006273204491296,-.0265191307667629,8319
338,0,marriage,.0015898124457801,-.0265191307667629,8319
338,0,ln_income,.0001853136943014,-.0265191307667629,8319
338,0,health,-.0020939323998579,-.0265191307667629,8319
338,0,sportsArea,-.0013924770313378,-.0265191307667629,8319
338,0,year14,-.0163260723092758,-.0265191307667629,8319
338,0,rice10,-.0393751412742874,-.0265191307667629,8319
338,0,ln_gdp_hist,.0090579689649965,-.0265191307667629,8319
338,0,urban2000_10,-.0042813209009149,-.0265191307667629,8319
338,0,diff,-.0265191307667629,-.0265191307667629,8319
338,0,expl,-.0372377116367474,-.0265191307667629,8319
338,0,pr_0,.1655076495132128,-.0265191307667629,8319
338,0,pr_1,.1920267802799757,-.0265191307667629,8319
339,0,edu,-.007541736188738,-.0252195848800125,23526
339,0,plants,.0532641880355232,-.0252195848800125,23526
339,0,age,-.0007984758493505,-.0252195848800125,23526
339,0,gender,.0000484094115579,-.0252195848800125,23526
339,0,marriage,-.0029190391242042,-.0252195848800125,23526
339,0,ln_income,.0006610147442961,-.0252195848800125,23526
339,0,health,.0004258175187638,-.0252195848800125,23526
339,0,sportsArea,4.45766218091e-06,-.0252195848800125,23526
339,0,year14,-.009297148877332,-.0252195848800125,23526
339,0,rice10,-.0537842816020087,-.0252195848800125,23526
339,0,ln_gdp_hist,.020585160401729,-.0252195848800125,23526
339,0,urban2000_10,-.0247511324758716,-.0252195848800125,23526
339,0,diff,-.0252195848800125,-.0252195848800125,23526
339,0,expl,-.0236925908979452,-.0252195848800125,23526
339,0,pr_0,.1451612903225807,-.0252195848800125,23526
339,0,pr_1,.1703808752025932,-.0252195848800125,23526
340,0,edu,-.016167275655204,-.0537912076978514,10829
340,0,plants,-.0203854654681279,-.0537912076978514,10829
340,0,age,.000969754833502,-.0537912076978514,10829
340,0,gender,.0010844040369391,-.0537912076978514,10829
340,0,marriage,-.0014222977435215,-.0537912076978514,10829
340,0,ln_income,-.0000363710733095,-.0537912076978514,10829
340,0,health,-.0009055380807071,-.0537912076978514,10829
340,0,sportsArea,-.0046435337655737,-.0537912076978514,10829
340,0,year14,-.0159972589093888,-.0537912076978514,10829
340,0,rice10,.0009580348422315,-.0537912076978514,10829
340,0,ln_gdp_hist,-.0011080883733016,-.0537912076978514,10829
340,0,urban2000_10,-.0000500493521126,-.0537912076978514,10829
340,0,diff,-.0537912076978514,-.0537912076978514,10829
340,0,expl,-.0575746766299433,-.0537912076978514,10829
340,0,pr_0,.1423024211968936,-.0537912076978514,10829
340,0,pr_1,.196093628894745,-.0537912076978514,10829
341,0,edu,-.0026250607979629,-.005165595583593,13359
341,0,plants,.0101665135066711,-.005165595583593,13359
341,0,age,.002124453945252,-.005165595583593,13359
341,0,gender,-.000108768739153,-.005165595583593,13359
341,0,marriage,.0007376530885284,-.005165595583593,13359
341,0,ln_income,-.0000295750661983,-.005165595583593,13359
341,0,health,-.001582587865634,-.005165595583593,13359
341,0,sportsArea,.0047415124877016,-.005165595583593,13359
341,0,year14,-.001927557142634,-.005165595583593,13359
341,0,rice10,-.0323484032111102,-.005165595583593,13359
341,0,ln_gdp_hist,.005896748108508,-.005165595583593,13359
341,0,urban2000_10,.0102713224271849,-.005165595583593,13359
341,0,diff,-.005165595583593,-.005165595583593,13359
341,0,expl,-.0047647654077814,-.005165595583593,13359
341,0,pr_0,.1793270199476123,-.005165595583593,13359
341,0,pr_1,.1844926155312053,-.005165595583593,13359
342,0,edu,-.0076751763028628,-.050469233828343,11385
342,0,plants,-.009824488422724,-.050469233828343,11385
342,0,age,.003017016825192,-.050469233828343,11385
342,0,gender,.0014259836025172,-.050469233828343,11385
342,0,marriage,.0018897295009075,-.050469233828343,11385
342,0,ln_income,-.0003317670443561,-.050469233828343,11385
342,0,health,-.0038177512015042,-.050469233828343,11385
342,0,sportsArea,.0029802381082177,-.050469233828343,11385
342,0,year14,-.0087947160239869,-.050469233828343,11385
342,0,rice10,-.0336882797482974,-.050469233828343,11385
342,0,ln_gdp_hist,-.000289420436678,-.050469233828343,11385
342,0,urban2000_10,.0079245874831659,-.050469233828343,11385
342,0,diff,-.050469233828343,-.050469233828343,11385
342,0,expl,-.0473423483869021,-.050469233828343,11385
342,0,pr_0,.1681940700808625,-.050469233828343,11385
342,0,pr_1,.2186633039092055,-.050469233828343,11385
343,0,edu,-.0073950480301075,-.0712170469658536,18592
343,0,plants,.0085627194457456,-.0712170469658536,18592
343,0,age,-.0003362826964606,-.0712170469658536,18592
343,0,gender,.0001352719887462,-.0712170469658536,18592
343,0,marriage,-.0004072403589533,-.0712170469658536,18592
343,0,ln_income,.0002831558333198,-.0712170469658536,18592
343,0,health,-.0008276531527526,-.0712170469658536,18592
343,0,sportsArea,.0089714698105951,-.0712170469658536,18592
343,0,year14,-.0020918205900022,-.0712170469658536,18592
343,0,rice10,-.0789684211530763,-.0712170469658536,18592
343,0,ln_gdp_hist,.0198670540950253,-.0712170469658536,18592
343,0,urban2000_10,-.0191348850221692,-.0712170469658536,18592
343,0,diff,-.0712170469658536,-.0712170469658536,18592
343,0,expl,-.0712977197429742,-.0712170469658536,18592
343,0,pr_0,.1505060398302318,-.0712170469658536,18592
343,0,pr_1,.2217230867960854,-.0712170469658536,18592
344,0,edu,-.0076621158542797,-.0296226250343645,12853
344,0,plants,-.0051157159331433,-.0296226250343645,12853
344,0,age,.0004362664470254,-.0296226250343645,12853
344,0,gender,.0009262964221642,-.0296226250343645,12853
344,0,marriage,.0005678654366166,-.0296226250343645,12853
344,0,ln_income,.0000286142262664,-.0296226250343645,12853
344,0,health,-.0011352979201463,-.0296226250343645,12853
344,0,sportsArea,.0057201286680417,-.0296226250343645,12853
344,0,year14,-.0089009669240197,-.0296226250343645,12853
344,0,rice10,-.0012079738261198,-.0296226250343645,12853
344,0,ln_gdp_hist,.0083401310282618,-.0296226250343645,12853
344,0,urban2000_10,-.0216629175366877,-.0296226250343645,12853
344,0,diff,-.0296226250343645,-.0296226250343645,12853
344,0,expl,-.029627219022222,-.0296226250343645,12853
344,0,pr_0,.148572577402493,-.0296226250343645,12853
344,0,pr_1,.1781952024368575,-.0296226250343645,12853
345,0,edu,-.0073213472198488,-.0413711791446831,19764
345,0,plants,.0172610094880271,-.0413711791446831,19764
345,0,age,.000022729916119,-.0413711791446831,19764
345,0,gender,.0001965722474677,-.0413711791446831,19764
345,0,marriage,-.0006979345701315,-.0413711791446831,19764
345,0,ln_income,.0002019576886491,-.0413711791446831,19764
345,0,health,-.0003540587038071,-.0413711791446831,19764
345,0,sportsArea,.0044321517979887,-.0413711791446831,19764
345,0,year14,-.0034427646345765,-.0413711791446831,19764
345,0,rice10,-.0411821275450134,-.0413711791446831,19764
345,0,ln_gdp_hist,.0133123949822811,-.0413711791446831,19764
345,0,urban2000_10,-.0205950871300875,-.0413711791446831,19764
345,0,diff,-.0413711791446831,-.0413711791446831,19764
345,0,expl,-.0381249804536856,-.0413711791446831,19764
345,0,pr_0,.1450768451275122,-.0413711791446831,19764
345,0,pr_1,.1864480242721953,-.0413711791446831,19764
346,0,edu,-.0126745273757321,-.0783280339304769,10201
346,0,plants,.0207350658208759,-.0783280339304769,10201
346,0,age,.000046922082035,-.0783280339304769,10201
346,0,gender,.000729484504616,-.0783280339304769,10201
346,0,marriage,.0012337884291662,-.0783280339304769,10201
346,0,ln_income,.0000584524368328,-.0783280339304769,10201
346,0,health,-.0020350279601861,-.0783280339304769,10201
346,0,sportsArea,.001379048473254,-.0783280339304769,10201
346,0,year14,-.017922020960075,-.0783280339304769,10201
346,0,rice10,-.0332141429935057,-.0783280339304769,10201
346,0,ln_gdp_hist,-.0311072991679528,-.0783280339304769,10201
346,0,urban2000_10,.0011961982591155,-.0783280339304769,10201
346,0,diff,-.0783280339304769,-.0783280339304769,10201
346,0,expl,-.0715535243675909,-.0783280339304769,10201
346,0,pr_0,.13201679365573,-.0783280339304769,10201
346,0,pr_1,.2103448275862069,-.0783280339304769,10201
347,0,edu,-.0052121449919372,-.03224264951193,18917
347,0,plants,-.0605603857922673,-.03224264951193,18917
347,0,age,.0024607117211914,-.03224264951193,18917
347,0,gender,.0000290396504642,-.03224264951193,18917
347,0,marriage,.0010882461578412,-.03224264951193,18917
347,0,ln_income,-.0006176048819086,-.03224264951193,18917
347,0,health,-.0024027372409878,-.03224264951193,18917
347,0,sportsArea,.0052784361281526,-.03224264951193,18917
347,0,year14,-.0016178113253607,-.03224264951193,18917
347,0,rice10,-.036197583950902,-.03224264951193,18917
347,0,ln_gdp_hist,.0700844779995523,-.03224264951193,18917
347,0,urban2000_10,-.0028420816753958,-.03224264951193,18917
347,0,diff,-.03224264951193,-.03224264951193,18917
347,0,expl,-.030597355272206,-.03224264951193,18917
347,0,pr_0,.1862447454460532,-.03224264951193,18917
347,0,pr_1,.2184873949579832,-.03224264951193,18917
348,0,edu,-.0089540298016557,-.0672672243845426,8328
348,0,plants,.0121158883072363,-.0672672243845426,8328
348,0,age,.0027000687054755,-.0672672243845426,8328
348,0,gender,.0013452660413786,-.0672672243845426,8328
348,0,marriage,.0013336199149849,-.0672672243845426,8328
348,0,ln_income,.0000332705336209,-.0672672243845426,8328
348,0,health,-.0026505029424601,-.0672672243845426,8328
348,0,sportsArea,.0012608984598327,-.0672672243845426,8328
348,0,year14,-.0196936894532246,-.0672672243845426,8328
348,0,rice10,-.0375249129639619,-.0672672243845426,8328
348,0,ln_gdp_hist,-.014098128975537,-.0672672243845426,8328
348,0,urban2000_10,.0014677395539145,-.0672672243845426,8328
348,0,diff,-.0672672243845426,-.0672672243845426,8328
348,0,expl,-.062631371378797,-.0672672243845426,8328
348,0,pr_0,.153057037340993,-.0672672243845426,8328
348,0,pr_1,.2203242617255356,-.0672672243845426,8328
349,0,edu,-.0050505077562561,-.0353848173768904,10025
349,0,plants,-.0066819286285413,-.0353848173768904,10025
349,0,age,-.0011232773642553,-.0353848173768904,10025
349,0,gender,.0002376091862628,-.0353848173768904,10025
349,0,marriage,-.0007594762054839,-.0353848173768904,10025
349,0,ln_income,.000210644532696,-.0353848173768904,10025
349,0,health,-.0000662476362205,-.0353848173768904,10025
349,0,sportsArea,.0045630954178468,-.0353848173768904,10025
349,0,year14,-.0055796846049496,-.0353848173768904,10025
349,0,rice10,-.0102820546089211,-.0353848173768904,10025
349,0,ln_gdp_hist,-.000716062847271,-.0353848173768904,10025
349,0,urban2000_10,-.0089485120152912,-.0353848173768904,10025
349,0,diff,-.0353848173768904,-.0353848173768904,10025
349,0,expl,-.0342474528786795,-.0353848173768904,10025
349,0,pr_0,.1394451145958987,-.0353848173768904,10025
349,0,pr_1,.1748299319727891,-.0353848173768904,10025
350,0,edu,-.0143423282418536,-.1053316399688639,10782
350,0,plants,-.0201792147546081,-.1053316399688639,10782
350,0,age,-.0009931035690498,-.1053316399688639,10782
350,0,gender,.000368490056866,-.1053316399688639,10782
350,0,marriage,9.59042682366e-06,-.1053316399688639,10782
350,0,ln_income,-.0000593794349262,-.1053316399688639,10782
350,0,health,-.0004079499494105,-.1053316399688639,10782
350,0,sportsArea,.0010418610890956,-.1053316399688639,10782
350,0,year14,-.0110725623759084,-.1053316399688639,10782
350,0,rice10,-.0501466004987582,-.1053316399688639,10782
350,0,ln_gdp_hist,.0006717047689938,-.1053316399688639,10782
350,0,urban2000_10,-.0004273748430836,-.1053316399688639,10782
350,0,diff,-.1053316399688639,-.1053316399688639,10782
350,0,expl,-.0954925887183915,-.1053316399688639,10782
350,0,pr_0,.136969696969697,-.1053316399688639,10782
350,0,pr_1,.2423013369385609,-.1053316399688639,10782
351,0,edu,-.0156737474693151,-.0699038790639671,11311
351,0,plants,.0464039185576134,-.0699038790639671,11311
351,0,age,.0022845685257692,-.0699038790639671,11311
351,0,gender,.0006920794842979,-.0699038790639671,11311
351,0,marriage,.0006801071732134,-.0699038790639671,11311
351,0,ln_income,.0002657441484207,-.0699038790639671,11311
351,0,health,-.0011825944968719,-.0699038790639671,11311
351,0,sportsArea,-.0000617960018681,-.0699038790639671,11311
351,0,year14,-.0222320132685847,-.0699038790639671,11311
351,0,rice10,-.0640109938044207,-.0699038790639671,11311
351,0,ln_gdp_hist,-.0211580399884458,-.0699038790639671,11311
351,0,urban2000_10,.0073808251569844,-.0699038790639671,11311
351,0,diff,-.0699038790639671,-.0699038790639671,11311
351,0,expl,-.0667127103585094,-.0699038790639671,11311
351,0,pr_0,.1595968080638387,-.0699038790639671,11311
351,0,pr_1,.2295006871278058,-.0699038790639671,11311
352,0,edu,-.0150093851895363,-.1062875875284731,8338
352,0,plants,-.0171181757873214,-.1062875875284731,8338
352,0,age,.0034838538253481,-.1062875875284731,8338
352,0,gender,.0005180222055038,-.1062875875284731,8338
352,0,marriage,.0011496482277818,-.1062875875284731,8338
352,0,ln_income,.0001073666703821,-.1062875875284731,8338
352,0,health,-.0017533944101043,-.1062875875284731,8338
352,0,sportsArea,-.0046884518112994,-.1062875875284731,8338
352,0,year14,-.0120315222385835,-.1062875875284731,8338
352,0,rice10,-.0524109858793724,-.1062875875284731,8338
352,0,ln_gdp_hist,-.0100215293686195,-.1062875875284731,8338
352,0,urban2000_10,.0008087978810802,-.1062875875284731,8338
352,0,diff,-.1062875875284731,-.1062875875284731,8338
352,0,expl,-.1070050225285585,-.1062875875284731,8338
352,0,pr_0,.1435406698564593,-.1062875875284731,8338
352,0,pr_1,.2498282573849324,-.1062875875284731,8338
353,0,edu,-.0024190925339706,-.0435333692375558,18538
353,0,plants,-.0340816003983993,-.0435333692375558,18538
353,0,age,.0000104163189467,-.0435333692375558,18538
353,0,gender,-.0000864873633131,-.0435333692375558,18538
353,0,marriage,.0003257207494872,-.0435333692375558,18538
353,0,ln_income,-3.12289721263e-07,-.0435333692375558,18538
353,0,health,-.0009701068290531,-.0435333692375558,18538
353,0,sportsArea,.0111351865349814,-.0435333692375558,18538
353,0,year14,-.0006794065110566,-.0435333692375558,18538
353,0,rice10,-.0635984977039877,-.0435333692375558,18538
353,0,ln_gdp_hist,.0963122181456716,-.0435333692375558,18538
353,0,urban2000_10,-.0483393503022562,-.0435333692375558,18538
353,0,diff,-.0435333692375558,-.0435333692375558,18538
353,0,expl,-.0423990209946798,-.0435333692375558,18538
353,0,pr_0,.1755793226381462,-.0435333692375558,18538
353,0,pr_1,.219112691875702,-.0435333692375558,18538
354,0,edu,-.0020189447161096,-.019472017764899,11416
354,0,plants,.0110301634481015,-.019472017764899,11416
354,0,age,-.0007575221054356,-.019472017764899,11416
354,0,gender,.0003278403259775,-.019472017764899,11416
354,0,marriage,-.0006625182080438,-.019472017764899,11416
354,0,ln_income,.0003236824771044,-.019472017764899,11416
354,0,health,-.0011956526066922,-.019472017764899,11416
354,0,sportsArea,.0042400274692866,-.019472017764899,11416
354,0,year14,-.0071769176761947,-.019472017764899,11416
354,0,rice10,-.0274094337733856,-.019472017764899,11416
354,0,ln_gdp_hist,-.0014524228384636,-.019472017764899,11416
354,0,urban2000_10,.0087504943437893,-.019472017764899,11416
354,0,diff,-.019472017764899,-.019472017764899,11416
354,0,expl,-.0160030332495232,-.019472017764899,11416
354,0,pr_0,.1479782534828406,-.019472017764899,11416
354,0,pr_1,.1674502712477396,-.019472017764899,11416
355,0,edu,-.0005944720512909,-.0265988370029543,14946
355,0,plants,.0289129650167851,-.0265988370029543,14946
355,0,age,-.0016168761837771,-.0265988370029543,14946
355,0,gender,-.0001553199178393,-.0265988370029543,14946
355,0,marriage,-.0011184700510011,-.0265988370029543,14946
355,0,ln_income,.0004492313653319,-.0265988370029543,14946
355,0,health,.0002305563969387,-.0265988370029543,14946
355,0,sportsArea,.0051439914295084,-.0265988370029543,14946
355,0,year14,-.0004010284397938,-.0265988370029543,14946
355,0,rice10,-.0580523693144512,-.0265988370029543,14946
355,0,ln_gdp_hist,.0029534670022869,-.0265988370029543,14946
355,0,urban2000_10,.0000123276768111,-.0265988370029543,14946
355,0,diff,-.0265988370029543,-.0265988370029543,14946
355,0,expl,-.0241935885718117,-.0265988370029543,14946
355,0,pr_0,.142175572519084,-.0265988370029543,14946
355,0,pr_1,.1687744095220383,-.0265988370029543,14946
356,0,edu,-.0124690471596105,-.0798152784865655,16860
356,0,plants,.0165265604555927,-.0798152784865655,16860
356,0,age,.0006575053805465,-.0798152784865655,16860
356,0,gender,.0008241176203424,-.0798152784865655,16860
356,0,marriage,.0004998375996783,-.0798152784865655,16860
356,0,ln_income,.0001217777370691,-.0798152784865655,16860
356,0,health,-.0015041295062175,-.0798152784865655,16860
356,0,sportsArea,.0040889928752261,-.0798152784865655,16860
356,0,year14,-.0114903809955957,-.0798152784865655,16860
356,0,rice10,-.0672287940330418,-.0798152784865655,16860
356,0,ln_gdp_hist,-.003179104840553,-.0798152784865655,16860
356,0,urban2000_10,-.0055689776920761,-.0798152784865655,16860
356,0,diff,-.0798152784865655,-.0798152784865655,16860
356,0,expl,-.0788184790446841,-.0798152784865655,16860
356,0,pr_0,.1591854295138391,-.0798152784865655,16860
356,0,pr_1,.2390007080004046,-.0798152784865655,16860
357,0,edu,-.0083940616512404,-.0682441813264478,18663
357,0,plants,-.0406786830785577,-.0682441813264478,18663
357,0,age,.0014672029113671,-.0682441813264478,18663
357,0,gender,.0000950138108212,-.0682441813264478,18663
357,0,marriage,-.000152862650435,-.0682441813264478,18663
357,0,ln_income,-.0001327170471864,-.0682441813264478,18663
357,0,health,-.0007133517961985,-.0682441813264478,18663
357,0,sportsArea,.0056231479057542,-.0682441813264478,18663
357,0,year14,-.006124477251425,-.0682441813264478,18663
357,0,rice10,-.0478496004421077,-.0682441813264478,18663
357,0,ln_gdp_hist,.0504938908786087,-.0682441813264478,18663
357,0,urban2000_10,-.0175934019812645,-.0682441813264478,18663
357,0,diff,-.0682441813264478,-.0682441813264478,18663
357,0,expl,-.0639738680479881,-.0682441813264478,18663
357,0,pr_0,.1546620231122368,-.0682441813264478,18663
357,0,pr_1,.2229062044386846,-.0682441813264478,18663
358,0,edu,-.0036611344188044,-.0264521437570021,21177
358,0,plants,-.0231402277717918,-.0264521437570021,21177
358,0,age,.0016599532322591,-.0264521437570021,21177
358,0,gender,3.05176936905e-06,-.0264521437570021,21177
358,0,marriage,.0000319646688607,-.0264521437570021,21177
358,0,ln_income,-.0000124056882828,-.0264521437570021,21177
358,0,health,-.0007221258574999,-.0264521437570021,21177
358,0,sportsArea,.0045287704207162,-.0264521437570021,21177
358,0,year14,-.003904414005822,-.0264521437570021,21177
358,0,rice10,-.0005324893099198,-.0264521437570021,21177
358,0,ln_gdp_hist,.0251644724393256,-.0264521437570021,21177
358,0,urban2000_10,-.0241580099696552,-.0264521437570021,21177
358,0,diff,-.0264521437570021,-.0264521437570021,21177
358,0,expl,-.0246593387998495,-.0264521437570021,21177
358,0,pr_0,.1617977528089888,-.0264521437570021,21177
358,0,pr_1,.1882498965659909,-.0264521437570021,21177
359,0,edu,-.0005750137112633,.0110544723523393,15769
359,0,plants,-.0006982979307239,.0110544723523393,15769
359,0,age,.0010994604685297,.0110544723523393,15769
359,0,gender,-.0004249746214352,.0110544723523393,15769
359,0,marriage,.0002191064895847,.0110544723523393,15769
359,0,ln_income,.0000355800667973,.0110544723523393,15769
359,0,health,-.0007130509624614,.0110544723523393,15769
359,0,sportsArea,.0050942283761762,.0110544723523393,15769
359,0,year14,.0030633354494421,.0110544723523393,15769
359,0,rice10,-.0124600503144547,.0110544723523393,15769
359,0,ln_gdp_hist,.0182364475901259,.0110544723523393,15769
359,0,urban2000_10,.0000312454977231,.0110544723523393,15769
359,0,diff,.0110544723523393,.0110544723523393,15769
359,0,expl,.012735602747745,.0110544723523393,15769
359,0,pr_0,.1819645732689211,.0110544723523393,15769
359,0,pr_1,.1709101009165818,.0110544723523393,15769
360,0,edu,-.0043979307241259,-.0689250994765365,17970
360,0,plants,-.0279307365326579,-.0689250994765365,17970
360,0,age,.0003757901794721,-.0689250994765365,17970
360,0,gender,.0001300425590175,-.0689250994765365,17970
360,0,marriage,-.0002016792351376,-.0689250994765365,17970
360,0,ln_income,.0001094892324509,-.0689250994765365,17970
360,0,health,-.0004696128958761,-.0689250994765365,17970
360,0,sportsArea,.0070479796568445,-.0689250994765365,17970
360,0,year14,-.0031868722401612,-.0689250994765365,17970
360,0,rice10,-.040998088151772,-.0689250994765365,17970
360,0,ln_gdp_hist,.0252299033944449,-.0689250994765365,17970
360,0,urban2000_10,-.0183461235484077,-.0689250994765365,17970
360,0,diff,-.0689250994765365,-.0689250994765365,17970
360,0,expl,-.0626039229926994,-.0689250994765365,17970
360,0,pr_0,.147906976744186,-.0689250994765365,17970
360,0,pr_1,.2168320762207225,-.0689250994765365,17970
361,0,edu,-.0129206067317208,-.0948429929050733,15599
361,0,plants,.015504285321845,-.0948429929050733,15599
361,0,age,-.0023376836463153,-.0948429929050733,15599
361,0,gender,.0004018300693479,-.0948429929050733,15599
361,0,marriage,.0004566707939613,-.0948429929050733,15599
361,0,ln_income,.0001590396199742,-.0948429929050733,15599
361,0,health,-.000836121649037,-.0948429929050733,15599
361,0,sportsArea,.0071145235369567,-.0948429929050733,15599
361,0,year14,-.0072540873628983,-.0948429929050733,15599
361,0,rice10,-.0956342475046685,-.0948429929050733,15599
361,0,ln_gdp_hist,.0045680905009175,-.0948429929050733,15599
361,0,urban2000_10,-.0001785455359285,-.0948429929050733,15599
361,0,diff,-.0948429929050733,-.0948429929050733,15599
361,0,expl,-.0908936723275601,-.0948429929050733,15599
361,0,pr_0,.1484315225707728,-.0948429929050733,15599
361,0,pr_1,.2432745154758461,-.0948429929050733,15599
362,0,edu,-.0139575969920211,-.0788095930801811,13536
362,0,plants,-.0231323130150375,-.0788095930801811,13536
362,0,age,.0020694645910909,-.0788095930801811,13536
362,0,gender,.0004236982271459,-.0788095930801811,13536
362,0,marriage,.0010776117435261,-.0788095930801811,13536
362,0,ln_income,-.0001869539401786,-.0788095930801811,13536
362,0,health,-.0018458613011504,-.0788095930801811,13536
362,0,sportsArea,.0014277763192149,-.0788095930801811,13536
362,0,year14,-.0101562893043979,-.0788095930801811,13536
362,0,rice10,-.0421000988480587,-.0788095930801811,13536
362,0,ln_gdp_hist,-.0020070458149715,-.0788095930801811,13536
362,0,urban2000_10,.0148674782236806,-.0788095930801811,13536
362,0,diff,-.0788095930801811,-.0788095930801811,13536
362,0,expl,-.0735331121047381,-.0788095930801811,13536
362,0,pr_0,.1673288508557457,-.0788095930801811,13536
362,0,pr_1,.2461384439359268,-.0788095930801811,13536
363,0,edu,-.0079162708508947,-.0448274125473289,12305
363,0,plants,.0106370170318333,-.0448274125473289,12305
363,0,age,-.0004715339179659,-.0448274125473289,12305
363,0,gender,.0002620889026877,-.0448274125473289,12305
363,0,marriage,-.0002518144357623,-.0448274125473289,12305
363,0,ln_income,.0003973125534726,-.0448274125473289,12305
363,0,health,.0000437168258814,-.0448274125473289,12305
363,0,sportsArea,.0067693485268917,-.0448274125473289,12305
363,0,year14,-.009896993896784,-.0448274125473289,12305
363,0,rice10,-.0232994798073995,-.0448274125473289,12305
363,0,ln_gdp_hist,.00430193669369,-.0448274125473289,12305
363,0,urban2000_10,-.0203708294125901,-.0448274125473289,12305
363,0,diff,-.0448274125473289,-.0448274125473289,12305
363,0,expl,-.0398145128145255,-.0448274125473289,12305
363,0,pr_0,.1295442908346134,-.0448274125473289,12305
363,0,pr_1,.1743717033819423,-.0448274125473289,12305
364,0,edu,-.0119024629669871,-.0739956852410442,16321
364,0,plants,.0032798107618976,-.0739956852410442,16321
364,0,age,.000948057903882,-.0739956852410442,16321
364,0,gender,.0010159599887869,-.0739956852410442,16321
364,0,marriage,-.0008169882130948,-.0739956852410442,16321
364,0,ln_income,-.0001800219246678,-.0739956852410442,16321
364,0,health,-.0006455930835713,-.0739956852410442,16321
364,0,sportsArea,.0010604190149855,-.0739956852410442,16321
364,0,year14,-.011873319358187,-.0739956852410442,16321
364,0,rice10,-.0404996708415082,-.0739956852410442,16321
364,0,ln_gdp_hist,-.0140190554921975,-.0739956852410442,16321
364,0,urban2000_10,.0032418946617518,-.0739956852410442,16321
364,0,diff,-.0739956852410442,-.0739956852410442,16321
364,0,expl,-.0704771525117004,-.0739956852410442,16321
364,0,pr_0,.1266678218679605,-.0739956852410442,16321
364,0,pr_1,.2006635071090047,-.0739956852410442,16321
365,0,edu,-.0072160158118335,-.0435261651540358,18315
365,0,plants,-.0343481141855938,-.0435261651540358,18315
365,0,age,.0016956246693839,-.0435261651540358,18315
365,0,gender,.000418914122009,-.0435261651540358,18315
365,0,marriage,.0008685659364384,-.0435261651540358,18315
365,0,ln_income,-.0003792191399758,-.0435261651540358,18315
365,0,health,-.0018692978048789,-.0435261651540358,18315
365,0,sportsArea,.0056175768276248,-.0435261651540358,18315
365,0,year14,-.0052839207842652,-.0435261651540358,18315
365,0,rice10,-.0130420789023757,-.0435261651540358,18315
365,0,ln_gdp_hist,.0287183655654885,-.0435261651540358,18315
365,0,urban2000_10,-.0156151312462742,-.0435261651540358,18315
365,0,diff,-.0435261651540358,-.0435261651540358,18315
365,0,expl,-.0404887637339849,-.0435261651540358,18315
365,0,pr_0,.1692884801548887,-.0435261651540358,18315
365,0,pr_1,.2128146453089245,-.0435261651540358,18315
366,0,edu,-.0152300421671195,-.0910509683583108,10989
366,0,plants,-.03890428533507,-.0910509683583108,10989
366,0,age,-.0007155456398213,-.0910509683583108,10989
366,0,gender,.0002132289516258,-.0910509683583108,10989
366,0,marriage,.000881054149291,-.0910509683583108,10989
366,0,ln_income,-.0002696107720405,-.0910509683583108,10989
366,0,health,-.0010069184727207,-.0910509683583108,10989
366,0,sportsArea,.0040183383844001,-.0910509683583108,10989
366,0,year14,-.0083312310097037,-.0910509683583108,10989
366,0,rice10,-.0280054019803827,-.0910509683583108,10989
366,0,ln_gdp_hist,-.0000608760035711,-.0910509683583108,10989
366,0,urban2000_10,.0079366963052107,-.0910509683583108,10989
366,0,diff,-.0910509683583108,-.0910509683583108,10989
366,0,expl,-.0795903129222445,-.0910509683583108,10989
366,0,pr_0,.1527921943118123,-.0910509683583108,10989
366,0,pr_1,.2438431626701231,-.0910509683583108,10989
367,0,edu,-.0040266894502842,-.0442686489534581,17075
367,0,plants,-.0283563812546334,-.0442686489534581,17075
367,0,age,-.0013895666939005,-.0442686489534581,17075
367,0,gender,-.0000776028060056,-.0442686489534581,17075
367,0,marriage,-.0007464666878445,-.0442686489534581,17075
367,0,ln_income,-.0000862358236083,-.0442686489534581,17075
367,0,health,.0002426660284096,-.0442686489534581,17075
367,0,sportsArea,.0084074692054442,-.0442686489534581,17075
367,0,year14,-.0017665353236126,-.0442686489534581,17075
367,0,rice10,-.0570347338445884,-.0442686489534581,17075
367,0,ln_gdp_hist,.0588437085183953,-.0442686489534581,17075
367,0,urban2000_10,-.014584045913088,-.0442686489534581,17075
367,0,diff,-.0442686489534581,-.0442686489534581,17075
367,0,expl,-.040468535983051,-.0442686489534581,17075
367,0,pr_0,.1463593121112331,-.0442686489534581,17075
367,0,pr_1,.1906279610646912,-.0442686489534581,17075
368,0,edu,-.0108879736940919,-.0833046565365777,12087
368,0,plants,-.0122536052429245,-.0833046565365777,12087
368,0,age,.000458226405448,-.0833046565365777,12087
368,0,gender,.0009167250071563,-.0833046565365777,12087
368,0,marriage,-.0016222803233545,-.0833046565365777,12087
368,0,ln_income,.0006349950045779,-.0833046565365777,12087
368,0,health,-.0006123645378759,-.0833046565365777,12087
368,0,sportsArea,.0044954578627141,-.0833046565365777,12087
368,0,year14,-.0081836224893721,-.0833046565365777,12087
368,0,rice10,-.0460885153261712,-.0833046565365777,12087
368,0,ln_gdp_hist,-.0051607030935337,-.0833046565365777,12087
368,0,urban2000_10,-.0035711068263989,-.0833046565365777,12087
368,0,diff,-.0833046565365777,-.0833046565365777,12087
368,0,expl,-.0814637352074754,-.0833046565365777,12087
368,0,pr_0,.1235751295336788,-.0833046565365777,12087
368,0,pr_1,.2068797860702565,-.0833046565365777,12087
369,0,edu,-.007812310594003,-.0313921845200659,16360
369,0,plants,-.0035620643028903,-.0313921845200659,16360
369,0,age,-.0011780300821295,-.0313921845200659,16360
369,0,gender,.0005423546719378,-.0313921845200659,16360
369,0,marriage,-.001056644746076,-.0313921845200659,16360
369,0,ln_income,-.0000575716506185,-.0313921845200659,16360
369,0,health,-.0009728013026149,-.0313921845200659,16360
369,0,sportsArea,.0032285081407822,-.0313921845200659,16360
369,0,year14,-.0062158932164043,-.0313921845200659,16360
369,0,rice10,-.0202394644118849,-.0313921845200659,16360
369,0,ln_gdp_hist,.0075949203946191,-.0313921845200659,16360
369,0,urban2000_10,.0002265985443176,-.0313921845200659,16360
369,0,diff,-.0313921845200659,-.0313921845200659,16360
369,0,expl,-.0294586336531855,-.0313921845200659,16360
369,0,pr_0,.1453299057412168,-.0313921845200659,16360
369,0,pr_1,.1767220902612827,-.0313921845200659,16360
370,0,edu,-.0185821934067927,-.1089653507185556,9495
370,0,plants,-.0144299777816339,-.1089653507185556,9495
370,0,age,.003953163692161,-.1089653507185556,9495
370,0,gender,.0009770520458543,-.1089653507185556,9495
370,0,marriage,.0007850233487835,-.1089653507185556,9495
370,0,ln_income,-.0005819496578139,-.1089653507185556,9495
370,0,health,-.0027118378960522,-.1089653507185556,9495
370,0,sportsArea,-.0045547990291187,-.1089653507185556,9495
370,0,year14,-.0177670353723862,-.1089653507185556,9495
370,0,rice10,-.035854058357581,-.1089653507185556,9495
370,0,ln_gdp_hist,-.0084301560605186,-.1089653507185556,9495
370,0,urban2000_10,-.0065357025867662,-.1089653507185556,9495
370,0,diff,-.1089653507185556,-.1089653507185556,9495
370,0,expl,-.1035838149328532,-.1089653507185556,9495
370,0,pr_0,.1198015122873346,-.1089653507185556,9495
370,0,pr_1,.2287668630058902,-.1089653507185556,9495
371,0,edu,-.010787677546724,-.0795860414187216,10298
371,0,plants,.0187513599445327,-.0795860414187216,10298
371,0,age,-.0006265366325799,-.0795860414187216,10298
371,0,gender,.0000260680775739,-.0795860414187216,10298
371,0,marriage,.0011172528575612,-.0795860414187216,10298
371,0,ln_income,-.0000521950884717,-.0795860414187216,10298
371,0,health,-.0012802432605933,-.0795860414187216,10298
371,0,sportsArea,-.0013028883536034,-.0795860414187216,10298
371,0,year14,-.008959933584158,-.0795860414187216,10298
371,0,rice10,-.044084311159561,-.0795860414187216,10298
371,0,ln_gdp_hist,-.0306861792125803,-.0795860414187216,10298
371,0,urban2000_10,.0087454762115572,-.0795860414187216,10298
371,0,diff,-.0795860414187216,-.0795860414187216,10298
371,0,expl,-.0691239565597212,-.0795860414187216,10298
371,0,pr_0,.1242549289316827,-.0795860414187216,10298
371,0,pr_1,.2038409703504043,-.0795860414187216,10298
372,0,edu,-.0030678413338636,-.0093995273209311,18865
372,0,plants,.0366217781529734,-.0093995273209311,18865
372,0,age,-.0008478945355917,-.0093995273209311,18865
372,0,gender,.000106810278859,-.0093995273209311,18865
372,0,marriage,-.0013915204870188,-.0093995273209311,18865
372,0,ln_income,.0001238579378958,-.0093995273209311,18865
372,0,health,-.0010909271496322,-.0093995273209311,18865
372,0,sportsArea,.0021628862750982,-.0093995273209311,18865
372,0,year14,-.0049510381352593,-.0093995273209311,18865
372,0,rice10,-.0482357757632086,-.0093995273209311,18865
372,0,ln_gdp_hist,.0199404324219017,-.0093995273209311,18865
372,0,urban2000_10,-.0127278250408188,-.0093995273209311,18865
372,0,diff,-.0093995273209311,-.0093995273209311,18865
372,0,expl,-.0133149783793812,-.0093995273209311,18865
372,0,pr_0,.1651726865278144,-.0093995273209311,18865
372,0,pr_1,.1745722138487455,-.0093995273209311,18865
373,0,edu,-.0069248643760652,-.0796377680593272,15655
373,0,plants,-.0327186820612038,-.0796377680593272,15655
373,0,age,-.0002890444099884,-.0796377680593272,15655
373,0,gender,.0002601102835017,-.0796377680593272,15655
373,0,marriage,.0009908586303488,-.0796377680593272,15655
373,0,ln_income,-.0002262283815787,-.0796377680593272,15655
373,0,health,-.0008402259542772,-.0796377680593272,15655
373,0,sportsArea,.0052805581647383,-.0796377680593272,15655
373,0,year14,-.0070932849931845,-.0796377680593272,15655
373,0,rice10,-.0433600127954968,-.0796377680593272,15655
373,0,ln_gdp_hist,-.0090339139566839,-.0796377680593272,15655
373,0,urban2000_10,.0245059336272367,-.0796377680593272,15655
373,0,diff,-.0796377680593272,-.0796377680593272,15655
373,0,expl,-.0693782227751824,-.0796377680593272,15655
373,0,pr_0,.1591856364219301,-.0796377680593272,15655
373,0,pr_1,.2388234044812573,-.0796377680593272,15655
374,0,edu,-.0100223522645547,-.1031393386163215,12828
374,0,plants,-.0124697259878941,-.1031393386163215,12828
374,0,age,.0012954189947572,-.1031393386163215,12828
374,0,gender,.0006053058616434,-.1031393386163215,12828
374,0,marriage,.0000496453058685,-.1031393386163215,12828
374,0,ln_income,-.000249465696459,-.1031393386163215,12828
374,0,health,-.0009596335038942,-.1031393386163215,12828
374,0,sportsArea,.005137581042676,-.1031393386163215,12828
374,0,year14,-.0140879730957949,-.1031393386163215,12828
374,0,rice10,-.0714678580570899,-.1031393386163215,12828
374,0,ln_gdp_hist,.0125208747023279,-.1031393386163215,12828
374,0,urban2000_10,-.0113454128946972,-.1031393386163215,12828
374,0,diff,-.1031393386163215,-.1031393386163215,12828
374,0,expl,-.1009159335802342,-.1031393386163215,12828
374,0,pr_0,.1499164034924763,-.1031393386163215,12828
374,0,pr_1,.2530557421087978,-.1031393386163215,12828
375,0,edu,-.00958295943481,-.0815976197320951,13756
375,0,plants,-.0247657921884913,-.0815976197320951,13756
375,0,age,-.0016424313557627,-.0815976197320951,13756
375,0,gender,.0000643485564299,-.0815976197320951,13756
375,0,marriage,-.0008557113832772,-.0815976197320951,13756
375,0,ln_income,.0003214983754644,-.0815976197320951,13756
375,0,health,-.0004058223731305,-.0815976197320951,13756
375,0,sportsArea,.0096585608272758,-.0815976197320951,13756
375,0,year14,-.0005422495894268,-.0815976197320951,13756
375,0,rice10,-.0498571226201572,-.0815976197320951,13756
375,0,ln_gdp_hist,-.0006373383688664,-.0815976197320951,13756
375,0,urban2000_10,-.0012075036134719,-.0815976197320951,13756
375,0,diff,-.0815976197320951,-.0815976197320951,13756
375,0,expl,-.0793512442483592,-.0815976197320951,13756
375,0,pr_0,.1288830138797092,-.0815976197320951,13756
375,0,pr_1,.2104806336118043,-.0815976197320951,13756
376,0,edu,-.0044327376895009,-.0352821891525249,13243
376,0,plants,.0208734606224866,-.0352821891525249,13243
376,0,age,.0005080983948438,-.0352821891525249,13243
376,0,gender,-.0000565392144994,-.0352821891525249,13243
376,0,marriage,-.0002688265532044,-.0352821891525249,13243
376,0,ln_income,.000209623812312,-.0352821891525249,13243
376,0,health,-.0007239449295359,-.0352821891525249,13243
376,0,sportsArea,.0020998441803546,-.0352821891525249,13243
376,0,year14,-.0085310755658509,-.0352821891525249,13243
376,0,rice10,-.0422677997066952,-.0352821891525249,13243
376,0,ln_gdp_hist,.0077776434882944,-.0352821891525249,13243
376,0,urban2000_10,-.0040793925588063,-.0352821891525249,13243
376,0,diff,-.0352821891525249,-.0352821891525249,13243
376,0,expl,-.028844442574955,-.0352821891525249,13243
376,0,pr_0,.1573795180722891,-.0352821891525249,13243
376,0,pr_1,.192661707224814,-.0352821891525249,13243
377,0,edu,-.0075492140910341,-.0446626956588664,11337
377,0,plants,.0301729089675712,-.0446626956588664,11337
377,0,age,.000118744984263,-.0446626956588664,11337
377,0,gender,.0003918871121882,-.0446626956588664,11337
377,0,marriage,-.0018263442185199,-.0446626956588664,11337
377,0,ln_income,.0010798421337079,-.0446626956588664,11337
377,0,health,-.0010900796775253,-.0446626956588664,11337
377,0,sportsArea,-.000562068286771,-.0446626956588664,11337
377,0,year14,-.0154354372074672,-.0446626956588664,11337
377,0,rice10,-.0521673154978876,-.0446626956588664,11337
377,0,ln_gdp_hist,-.0083755977460203,-.0446626956588664,11337
377,0,urban2000_10,.0059726661594123,-.0446626956588664,11337
377,0,diff,-.0446626956588664,-.0446626956588664,11337
377,0,expl,-.0492167865167221,-.0446626956588664,11337
377,0,pr_0,.1388768898488121,-.0446626956588664,11337
377,0,pr_1,.1835395855076785,-.0446626956588664,11337
378,0,edu,-.0138500359232436,-.0633390520558094,14995
378,0,plants,-.0070006029159333,-.0633390520558094,14995
378,0,age,-.0007245620518131,-.0633390520558094,14995
378,0,gender,.0006317779017029,-.0633390520558094,14995
378,0,marriage,-.0011220779241825,-.0633390520558094,14995
378,0,ln_income,.0001771307258748,-.0633390520558094,14995
378,0,health,-.0008499037135924,-.0633390520558094,14995
378,0,sportsArea,.0051267752723561,-.0633390520558094,14995
378,0,year14,-.0060664644447603,-.0633390520558094,14995
378,0,rice10,-.0324804648667083,-.0633390520558094,14995
378,0,ln_gdp_hist,-.0082092441506307,-.0633390520558094,14995
378,0,urban2000_10,.0002526804281743,-.0633390520558094,14995
378,0,diff,-.0633390520558094,-.0633390520558094,14995
378,0,expl,-.0644904520546451,-.0633390520558094,14995
378,0,pr_0,.1173780487804878,-.0633390520558094,14995
378,0,pr_1,.1807171008362972,-.0633390520558094,14995
379,0,edu,-.0147379362300278,-.0795818408353738,9336
379,0,plants,-.0061978982319812,-.0795818408353738,9336
379,0,age,.0034481883000873,-.0795818408353738,9336
379,0,gender,.000988147202221,-.0795818408353738,9336
379,0,marriage,.0019764820188898,-.0795818408353738,9336
379,0,ln_income,-.0000763099039865,-.0795818408353738,9336
379,0,health,-.0044147084465175,-.0795818408353738,9336
379,0,sportsArea,.0011304693866967,-.0795818408353738,9336
379,0,year14,-.0079818178782021,-.0795818408353738,9336
379,0,rice10,-.0697579720227765,-.0795818408353738,9336
379,0,ln_gdp_hist,.0082100054943484,-.0795818408353738,9336
379,0,urban2000_10,.0085300232186691,-.0795818408353738,9336
379,0,diff,-.0795818408353738,-.0795818408353738,9336
379,0,expl,-.0789344600135136,-.0795818408353738,9336
379,0,pr_0,.16453092865053,-.0795818408353738,9336
379,0,pr_1,.2441127694859038,-.0795818408353738,9336
380,0,edu,-.0177054044356791,-.0853140352719467,19373
380,0,plants,.0100356641405352,-.0853140352719467,19373
380,0,age,.002185397934126,-.0853140352719467,19373
380,0,gender,.0013813050552737,-.0853140352719467,19373
380,0,marriage,.0003400434466994,-.0853140352719467,19373
380,0,ln_income,-.0003515531260666,-.0853140352719467,19373
380,0,health,-.0007968387115075,-.0853140352719467,19373
380,0,sportsArea,.0076723086577225,-.0853140352719467,19373
380,0,year14,-.0080988103367122,-.0853140352719467,19373
380,0,rice10,-.0524761215930961,-.0853140352719467,19373
380,0,ln_gdp_hist,.014122279933253,-.0853140352719467,19373
380,0,urban2000_10,-.0427367206082372,-.0853140352719467,19373
380,0,diff,-.0853140352719467,-.0853140352719467,19373
380,0,expl,-.0862477283906302,-.0853140352719467,19373
380,0,pr_0,.1424483956672798,-.0853140352719467,19373
380,0,pr_1,.2277624309392265,-.0853140352719467,19373
381,0,edu,-.0003559073673253,-.0043624174451561,17976
381,0,plants,-.0000787988288984,-.0043624174451561,17976
381,0,age,.0029023708870714,-.0043624174451561,17976
381,0,gender,-.0000914146006058,-.0043624174451561,17976
381,0,marriage,-.0001485993029205,-.0043624174451561,17976
381,0,ln_income,-.0000439996362886,-.0043624174451561,17976
381,0,health,-.0004991731094847,-.0043624174451561,17976
381,0,sportsArea,.0048707923255593,-.0043624174451561,17976
381,0,year14,-.0030521104635663,-.0043624174451561,17976
381,0,rice10,-.0263255004711326,-.0043624174451561,17976
381,0,ln_gdp_hist,.0688441803461301,-.0043624174451561,17976
381,0,urban2000_10,-.0497950687738866,-.0043624174451561,17976
381,0,diff,-.0043624174451561,-.0043624174451561,17976
381,0,expl,-.0038477243512955,-.0043624174451561,17976
381,0,pr_0,.1900046061722709,-.0043624174451561,17976
381,0,pr_1,.194367023617427,-.0043624174451561,17976
382,0,edu,-.0024951857775737,-.0590175752539348,16143
382,0,plants,-.0290748397678758,-.0590175752539348,16143
382,0,age,-.0005840946238817,-.0590175752539348,16143
382,0,gender,.000269290203322,-.0590175752539348,16143
382,0,marriage,.000563271122019,-.0590175752539348,16143
382,0,ln_income,-.0000858844103515,-.0590175752539348,16143
382,0,health,.0000256017485081,-.0590175752539348,16143
382,0,sportsArea,.0116733863350337,-.0590175752539348,16143
382,0,year14,-.0027546916424187,-.0590175752539348,16143
382,0,rice10,-.0744269611576785,-.0590175752539348,16143
382,0,ln_gdp_hist,.073785533611159,-.0590175752539348,16143
382,0,urban2000_10,-.033685141010593,-.0590175752539348,16143
382,0,diff,-.0590175752539348,-.0590175752539348,16143
382,0,expl,-.0567330592633718,-.0590175752539348,16143
382,0,pr_0,.1603920695032301,-.0590175752539348,16143
382,0,pr_1,.2194096447571649,-.0590175752539348,16143
383,0,edu,-.0095032471974225,-.0743753258097693,11195
383,0,plants,-.008274522901724,-.0743753258097693,11195
383,0,age,.0030578735989008,-.0743753258097693,11195
383,0,gender,.0014333298348307,-.0743753258097693,11195
383,0,marriage,.0023101273552002,-.0743753258097693,11195
383,0,ln_income,-.0003686798996437,-.0743753258097693,11195
383,0,health,-.0040461832433062,-.0743753258097693,11195
383,0,sportsArea,.0020304822344896,-.0743753258097693,11195
383,0,year14,-.0154033720567505,-.0743753258097693,11195
383,0,rice10,-.0408483933712586,-.0743753258097693,11195
383,0,ln_gdp_hist,-.0029908460258843,-.0743753258097693,11195
383,0,urban2000_10,.0024766657646176,-.0743753258097693,11195
383,0,diff,-.0743753258097693,-.0743753258097693,11195
383,0,expl,-.0701376135592169,-.0743753258097693,11195
383,0,pr_0,.1572630922693267,-.0743753258097693,11195
383,0,pr_1,.231638418079096,-.0743753258097693,11195
384,0,edu,-.0191340851385676,-.1113244138891985,7712
384,0,plants,-.0161527965228714,-.1113244138891985,7712
384,0,age,-.0021439886438437,-.1113244138891985,7712
384,0,gender,.0011605838543895,-.1113244138891985,7712
384,0,marriage,.0001521250159453,-.1113244138891985,7712
384,0,ln_income,-.0008506447115092,-.1113244138891985,7712
384,0,health,-.0002440691559633,-.1113244138891985,7712
384,0,sportsArea,.0031690642910473,-.1113244138891985,7712
384,0,year14,-.0116980721415621,-.1113244138891985,7712
384,0,rice10,-.0431451294821808,-.1113244138891985,7712
384,0,ln_gdp_hist,-.0047979499662279,-.1113244138891985,7712
384,0,urban2000_10,.0000307017502724,-.1113244138891985,7712
384,0,diff,-.1113244138891985,-.1113244138891985,7712
384,0,expl,-.0937391061841464,-.1113244138891985,7712
384,0,pr_0,.1272570937231298,-.1113244138891985,7712
384,0,pr_1,.2385815076123283,-.1113244138891985,7712
385,0,edu,-.007843182241353,-.0543162482536281,19136
385,0,plants,-.0132917253373212,-.0543162482536281,19136
385,0,age,-.0001243383706883,-.0543162482536281,19136
385,0,gender,.0005595223980881,-.0543162482536281,19136
385,0,marriage,-.001243457514308,-.0543162482536281,19136
385,0,ln_income,-.0001479376760236,-.0543162482536281,19136
385,0,health,-.0006645017242024,-.0543162482536281,19136
385,0,sportsArea,.0047793532146801,-.0543162482536281,19136
385,0,year14,-.0065364422134446,-.0543162482536281,19136
385,0,rice10,-.0310502050651275,-.0543162482536281,19136
385,0,ln_gdp_hist,.0131783413567434,-.0543162482536281,19136
385,0,urban2000_10,-.0126096795779306,-.0543162482536281,19136
385,0,diff,-.0543162482536281,-.0543162482536281,19136
385,0,expl,-.0547617034406014,-.0543162482536281,19136
385,0,pr_0,.1346607669616519,-.0543162482536281,19136
385,0,pr_1,.18897701521528,-.0543162482536281,19136
386,0,edu,-.0101290931479585,-.0926934770520117,17742
386,0,plants,-.054014773065509,-.0926934770520117,17742
386,0,age,-.0011026750616956,-.0926934770520117,17742
386,0,gender,.0002703802810732,-.0926934770520117,17742
386,0,marriage,.0008364171957131,-.0926934770520117,17742
386,0,ln_income,-.0000753797468744,-.0926934770520117,17742
386,0,health,-.0017100851327229,-.0926934770520117,17742
386,0,sportsArea,.0112967696604189,-.0926934770520117,17742
386,0,year14,-.0040055723337549,-.0926934770520117,17742
386,0,rice10,-.0674790205098006,-.0926934770520117,17742
386,0,ln_gdp_hist,-.0040500840569607,-.0926934770520117,17742
386,0,urban2000_10,.0432957631020278,-.0926934770520117,17742
386,0,diff,-.0926934770520117,-.0926934770520117,17742
386,0,expl,-.0868177760416,-.0926934770520117,17742
386,0,pr_0,.1588880760790051,-.0926934770520117,17742
386,0,pr_1,.2515815531310168,-.0926934770520117,17742
387,0,edu,-.0210012308558272,-.098489350012694,12792
387,0,plants,-.0126024225893243,-.098489350012694,12792
387,0,age,-.0000210713183409,-.098489350012694,12792
387,0,gender,.0013541591208949,-.098489350012694,12792
387,0,marriage,.0007872908994894,-.098489350012694,12792
387,0,ln_income,-.0000427737168688,-.098489350012694,12792
387,0,health,-.0015032658272964,-.098489350012694,12792
387,0,sportsArea,-.0014092661367294,-.098489350012694,12792
387,0,year14,-.0244128441772087,-.098489350012694,12792
387,0,rice10,-.0144469318331701,-.098489350012694,12792
387,0,ln_gdp_hist,-.0239123982251794,-.098489350012694,12792
387,0,urban2000_10,.0107313063262067,-.098489350012694,12792
387,0,diff,-.098489350012694,-.098489350012694,12792
387,0,expl,-.0865071725409803,-.098489350012694,12792
387,0,pr_0,.1337550835969273,-.098489350012694,12792
387,0,pr_1,.2322444336096213,-.098489350012694,12792
388,0,edu,-.002342943897639,-.0647785483963466,10847
388,0,plants,-.0256415056406389,-.0647785483963466,10847
388,0,age,-.0027401622759612,-.0647785483963466,10847
388,0,gender,-.0000857949502201,-.0647785483963466,10847
388,0,marriage,-.0004657578682638,-.0647785483963466,10847
388,0,ln_income,.0003532635641404,-.0647785483963466,10847
388,0,health,.0007533067459795,-.0647785483963466,10847
388,0,sportsArea,.0141093439955036,-.0647785483963466,10847
388,0,year14,-.002133284939713,-.0647785483963466,10847
388,0,rice10,-.0719042212295735,-.0647785483963466,10847
388,0,ln_gdp_hist,.0419675994743504,-.0647785483963466,10847
388,0,urban2000_10,-.0102230094399293,-.0647785483963466,10847
388,0,diff,-.0647785483963466,-.0647785483963466,10847
388,0,expl,-.0583632409175246,-.0647785483963466,10847
388,0,pr_0,.1405775075987842,-.0647785483963466,10847
388,0,pr_1,.2053560559951308,-.0647785483963466,10847
389,0,edu,-.004711051700143,-.0424174429246506,14249
389,0,plants,-.0394832811914696,-.0424174429246506,14249
389,0,age,.0010135980834588,-.0424174429246506,14249
389,0,gender,-.0001665544667598,-.0424174429246506,14249
389,0,marriage,.000370094961841,-.0424174429246506,14249
389,0,ln_income,-.000065128376117,-.0424174429246506,14249
389,0,health,-.0010260858941357,-.0424174429246506,14249
389,0,sportsArea,.0074514575250224,-.0424174429246506,14249
389,0,year14,-.0022012614932575,-.0424174429246506,14249
389,0,rice10,-.0524921892186935,-.0424174429246506,14249
389,0,ln_gdp_hist,.0685358653150742,-.0424174429246506,14249
389,0,urban2000_10,-.014763177570014,-.0424174429246506,14249
389,0,diff,-.0424174429246506,-.0424174429246506,14249
389,0,expl,-.0374119387240572,-.0424174429246506,14249
389,0,pr_0,.1693284193284193,-.0424174429246506,14249
389,0,pr_1,.2117458622530699,-.0424174429246506,14249
390,0,edu,-.0172996235723129,-.0779869131385636,19381
390,0,plants,.0043482966570547,-.0779869131385636,19381
390,0,age,.0012069023015304,-.0779869131385636,19381
390,0,gender,.0004837498007298,-.0779869131385636,19381
390,0,marriage,-.0010579210665531,-.0779869131385636,19381
390,0,ln_income,.0004180192097158,-.0779869131385636,19381
390,0,health,-.0003893475303265,-.0779869131385636,19381
390,0,sportsArea,.0015440971589701,-.0779869131385636,19381
390,0,year14,-.0137740919095965,-.0779869131385636,19381
390,0,rice10,-.039260707599832,-.0779869131385636,19381
390,0,ln_gdp_hist,-.0093578619456993,-.0779869131385636,19381
390,0,urban2000_10,-.0021213599110129,-.0779869131385636,19381
390,0,diff,-.0779869131385636,-.0779869131385636,19381
390,0,expl,-.075158636630881,-.0779869131385636,19381
390,0,pr_0,.1452126922543993,-.0779869131385636,19381
390,0,pr_1,.2231996053929629,-.0779869131385636,19381
391,0,edu,-.0109860654943812,-.062763201771727,22899
391,0,plants,-.0084242534829442,-.062763201771727,22899
391,0,age,.0012779161701648,-.062763201771727,22899
391,0,gender,.0004794775236858,-.062763201771727,22899
391,0,marriage,.0004817905853165,-.062763201771727,22899
391,0,ln_income,-.0000305115657932,-.062763201771727,22899
391,0,health,-.0014471437929312,-.062763201771727,22899
391,0,sportsArea,.0065683450746516,-.062763201771727,22899
391,0,year14,-.0061654446594166,-.062763201771727,22899
391,0,rice10,-.045494674961063,-.062763201771727,22899
391,0,ln_gdp_hist,.0488771939882302,-.062763201771727,22899
391,0,urban2000_10,-.045347641648138,-.062763201771727,22899
391,0,diff,-.062763201771727,-.062763201771727,22899
391,0,expl,-.0601919503387905,-.062763201771727,22899
391,0,pr_0,.1643420254699818,-.062763201771727,22899
391,0,pr_1,.2271052272417088,-.062763201771727,22899
392,0,edu,-.0087112270177709,-.0734070808218643,15249
392,0,plants,-.0237858626198311,-.0734070808218643,15249
392,0,age,-.0004745996593731,-.0734070808218643,15249
392,0,gender,-.0000906178274623,-.0734070808218643,15249
392,0,marriage,-.000597340602501,-.0734070808218643,15249
392,0,ln_income,.0002834171937559,-.0734070808218643,15249
392,0,health,-.0005230467979645,-.0734070808218643,15249
392,0,sportsArea,.0055062624419833,-.0734070808218643,15249
392,0,year14,-.0039127382484002,-.0734070808218643,15249
392,0,rice10,-.0337197048313169,-.0734070808218643,15249
392,0,ln_gdp_hist,.0005923353255993,-.0734070808218643,15249
392,0,urban2000_10,-.0025206204533012,-.0734070808218643,15249
392,0,diff,-.0734070808218643,-.0734070808218643,15249
392,0,expl,-.0679158689991269,-.0734070808218643,15249
392,0,pr_0,.1371644295302013,-.0734070808218643,15249
392,0,pr_1,.2105715103520656,-.0734070808218643,15249
393,0,edu,-.0051470444759124,-.060855868703964,21518
393,0,plants,-.0515597678682501,-.060855868703964,21518
393,0,age,-.0005173472166986,-.060855868703964,21518
393,0,gender,.0001712970589645,-.060855868703964,21518
393,0,marriage,.0006486647214731,-.060855868703964,21518
393,0,ln_income,5.66041783801e-06,-.060855868703964,21518
393,0,health,-.0005750932969347,-.060855868703964,21518
393,0,sportsArea,.00962336967781,-.060855868703964,21518
393,0,year14,.00139447712613,-.060855868703964,21518
393,0,rice10,.0038307288581627,-.060855868703964,21518
393,0,ln_gdp_hist,.0275578476531201,-.060855868703964,21518
393,0,urban2000_10,-.043018976205418,-.060855868703964,21518
393,0,diff,-.060855868703964,-.060855868703964,21518
393,0,expl,-.0577371210871866,-.060855868703964,21518
393,0,pr_0,.1620022753128555,-.060855868703964,21518
393,0,pr_1,.2228581440168195,-.060855868703964,21518
394,0,edu,-.0100209239741099,-.0813981271727751,14103
394,0,plants,.0054808334916315,-.0813981271727751,14103
394,0,age,.0004973476398797,-.0813981271727751,14103
394,0,gender,.0010199294158895,-.0813981271727751,14103
394,0,marriage,.0007901914242104,-.0813981271727751,14103
394,0,ln_income,.0000893732974432,-.0813981271727751,14103
394,0,health,-.0016601918734607,-.0813981271727751,14103
394,0,sportsArea,.0053811782868735,-.0813981271727751,14103
394,0,year14,-.0082015132367467,-.0813981271727751,14103
394,0,rice10,-.0747248144193158,-.0813981271727751,14103
394,0,ln_gdp_hist,.0064375515636439,-.0813981271727751,14103
394,0,urban2000_10,-.0066880456999175,-.0813981271727751,14103
394,0,diff,-.0813981271727751,-.0813981271727751,14103
394,0,expl,-.0816412392731295,-.0813981271727751,14103
394,0,pr_0,.1563641105894627,-.0813981271727751,14103
394,0,pr_1,.2377622377622378,-.0813981271727751,14103
395,0,edu,-.0102301672210092,-.0820310330870923,14912
395,0,plants,.0344429493835981,-.0820310330870923,14912
395,0,age,.000311413633806,-.0820310330870923,14912
395,0,gender,.0007566714515197,-.0820310330870923,14912
395,0,marriage,.0001015008937107,-.0820310330870923,14912
395,0,ln_income,-.0000195507433004,-.0820310330870923,14912
395,0,health,-.0006828481457554,-.0820310330870923,14912
395,0,sportsArea,.0035507506097554,-.0820310330870923,14912
395,0,year14,-.0130987479017423,-.0820310330870923,14912
395,0,rice10,-.0737996363311222,-.0820310330870923,14912
395,0,ln_gdp_hist,-.0002277616575194,-.0820310330870923,14912
395,0,urban2000_10,-.0179641105450857,-.0820310330870923,14912
395,0,diff,-.0820310330870923,-.0820310330870923,14912
395,0,expl,-.0768986116540658,-.0820310330870923,14912
395,0,pr_0,.154847104749512,-.0820310330870923,14912
395,0,pr_1,.2368781378366043,-.0820310330870923,14912
396,0,edu,-.0112665977167703,-.0764816537704505,19168
396,0,plants,-.0236972285716002,-.0764816537704505,19168
396,0,age,.0018710439749436,-.0764816537704505,19168
396,0,gender,.0006974623269025,-.0764816537704505,19168
396,0,marriage,.0015948290155125,-.0764816537704505,19168
396,0,ln_income,-.0001925890063484,-.0764816537704505,19168
396,0,health,-.00219714970386,-.0764816537704505,19168
396,0,sportsArea,.0061514451081078,-.0764816537704505,19168
396,0,year14,-.0072990599958657,-.0764816537704505,19168
396,0,rice10,-.0566351857901775,-.0764816537704505,19168
396,0,ln_gdp_hist,.0053773309315805,-.0764816537704505,19168
396,0,urban2000_10,.0082999330959093,-.0764816537704505,19168
396,0,diff,-.0764816537704505,-.0764816537704505,19168
396,0,expl,-.0773471499879555,-.0764816537704505,19168
396,0,pr_0,.1719125557971844,-.0764816537704505,19168
396,0,pr_1,.2483942095676349,-.0764816537704505,19168
397,0,edu,-.0115599817052964,-.0665704845100374,11646
397,0,plants,-.0001438353237987,-.0665704845100374,11646
397,0,age,.0006873202683377,-.0665704845100374,11646
397,0,gender,.0006679610773274,-.0665704845100374,11646
397,0,marriage,-.0004762372421329,-.0665704845100374,11646
397,0,ln_income,.0002247112287449,-.0665704845100374,11646
397,0,health,-.0012663089126458,-.0665704845100374,11646
397,0,sportsArea,.0045203574456082,-.0665704845100374,11646
397,0,year14,-.0040501382132446,-.0665704845100374,11646
397,0,rice10,-.0497575109975103,-.0665704845100374,11646
397,0,ln_gdp_hist,-.0066834398722373,-.0665704845100374,11646
397,0,urban2000_10,.0000317465695211,-.0665704845100374,11646
397,0,diff,-.0665704845100374,-.0665704845100374,11646
397,0,expl,-.0676888595562498,-.0665704845100374,11646
397,0,pr_0,.1268134067033517,-.0665704845100374,11646
397,0,pr_1,.1933838912133891,-.0665704845100374,11646
398,0,edu,-.0146546600743392,-.094339256853509,13036
398,0,plants,-.0484300425852966,-.094339256853509,13036
398,0,age,.000966682197932,-.094339256853509,13036
398,0,gender,.0003508383984119,-.094339256853509,13036
398,0,marriage,.001201028245967,-.094339256853509,13036
398,0,ln_income,-.0000602822439805,-.094339256853509,13036
398,0,health,-.0018656133598859,-.094339256853509,13036
398,0,sportsArea,.0026143718513202,-.094339256853509,13036
398,0,year14,-.009131892138441,-.094339256853509,13036
398,0,rice10,-.0150864610402946,-.094339256853509,13036
398,0,ln_gdp_hist,-.0003210102160726,-.094339256853509,13036
398,0,urban2000_10,.002917270402674,-.094339256853509,13036
398,0,diff,-.094339256853509,-.094339256853509,13036
398,0,expl,-.0815248047531583,-.094339256853509,13036
398,0,pr_0,.1416370106761566,-.094339256853509,13036
398,0,pr_1,.2359762675296656,-.094339256853509,13036
399,0,edu,-.0091212566207033,-.0916038285446455,19419
399,0,plants,-.0125042059657462,-.0916038285446455,19419
399,0,age,-.0005317367491636,-.0916038285446455,19419
399,0,gender,.0007056874372472,-.0916038285446455,19419
399,0,marriage,-.0010262251362297,-.0916038285446455,19419
399,0,ln_income,.0000741108741775,-.0916038285446455,19419
399,0,health,-.0003409166572394,-.0916038285446455,19419
399,0,sportsArea,.007252905999468,-.0916038285446455,19419
399,0,year14,-.0048983587118202,-.0916038285446455,19419
399,0,rice10,-.049176457435348,-.0916038285446455,19419
399,0,ln_gdp_hist,-.0038216988739826,-.0916038285446455,19419
399,0,urban2000_10,-.0121852054928341,-.0916038285446455,19419
399,0,diff,-.0916038285446455,-.0916038285446455,19419
399,0,expl,-.0851229227188681,-.0916038285446455,19419
399,0,pr_0,.1332292479833463,-.0916038285446455,19419
399,0,pr_1,.2248330765279918,-.0916038285446455,19419
400,0,edu,-.0063440676988216,-.0272588969437148,16697
400,0,plants,-.006567499914268,-.0272588969437148,16697
400,0,age,.0005578862077878,-.0272588969437148,16697
400,0,gender,-.000025490577825,-.0272588969437148,16697
400,0,marriage,-.0008208565111954,-.0272588969437148,16697
400,0,ln_income,-.0000703445262303,-.0272588969437148,16697
400,0,health,-.000480407052491,-.0272588969437148,16697
400,0,sportsArea,.0045838075772073,-.0272588969437148,16697
400,0,year14,-.003782393392149,-.0272588969437148,16697
400,0,rice10,-.0242900157125927,-.0272588969437148,16697
400,0,ln_gdp_hist,.0128940469767366,-.0272588969437148,16697
400,0,urban2000_10,-.0023157983021896,-.0272588969437148,16697
400,0,diff,-.0272588969437148,-.0272588969437148,16697
400,0,expl,-.0266706885401658,-.0272588969437148,16697
400,0,pr_0,.1531664212076583,-.0272588969437148,16697
400,0,pr_1,.1804253181513731,-.0272588969437148,16697
401,0,edu,-.0104190960005791,-.0767932599908324,7165
401,0,plants,.0109170695889871,-.0767932599908324,7165
401,0,age,.0021413844996054,-.0767932599908324,7165
401,0,gender,.0018778155907178,-.0767932599908324,7165
401,0,marriage,.0009088772047271,-.0767932599908324,7165
401,0,ln_income,.000495554744418,-.0767932599908324,7165
401,0,health,-.0028235571864464,-.0767932599908324,7165
401,0,sportsArea,-.0014065754583336,-.0767932599908324,7165
401,0,year14,-.0382006712969021,-.0767932599908324,7165
401,0,rice10,-.0059449332041963,-.0767932599908324,7165
401,0,ln_gdp_hist,-.038147415858363,-.0767932599908324,7165
401,0,urban2000_10,.0029715579500433,-.0767932599908324,7165
401,0,diff,-.0767932599908324,-.0767932599908324,7165
401,0,expl,-.0777776580183869,-.0767932599908324,7165
401,0,pr_0,.1364111134322122,-.0767932599908324,7165
401,0,pr_1,.2132043734230446,-.0767932599908324,7165
402,0,edu,-.0060372535319802,-.0485742442855756,13590
402,0,plants,-.023591189514985,-.0485742442855756,13590
402,0,age,.0017003394201554,-.0485742442855756,13590
402,0,gender,.000156820240223,-.0485742442855756,13590
402,0,marriage,.0000969845989853,-.0485742442855756,13590
402,0,ln_income,-.0001751456018371,-.0485742442855756,13590
402,0,health,-.0003151665489027,-.0485742442855756,13590
402,0,sportsArea,.0056391364326238,-.0485742442855756,13590
402,0,year14,-.004959025898928,-.0485742442855756,13590
402,0,rice10,-.0528877695396408,-.0485742442855756,13590
402,0,ln_gdp_hist,.0502046076120739,-.0485742442855756,13590
402,0,urban2000_10,-.0164972428545561,-.0485742442855756,13590
402,0,diff,-.0485742442855756,-.0485742442855756,13590
402,0,expl,-.0464971499468234,-.0485742442855756,13590
402,0,pr_0,.164374445430346,-.0485742442855756,13590
402,0,pr_1,.2129486897159216,-.0485742442855756,13590
403,0,edu,-.0115296502353019,-.1021697828223738,13533
403,0,plants,-.0269385437357283,-.1021697828223738,13533
403,0,age,.0007419315527539,-.1021697828223738,13533
403,0,gender,.0013619528332195,-.1021697828223738,13533
403,0,marriage,.0010404179860202,-.1021697828223738,13533
403,0,ln_income,-.0005312729109384,-.1021697828223738,13533
403,0,health,-.001585441806873,-.1021697828223738,13533
403,0,sportsArea,.0064671791581819,-.1021697828223738,13533
403,0,year14,-.0092560397432775,-.1021697828223738,13533
403,0,rice10,-.0552846294975565,-.1021697828223738,13533
403,0,ln_gdp_hist,-.0042277425429542,-.1021697828223738,13533
403,0,urban2000_10,.0013594951532336,-.1021697828223738,13533
403,0,diff,-.1021697828223738,-.1021697828223738,13533
403,0,expl,-.0983926946925861,-.1021697828223738,13533
403,0,pr_0,.1411378555798687,-.1021697828223738,13533
403,0,pr_1,.2433076384022425,-.1021697828223738,13533
404,0,edu,-.0030183860490474,-.0551707253915904,19025
404,0,plants,.0051803006840703,-.0551707253915904,19025
404,0,age,.0002949585043221,-.0551707253915904,19025
404,0,gender,-.000022151010609,-.0551707253915904,19025
404,0,marriage,-.0013121704462169,-.0551707253915904,19025
404,0,ln_income,.000878578554553,-.0551707253915904,19025
404,0,health,.0000545322586686,-.0551707253915904,19025
404,0,sportsArea,.0069170830076132,-.0551707253915904,19025
404,0,year14,-.003440101639141,-.0551707253915904,19025
404,0,rice10,-.0660471494510454,-.0551707253915904,19025
404,0,ln_gdp_hist,.0235982618483802,-.0551707253915904,19025
404,0,urban2000_10,-.0180266201634353,-.0551707253915904,19025
404,0,diff,-.0551707253915904,-.0551707253915904,19025
404,0,expl,-.0546912233571774,-.0551707253915904,19025
404,0,pr_0,.1502219187435985,-.0551707253915904,19025
404,0,pr_1,.2053926441351889,-.0551707253915904,19025
405,0,edu,-.0160303162118969,-.0982314820422749,15842
405,0,plants,-.0307538658554701,-.0982314820422749,15842
405,0,age,-.0000281007773042,-.0982314820422749,15842
405,0,gender,.0008800095672456,-.0982314820422749,15842
405,0,marriage,.0015020264909161,-.0982314820422749,15842
405,0,ln_income,-.0000649788127403,-.0982314820422749,15842
405,0,health,-.0027136708562206,-.0982314820422749,15842
405,0,sportsArea,.0047021550848258,-.0982314820422749,15842
405,0,year14,-.0092927020942393,-.0982314820422749,15842
405,0,rice10,-.041619627725553,-.0982314820422749,15842
405,0,ln_gdp_hist,-.0007027125180034,-.0982314820422749,15842
405,0,urban2000_10,.0042246375026821,-.0982314820422749,15842
405,0,diff,-.0982314820422749,-.0982314820422749,15842
405,0,expl,-.0898901903676192,-.0982314820422749,15842
405,0,pr_0,.1435406698564593,-.0982314820422749,15842
405,0,pr_1,.2417721518987342,-.0982314820422749,15842
406,0,edu,-.0115053797946783,-.0776382303912667,12973
406,0,plants,-.0115498583082123,-.0776382303912667,12973
406,0,age,.0018422846100943,-.0776382303912667,12973
406,0,gender,.0009440238917272,-.0776382303912667,12973
406,0,marriage,.0010387747092335,-.0776382303912667,12973
406,0,ln_income,-.0005645771054457,-.0776382303912667,12973
406,0,health,-.0011667693093563,-.0776382303912667,12973
406,0,sportsArea,.0017402391832091,-.0776382303912667,12973
406,0,year14,-.0134021437796625,-.0776382303912667,12973
406,0,rice10,-.0399373920685884,-.0776382303912667,12973
406,0,ln_gdp_hist,-.0004347224847079,-.0776382303912667,12973
406,0,urban2000_10,-.0000920881950272,-.0776382303912667,12973
406,0,diff,-.0776382303912667,-.0776382303912667,12973
406,0,expl,-.0730227742684501,-.0776382303912667,12973
406,0,pr_0,.1590406531723082,-.0776382303912667,12973
406,0,pr_1,.2366788835635749,-.0776382303912667,12973
407,0,edu,-.0172607683920769,-.0860358236843388,15678
407,0,plants,.0328401956792914,-.0860358236843388,15678
407,0,age,.0009924401434593,-.0860358236843388,15678
407,0,gender,.0011937642520199,-.0860358236843388,15678
407,0,marriage,.000324604730125,-.0860358236843388,15678
407,0,ln_income,.0000177707526542,-.0860358236843388,15678
407,0,health,-.0013568613392454,-.0860358236843388,15678
407,0,sportsArea,.0036478117064639,-.0860358236843388,15678
407,0,year14,-.0095331615564045,-.0860358236843388,15678
407,0,rice10,-.0634614165649785,-.0860358236843388,15678
407,0,ln_gdp_hist,-.0336793751717013,-.0860358236843388,15678
407,0,urban2000_10,.00434701791718,-.0860358236843388,15678
407,0,diff,-.0860358236843388,-.0860358236843388,15678
407,0,expl,-.0820852077762885,-.0860358236843388,15678
407,0,pr_0,.1193656093489149,-.0860358236843388,15678
407,0,pr_1,.2054014330332537,-.0860358236843388,15678
408,0,edu,-.016221175087067,-.0976060493031773,7133
408,0,plants,-.0290853224124529,-.0976060493031773,7133
408,0,age,.0063096740282178,-.0976060493031773,7133
408,0,gender,.0006138733750757,-.0976060493031773,7133
408,0,marriage,.0011338866936885,-.0976060493031773,7133
408,0,ln_income,-.0008815899085602,-.0976060493031773,7133
408,0,health,-.0020185023155801,-.0976060493031773,7133
408,0,sportsArea,-.0056146324717853,-.0976060493031773,7133
408,0,year14,-.0109807022470996,-.0976060493031773,7133
408,0,rice10,-.0422175323672576,-.0976060493031773,7133
408,0,ln_gdp_hist,-.0042205592657515,-.0976060493031773,7133
408,0,urban2000_10,.0047677886541488,-.0976060493031773,7133
408,0,diff,-.0976060493031773,-.0976060493031773,7133
408,0,expl,-.0986929905468819,-.0976060493031773,7133
408,0,pr_0,.1558441558441558,-.0976060493031773,7133
408,0,pr_1,.2534502051473331,-.0976060493031773,7133
409,0,edu,-.0043335853877161,-.0579921237247492,17650
409,0,plants,.0090612978880915,-.0579921237247492,17650
409,0,age,.0006361262824544,-.0579921237247492,17650
409,0,gender,-.0002298213770881,-.0579921237247492,17650
409,0,marriage,-.0018082637241873,-.0579921237247492,17650
409,0,ln_income,.0005727786575546,-.0579921237247492,17650
409,0,health,.0002116517944226,-.0579921237247492,17650
409,0,sportsArea,.0018462456454058,-.0579921237247492,17650
409,0,year14,-.0100259422233026,-.0579921237247492,17650
409,0,rice10,-.04516029965813,-.0579921237247492,17650
409,0,ln_gdp_hist,.0055873581627178,-.0579921237247492,17650
409,0,urban2000_10,-.0034927154127555,-.0579921237247492,17650
409,0,diff,-.0579921237247492,-.0579921237247492,17650
409,0,expl,-.0471486013430662,-.0579921237247492,17650
409,0,pr_0,.129918141008714,-.0579921237247492,17650
409,0,pr_1,.1879102647334632,-.0579921237247492,17650
410,0,edu,-.0168457301956493,-.0871499298510684,15945
410,0,plants,-.0054946126815063,-.0871499298510684,15945
410,0,age,.0015694821235413,-.0871499298510684,15945
410,0,gender,.001129104511945,-.0871499298510684,15945
410,0,marriage,.0003480831049432,-.0871499298510684,15945
410,0,ln_income,-.0001803543152982,-.0871499298510684,15945
410,0,health,-.0006637622785819,-.0871499298510684,15945
410,0,sportsArea,.0036138747116704,-.0871499298510684,15945
410,0,year14,-.0088507008691572,-.0871499298510684,15945
410,0,rice10,-.0383369067372086,-.0871499298510684,15945
410,0,ln_gdp_hist,-.0058051662277539,-.0871499298510684,15945
410,0,urban2000_10,-.0105906884831618,-.0871499298510684,15945
410,0,diff,-.0871499298510684,-.0871499298510684,15945
410,0,expl,-.0800476929099965,-.0871499298510684,15945
410,0,pr_0,.1327433628318584,-.0871499298510684,15945
410,0,pr_1,.2198932926829268,-.0871499298510684,15945
411,0,edu,-.0060229519440361,-.0531338142232033,17245
411,0,plants,.0066854331526103,-.0531338142232033,17245
411,0,age,.0011259821638873,-.0531338142232033,17245
411,0,gender,.0003679750501029,-.0531338142232033,17245
411,0,marriage,-.0001925251905002,-.0531338142232033,17245
411,0,ln_income,.0000190191753543,-.0531338142232033,17245
411,0,health,-.0004890318590512,-.0531338142232033,17245
411,0,sportsArea,.0044729185812701,-.0531338142232033,17245
411,0,year14,-.007743320158998,-.0531338142232033,17245
411,0,rice10,-.0372285475898214,-.0531338142232033,17245
411,0,ln_gdp_hist,.023014639075081,-.0531338142232033,17245
411,0,urban2000_10,-.0322925454411251,-.0531338142232033,17245
411,0,diff,-.0531338142232033,-.0531338142232033,17245
411,0,expl,-.0483272070447939,-.0531338142232033,17245
411,0,pr_0,.1577920811390677,-.0531338142232033,17245
411,0,pr_1,.210925895362271,-.0531338142232033,17245
412,0,edu,-.0151361003357155,-.0964227589149677,10748
412,0,plants,-.0332206945775208,-.0964227589149677,10748
412,0,age,.0005466369967731,-.0964227589149677,10748
412,0,gender,.0008531365714861,-.0964227589149677,10748
412,0,marriage,.0010073725461602,-.0964227589149677,10748
412,0,ln_income,-.0001468742289683,-.0964227589149677,10748
412,0,health,-.0022119866236108,-.0964227589149677,10748
412,0,sportsArea,.0041912971820608,-.0964227589149677,10748
412,0,year14,-.0139543891526542,-.0964227589149677,10748
412,0,rice10,-.0304839560292796,-.0964227589149677,10748
412,0,ln_gdp_hist,-.0009874670852668,-.0964227589149677,10748
412,0,urban2000_10,.0054822259052071,-.0964227589149677,10748
412,0,diff,-.0964227589149677,-.0964227589149677,10748
412,0,expl,-.0842184678473726,-.0964227589149677,10748
412,0,pr_0,.142477514309076,-.0964227589149677,10748
412,0,pr_1,.2389002732240437,-.0964227589149677,10748
413,0,edu,-.0171370941021891,-.0766585269463317,18753
413,0,plants,.0053194103357109,-.0766585269463317,18753
413,0,age,.0021073585265355,-.0766585269463317,18753
413,0,gender,.0009673090597745,-.0766585269463317,18753
413,0,marriage,-.0014455780714799,-.0766585269463317,18753
413,0,ln_income,.0002011274781926,-.0766585269463317,18753
413,0,health,-.0001091602106614,-.0766585269463317,18753
413,0,sportsArea,.0018958981711085,-.0766585269463317,18753
413,0,year14,-.0098806862641999,-.0766585269463317,18753
413,0,rice10,-.0393564465389548,-.0766585269463317,18753
413,0,ln_gdp_hist,.0002704975931894,-.0766585269463317,18753
413,0,urban2000_10,-.0155270892087518,-.0766585269463317,18753
413,0,diff,-.0766585269463317,-.0766585269463317,18753
413,0,expl,-.0727885061194075,-.0766585269463317,18753
413,0,pr_0,.1520603598374927,-.0766585269463317,18753
413,0,pr_1,.2287188867838244,-.0766585269463317,18753
414,0,edu,-.0118781722513971,-.0349742045029694,16733
414,0,plants,-.0093156608588684,-.0349742045029694,16733
414,0,age,-.0004596608928352,-.0349742045029694,16733
414,0,gender,.000099445952811,-.0349742045029694,16733
414,0,marriage,-.0012516891991536,-.0349742045029694,16733
414,0,ln_income,.0005702864752979,-.0349742045029694,16733
414,0,health,-.0003677098613207,-.0349742045029694,16733
414,0,sportsArea,.0019422435804043,-.0349742045029694,16733
414,0,year14,-.0094992193698771,-.0349742045029694,16733
414,0,rice10,.0013100993984937,-.0349742045029694,16733
414,0,ln_gdp_hist,.0013049754277892,-.0349742045029694,16733
414,0,urban2000_10,.0000702985489577,-.0349742045029694,16733
414,0,diff,-.0349742045029694,-.0349742045029694,16733
414,0,expl,-.0274501310128344,-.0349742045029694,16733
414,0,pr_0,.1437795275590551,-.0349742045029694,16733
414,0,pr_1,.1787537320620245,-.0349742045029694,16733
415,0,edu,-.0181951272344596,-.1063297863654551,12110
415,0,plants,-.0006869013409379,-.1063297863654551,12110
415,0,age,.0010082191593556,-.1063297863654551,12110
415,0,gender,.0001428445571029,-.1063297863654551,12110
415,0,marriage,-.0002528048444538,-.1063297863654551,12110
415,0,ln_income,.0005732751572629,-.1063297863654551,12110
415,0,health,-.0007621282774221,-.1063297863654551,12110
415,0,sportsArea,-.0000658780693129,-.1063297863654551,12110
415,0,year14,-.014328842178672,-.1063297863654551,12110
415,0,rice10,-.0661570274240754,-.1063297863654551,12110
415,0,ln_gdp_hist,-.0039336159062568,-.1063297863654551,12110
415,0,urban2000_10,-.0003173372887973,-.1063297863654551,12110
415,0,diff,-.1063297863654551,-.1063297863654551,12110
415,0,expl,-.1029396483468803,-.1063297863654551,12110
415,0,pr_0,.143635263264071,-.1063297863654551,12110
415,0,pr_1,.2499650496295261,-.1063297863654551,12110
416,0,edu,-.0067860156992196,-.0422496835441177,16485
416,0,plants,-.0281610288265434,-.0422496835441177,16485
416,0,age,.0027041100486228,-.0422496835441177,16485
416,0,gender,.0004206210890319,-.0422496835441177,16485
416,0,marriage,.0007160945409181,-.0422496835441177,16485
416,0,ln_income,-.0003610275432676,-.0422496835441177,16485
416,0,health,-.0014006685424664,-.0422496835441177,16485
416,0,sportsArea,.0044135739464931,-.0422496835441177,16485
416,0,year14,-.0037255910397333,-.0422496835441177,16485
416,0,rice10,-.0077005168341498,-.0422496835441177,16485
416,0,ln_gdp_hist,.0290535198271118,-.0422496835441177,16485
416,0,urban2000_10,-.0305028884601704,-.0422496835441177,16485
416,0,diff,-.0422496835441177,-.0422496835441177,16485
416,0,expl,-.0414665490462137,-.0422496835441177,16485
416,0,pr_0,.1681153694192019,-.0422496835441177,16485
416,0,pr_1,.2103650529633196,-.0422496835441177,16485
417,0,edu,-.0092435119769266,-.0778771282240552,12427
417,0,plants,-.1131413600845007,-.0778771282240552,12427
417,0,age,.0019213977569422,-.0778771282240552,12427
417,0,gender,.0013577071740512,-.0778771282240552,12427
417,0,marriage,.0012804342863478,-.0778771282240552,12427
417,0,ln_income,-.000809612522797,-.0778771282240552,12427
417,0,health,-.001768262024899,-.0778771282240552,12427
417,0,sportsArea,.0024526900078659,-.0778771282240552,12427
417,0,year14,-.0135987745391308,-.0778771282240552,12427
417,0,rice10,.0349774325917999,-.0778771282240552,12427
417,0,ln_gdp_hist,-.0069338923363608,-.0778771282240552,12427
417,0,urban2000_10,.032447707021285,-.0778771282240552,12427
417,0,diff,-.0778771282240552,-.0778771282240552,12427
417,0,expl,-.0710180447053226,-.0778771282240552,12427
417,0,pr_0,.1557007310623736,-.0778771282240552,12427
417,0,pr_1,.2335778592864288,-.0778771282240552,12427
418,0,edu,-.010557821289498,-.0795859313270143,13751
418,0,plants,.0199073229292629,-.0795859313270143,13751
418,0,age,.0010298171885653,-.0795859313270143,13751
418,0,gender,.0008944931953713,-.0795859313270143,13751
418,0,marriage,-.0007677469021935,-.0795859313270143,13751
418,0,ln_income,.0001387728464249,-.0795859313270143,13751
418,0,health,-.0006135997869683,-.0795859313270143,13751
418,0,sportsArea,.0025292242509975,-.0795859313270143,13751
418,0,year14,-.0105118389181899,-.0795859313270143,13751
418,0,rice10,-.0605754598242603,-.0795859313270143,13751
418,0,ln_gdp_hist,-.0123293514159702,-.0795859313270143,13751
418,0,urban2000_10,-.0022942156915894,-.0795859313270143,13751
418,0,diff,-.0795859313270143,-.0795859313270143,13751
418,0,expl,-.0730590349468959,-.0795859313270143,13751
418,0,pr_0,.1263024142312579,-.0795859313270143,13751
418,0,pr_1,.2058883455582722,-.0795859313270143,13751
419,0,edu,-.002921749184999,-.0098802602900535,8610
419,0,plants,-.0060395570089238,-.0098802602900535,8610
419,0,age,-.0004290331954085,-.0098802602900535,8610
419,0,gender,-.000402129302999,-.0098802602900535,8610
419,0,marriage,-.0012306609914314,-.0098802602900535,8610
419,0,ln_income,.0001830115998457,-.0098802602900535,8610
419,0,health,-.0009722826203326,-.0098802602900535,8610
419,0,sportsArea,.0028406172558806,-.0098802602900535,8610
419,0,year14,-.0031793648511965,-.0098802602900535,8610
419,0,rice10,-.0302921374380491,-.0098802602900535,8610
419,0,ln_gdp_hist,.03113380923767,-.0098802602900535,8610
419,0,urban2000_10,.0012527642143238,-.0098802602900535,8610
419,0,diff,-.0098802602900535,-.0098802602900535,8610
419,0,expl,-.0100294389860058,-.0098802602900535,8610
419,0,pr_0,.166358595194085,-.0098802602900535,8610
419,0,pr_1,.1762388554841385,-.0098802602900535,8610
420,0,edu,-.0097838631393447,-.068877247047859,11162
420,0,plants,-.0321765290071491,-.068877247047859,11162
420,0,age,.0036260619597807,-.068877247047859,11162
420,0,gender,.0007552450418131,-.068877247047859,11162
420,0,marriage,.0011913731855157,-.068877247047859,11162
420,0,ln_income,-.0009558346757841,-.068877247047859,11162
420,0,health,-.000775512424758,-.068877247047859,11162
420,0,sportsArea,.0021069993505213,-.068877247047859,11162
420,0,year14,-.0070415812284615,-.068877247047859,11162
420,0,rice10,-.0163121931699969,-.068877247047859,11162
420,0,ln_gdp_hist,-.0041744981392923,-.068877247047859,11162
420,0,urban2000_10,-.0011663492577827,-.068877247047859,11162
420,0,diff,-.068877247047859,-.068877247047859,11162
420,0,expl,-.0645032417985854,-.068877247047859,11162
420,0,pr_0,.1684665226781857,-.068877247047859,11162
420,0,pr_1,.2373437697260447,-.068877247047859,11162
421,0,edu,-.0106553211930403,-.0731006481960999,16849
421,0,plants,-.0199578919910474,-.0731006481960999,16849
421,0,age,-.0006331718451841,-.0731006481960999,16849
421,0,gender,.0009545370713713,-.0731006481960999,16849
421,0,marriage,.0009955540813085,-.0731006481960999,16849
421,0,ln_income,-.0003242185950899,-.0731006481960999,16849
421,0,health,-.0008829568588551,-.0731006481960999,16849
421,0,sportsArea,.0058981447577222,-.0731006481960999,16849
421,0,year14,-.011004617543196,-.0731006481960999,16849
421,0,rice10,-.0333138120446631,-.0731006481960999,16849
421,0,ln_gdp_hist,-.0020186602246142,-.0731006481960999,16849
421,0,urban2000_10,.0092649648838787,-.0731006481960999,16849
421,0,diff,-.0731006481960999,-.0731006481960999,16849
421,0,expl,-.0616532436650743,-.0731006481960999,16849
421,0,pr_0,.1738563983786914,-.0731006481960999,16849
421,0,pr_1,.2469570465747913,-.0731006481960999,16849
422,0,edu,-.0157423942323794,-.0606127796617121,12067
422,0,plants,-.0147449685573478,-.0606127796617121,12067
422,0,age,.0020346331157552,-.0606127796617121,12067
422,0,gender,.0006891661135531,-.0606127796617121,12067
422,0,marriage,-.0001807054458144,-.0606127796617121,12067
422,0,ln_income,-.0001672734077992,-.0606127796617121,12067
422,0,health,-.0014113600593388,-.0606127796617121,12067
422,0,sportsArea,-.0006855376621906,-.0606127796617121,12067
422,0,year14,-.0070306856238282,-.0606127796617121,12067
422,0,rice10,-.021912139914369,-.0606127796617121,12067
422,0,ln_gdp_hist,-.0065282043574293,-.0606127796617121,12067
422,0,urban2000_10,-.0002824684703833,-.0606127796617121,12067
422,0,diff,-.0606127796617121,-.0606127796617121,12067
422,0,expl,-.0659951631290374,-.0606127796617121,12067
422,0,pr_0,.1388616290480864,-.0606127796617121,12067
422,0,pr_1,.1994744087097985,-.0606127796617121,12067
423,0,edu,-.0053658344633711,-.0289144667302998,11619
423,0,plants,.0188345458923215,-.0289144667302998,11619
423,0,age,-.0007867209941579,-.0289144667302998,11619
423,0,gender,.0002661157500133,-.0289144667302998,11619
423,0,marriage,-.0004047763430587,-.0289144667302998,11619
423,0,ln_income,.0000374952248964,-.0289144667302998,11619
423,0,health,-.0004779002382553,-.0289144667302998,11619
423,0,sportsArea,.0037765435564438,-.0289144667302998,11619
423,0,year14,-.0015287842567122,-.0289144667302998,11619
423,0,rice10,-.0551188866518553,-.0289144667302998,11619
423,0,ln_gdp_hist,.0069054507431787,-.0289144667302998,11619
423,0,urban2000_10,.0074017756325361,-.0289144667302998,11619
423,0,diff,-.0289144667302998,-.0289144667302998,11619
423,0,expl,-.0264315229842102,-.0289144667302998,11619
423,0,pr_0,.1512206684048353,-.0289144667302998,11619
423,0,pr_1,.1801351351351351,-.0289144667302998,11619
424,0,edu,-.0129242501831167,-.0925335168315975,12140
424,0,plants,-.0199782378839486,-.0925335168315975,12140
424,0,age,.0030997433409049,-.0925335168315975,12140
424,0,gender,.0009997918413623,-.0925335168315975,12140
424,0,marriage,.0002293705916306,-.0925335168315975,12140
424,0,ln_income,-.0006641269189187,-.0925335168315975,12140
424,0,health,-.0007387074678577,-.0925335168315975,12140
424,0,sportsArea,.004290109735642,-.0925335168315975,12140
424,0,year14,-.0085447835605515,-.0925335168315975,12140
424,0,rice10,-.0574322700888341,-.0925335168315975,12140
424,0,ln_gdp_hist,.0107340533936904,-.0925335168315975,12140
424,0,urban2000_10,-.0070760016912437,-.0925335168315975,12140
424,0,diff,-.0925335168315975,-.0925335168315975,12140
424,0,expl,-.0878942473022757,-.0925335168315975,12140
424,0,pr_0,.1531937450304797,-.0925335168315975,12140
424,0,pr_1,.2457272618620772,-.0925335168315975,12140
425,0,edu,-.0123918783522012,-.0878961710311676,10386
425,0,plants,-.0127107287614931,-.0878961710311676,10386
425,0,age,.0016624210880449,-.0878961710311676,10386
425,0,gender,.0004326060488966,-.0878961710311676,10386
425,0,marriage,.0008562389021977,-.0878961710311676,10386
425,0,ln_income,-.0000180911446969,-.0878961710311676,10386
425,0,health,-.0037289583590015,-.0878961710311676,10386
425,0,sportsArea,.0013131350659763,-.0878961710311676,10386
425,0,year14,-.0150122593544725,-.0878961710311676,10386
425,0,rice10,-.0434789703256678,-.0878961710311676,10386
425,0,ln_gdp_hist,-.001223675877099,-.0878961710311676,10386
425,0,urban2000_10,.0018836251377446,-.0878961710311676,10386
425,0,diff,-.0878961710311676,-.0878961710311676,10386
425,0,expl,-.0823590548059728,-.0878961710311676,10386
425,0,pr_0,.1630543993110377,-.0878961710311676,10386
425,0,pr_1,.2509505703422053,-.0878961710311676,10386
426,0,edu,-.0181391501794197,-.103538226317315,9815
426,0,plants,-.0212618940112835,-.103538226317315,9815
426,0,age,.0032765261324945,-.103538226317315,9815
426,0,gender,.0010073785591186,-.103538226317315,9815
426,0,marriage,.0022110240041717,-.103538226317315,9815
426,0,ln_income,-.0003168161520091,-.103538226317315,9815
426,0,health,-.0037562180165137,-.103538226317315,9815
426,0,sportsArea,.0000544794352983,-.103538226317315,9815
426,0,year14,-.0167612207461725,-.103538226317315,9815
426,0,rice10,-.0457003616545354,-.103538226317315,9815
426,0,ln_gdp_hist,-.0062742227181329,-.103538226317315,9815
426,0,urban2000_10,.0046068220933941,-.103538226317315,9815
426,0,diff,-.103538226317315,-.103538226317315,9815
426,0,expl,-.1010338613373912,-.103538226317315,9815
426,0,pr_0,.1481130286364498,-.103538226317315,9815
426,0,pr_1,.2516512549537648,-.103538226317315,9815
427,0,edu,-.0057840658758301,-.0390989417643626,18569
427,0,plants,-.0048143689974106,-.0390989417643626,18569
427,0,age,-.0000537550803384,-.0390989417643626,18569
427,0,gender,-.0000892772578292,-.0390989417643626,18569
427,0,marriage,-.0003059506774319,-.0390989417643626,18569
427,0,ln_income,.0001459432695109,-.0390989417643626,18569
427,0,health,-.0004997214475188,-.0390989417643626,18569
427,0,sportsArea,.0077456182001553,-.0390989417643626,18569
427,0,year14,.0014836395405447,-.0390989417643626,18569
427,0,rice10,-.0558960015968882,-.0390989417643626,18569
427,0,ln_gdp_hist,.0347605282565728,-.0390989417643626,18569
427,0,urban2000_10,-.013874209005136,-.0390989417643626,18569
427,0,diff,-.0390989417643626,-.0390989417643626,18569
427,0,expl,-.0370783943258924,-.0390989417643626,18569
427,0,pr_0,.1553756818581735,-.0390989417643626,18569
427,0,pr_1,.1944746236225361,-.0390989417643626,18569
428,0,edu,-.0148007701519114,-.1033251152202872,11596
428,0,plants,-.0505179489345365,-.1033251152202872,11596
428,0,age,.0023526643175399,-.1033251152202872,11596
428,0,gender,.0013799411493551,-.1033251152202872,11596
428,0,marriage,.0016957889567753,-.1033251152202872,11596
428,0,ln_income,-.0002677825263076,-.1033251152202872,11596
428,0,health,-.0035893297643264,-.1033251152202872,11596
428,0,sportsArea,.0072900393254641,-.1033251152202872,11596
428,0,year14,-.0134765489910572,-.1033251152202872,11596
428,0,rice10,-.0409764834162944,-.1033251152202872,11596
428,0,ln_gdp_hist,-.0023112041435166,-.1033251152202872,11596
428,0,urban2000_10,.0115591808403439,-.1033251152202872,11596
428,0,diff,-.1033251152202872,-.1033251152202872,11596
428,0,expl,-.1016021776833268,-.1033251152202872,11596
428,0,pr_0,.1469176818014027,-.1033251152202872,11596
428,0,pr_1,.2502427970216899,-.1033251152202872,11596
429,0,edu,-.0008976046780815,-.029800639022542,11756
429,0,plants,-.0054272257207145,-.029800639022542,11756
429,0,age,-.0001983995616047,-.029800639022542,11756
429,0,gender,.0001299687221627,-.029800639022542,11756
429,0,marriage,-.0001648732458217,-.029800639022542,11756
429,0,ln_income,2.87942382289e-06,-.029800639022542,11756
429,0,health,-.0007237246967263,-.029800639022542,11756
429,0,sportsArea,.0093521769338259,-.029800639022542,11756
429,0,year14,.002233159914221,-.029800639022542,11756
429,0,rice10,-.0547130387239893,-.029800639022542,11756
429,0,ln_gdp_hist,.0180243900620489,-.029800639022542,11756
429,0,urban2000_10,.0044784953514445,-.029800639022542,11756
429,0,diff,-.029800639022542,-.029800639022542,11756
429,0,expl,-.0275780565827274,-.029800639022542,11756
429,0,pr_0,.1635832521908471,-.029800639022542,11756
429,0,pr_1,.1933838912133891,-.029800639022542,11756
430,0,edu,-.0034770318359598,-.0281218672200324,14226
430,0,plants,-.0049178053491072,-.0281218672200324,14226
430,0,age,.0012595609561909,-.0281218672200324,14226
430,0,gender,.0000968277324469,-.0281218672200324,14226
430,0,marriage,-.0003542845170946,-.0281218672200324,14226
430,0,ln_income,.0003450402635325,-.0281218672200324,14226
430,0,health,-.0008515197472743,-.0281218672200324,14226
430,0,sportsArea,.0053085057907049,-.0281218672200324,14226
430,0,year14,-.0078494498898003,-.0281218672200324,14226
430,0,rice10,-.0510120061848781,-.0281218672200324,14226
430,0,ln_gdp_hist,.0791930678124404,-.0281218672200324,14226
430,0,urban2000_10,-.0434920984691052,-.0281218672200324,14226
430,0,diff,-.0281218672200324,-.0281218672200324,14226
430,0,expl,-.0257400313947762,-.0281218672200324,14226
430,0,pr_0,.1786657278648125,-.0281218672200324,14226
430,0,pr_1,.2067875950848449,-.0281218672200324,14226
431,0,edu,-.0017401215859989,-.0375253772309926,14589
431,0,plants,.0154202001105517,-.0375253772309926,14589
431,0,age,-.0000836684539485,-.0375253772309926,14589
431,0,gender,.000038326153133,-.0375253772309926,14589
431,0,marriage,-.0002551514350719,-.0375253772309926,14589
431,0,ln_income,.0002475197264534,-.0375253772309926,14589
431,0,health,-.001306566254339,-.0375253772309926,14589
431,0,sportsArea,.0066275497684847,-.0375253772309926,14589
431,0,year14,-.0007682607847385,-.0375253772309926,14589
431,0,rice10,-.0702476314518782,-.0375253772309926,14589
431,0,ln_gdp_hist,.042925902722367,-.0375253772309926,14589
431,0,urban2000_10,-.0273930649322227,-.0375253772309926,14589
431,0,diff,-.0375253772309926,-.0375253772309926,14589
431,0,expl,-.0364467538881196,-.0375253772309926,14589
431,0,pr_0,.1622872252520245,-.0375253772309926,14589
431,0,pr_1,.1998126024830171,-.0375253772309926,14589
432,0,edu,-.0082733439198416,-.0386856764481892,17088
432,0,plants,-.0122614504280981,-.0386856764481892,17088
432,0,age,.0025580718137504,-.0386856764481892,17088
432,0,gender,.0001473162815069,-.0386856764481892,17088
432,0,marriage,.0014074408031339,-.0386856764481892,17088
432,0,ln_income,-.0000581942130422,-.0386856764481892,17088
432,0,health,-.0033456446029687,-.0386856764481892,17088
432,0,sportsArea,.0046451191094402,-.0386856764481892,17088
432,0,year14,-.0005981528203704,-.0386856764481892,17088
432,0,rice10,-.0414195470430659,-.0386856764481892,17088
432,0,ln_gdp_hist,.0226232092361329,-.0386856764481892,17088
432,0,urban2000_10,-.0034099204440188,-.0386856764481892,17088
432,0,diff,-.0386856764481892,-.0386856764481892,17088
432,0,expl,-.0379217721459182,-.0386856764481892,17088
432,0,pr_0,.1658906478648397,-.0386856764481892,17088
432,0,pr_1,.2045763243130289,-.0386856764481892,17088
433,0,edu,-.0075141809864585,-.0566681478923725,19124
433,0,plants,-.0202351288270586,-.0566681478923725,19124
433,0,age,.0021957700559242,-.0566681478923725,19124
433,0,gender,.0006144287939091,-.0566681478923725,19124
433,0,marriage,.000883014122257,-.0566681478923725,19124
433,0,ln_income,-.0002579162984917,-.0566681478923725,19124
433,0,health,-.0012493029496257,-.0566681478923725,19124
433,0,sportsArea,.0068052125913776,-.0566681478923725,19124
433,0,year14,-.0055481478932105,-.0566681478923725,19124
433,0,rice10,-.035026101498719,-.0566681478923725,19124
433,0,ln_gdp_hist,.0311018745624354,-.0566681478923725,19124
433,0,urban2000_10,-.0249468922379379,-.0566681478923725,19124
433,0,diff,-.0566681478923725,-.0566681478923725,19124
433,0,expl,-.0532387156929474,-.0566681478923725,19124
433,0,pr_0,.1629912120709667,-.0566681478923725,19124
433,0,pr_1,.2196593599633392,-.0566681478923725,19124
434,0,edu,-.0031095409671363,-.0179681470897712,22751
434,0,plants,.0027902544200763,-.0179681470897712,22751
434,0,age,.0014253618527159,-.0179681470897712,22751
434,0,gender,.0003193821319186,-.0179681470897712,22751
434,0,marriage,.0002882216538799,-.0179681470897712,22751
434,0,ln_income,.0000351387911913,-.0179681470897712,22751
434,0,health,-.0007334146341403,-.0179681470897712,22751
434,0,sportsArea,.0052565159098626,-.0179681470897712,22751
434,0,year14,.0006695799456646,-.0179681470897712,22751
434,0,rice10,-.0195187661074458,-.0179681470897712,22751
434,0,ln_gdp_hist,.063622603178587,-.0179681470897712,22751
434,0,urban2000_10,-.0655270485819528,-.0179681470897712,22751
434,0,diff,-.0179681470897712,-.0179681470897712,22751
434,0,expl,-.0146550815658072,-.0179681470897712,22751
434,0,pr_0,.1785206258890469,-.0179681470897712,22751
434,0,pr_1,.1964887729788181,-.0179681470897712,22751
435,0,edu,-.0062454787783572,-.0580707956562924,17079
435,0,plants,.0068982129356195,-.0580707956562924,17079
435,0,age,-.0017101321945847,-.0580707956562924,17079
435,0,gender,.0000294387379195,-.0580707956562924,17079
435,0,marriage,-.0013922424768327,-.0580707956562924,17079
435,0,ln_income,.000394951960052,-.0580707956562924,17079
435,0,health,.0002352410118057,-.0580707956562924,17079
435,0,sportsArea,.0041540309150749,-.0580707956562924,17079
435,0,year14,-.0069609517751148,-.0580707956562924,17079
435,0,rice10,-.0452999855984484,-.0580707956562924,17079
435,0,ln_gdp_hist,.0032010439155797,-.0580707956562924,17079
435,0,urban2000_10,-.0016857914285121,-.0580707956562924,17079
435,0,diff,-.0580707956562924,-.0580707956562924,17079
435,0,expl,-.0482584099002535,-.0580707956562924,17079
435,0,pr_0,.1304550758459743,-.0580707956562924,17079
435,0,pr_1,.1885258715022667,-.0580707956562924,17079
436,0,edu,-.0168731402113622,-.0853556776580221,11943
436,0,plants,.0050391163743855,-.0853556776580221,11943
436,0,age,.0019139595372884,-.0853556776580221,11943
436,0,gender,.0010467337264733,-.0853556776580221,11943
436,0,marriage,.0009726661573257,-.0853556776580221,11943
436,0,ln_income,.0002629928492864,-.0853556776580221,11943
436,0,health,-.0024334221222186,-.0853556776580221,11943
436,0,sportsArea,.003289225598383,-.0853556776580221,11943
436,0,year14,-.0115463689409716,-.0853556776580221,11943
436,0,rice10,-.0506172286235314,-.0853556776580221,11943
436,0,ln_gdp_hist,-.0030058675266972,-.0853556776580221,11943
436,0,urban2000_10,-.0122960928159373,-.0853556776580221,11943
436,0,diff,-.0853556776580221,-.0853556776580221,11943
436,0,expl,-.084176110449587,-.0853556776580221,11943
436,0,pr_0,.1519674355495251,-.0853556776580221,11943
436,0,pr_1,.2373231132075472,-.0853556776580221,11943
437,0,edu,-.0093121128287109,-.080266037339181,17166
437,0,plants,-.0379108374042984,-.080266037339181,17166
437,0,age,.0005266286024456,-.080266037339181,17166
437,0,gender,.0000210845507537,-.080266037339181,17166
437,0,marriage,.0004513534621505,-.080266037339181,17166
437,0,ln_income,-.0001063623130384,-.080266037339181,17166
437,0,health,-.0010474999735813,-.080266037339181,17166
437,0,sportsArea,.009485957395543,-.080266037339181,17166
437,0,year14,-.0061933680474587,-.080266037339181,17166
437,0,rice10,-.0615293747919693,-.080266037339181,17166
437,0,ln_gdp_hist,.0127801068642261,-.080266037339181,17166
437,0,urban2000_10,.0149531834842684,-.080266037339181,17166
437,0,diff,-.080266037339181,-.080266037339181,17166
437,0,expl,-.0779649923410155,-.080266037339181,17166
437,0,pr_0,.1721693713859355,-.080266037339181,17166
437,0,pr_1,.2524354087251165,-.080266037339181,17166
438,0,edu,-.008447108297011,-.0657816940947367,20713
438,0,plants,-.0248719281892289,-.0657816940947367,20713
438,0,age,.0020672519552976,-.0657816940947367,20713
438,0,gender,.00008865074066,-.0657816940947367,20713
438,0,marriage,.0000860641571057,-.0657816940947367,20713
438,0,ln_income,-6.75869013315e-06,-.0657816940947367,20713
438,0,health,-.0009091229839444,-.0657816940947367,20713
438,0,sportsArea,.0070744444198656,-.0657816940947367,20713
438,0,year14,-.005556923826894,-.0657816940947367,20713
438,0,rice10,-.0544590824694567,-.0657816940947367,20713
438,0,ln_gdp_hist,.0593586519387245,-.0657816940947367,20713
438,0,urban2000_10,-.0369244885637872,-.0657816940947367,20713
438,0,diff,-.0657816940947367,-.0657816940947367,20713
438,0,expl,-.0625347989911369,-.0657816940947367,20713
438,0,pr_0,.1620898716119829,-.0657816940947367,20713
438,0,pr_1,.2278715657067196,-.0657816940947367,20713
439,0,edu,-.000463302620699,.002724615654377,27906
439,0,plants,.0054719201384806,.002724615654377,27906
439,0,age,-.0026382590573787,.002724615654377,27906
439,0,gender,-.0002854301020132,.002724615654377,27906
439,0,marriage,-.0015667709618308,.002724615654377,27906
439,0,ln_income,.0000632455103429,.002724615654377,27906
439,0,health,.0005790176488246,.002724615654377,27906
439,0,sportsArea,.0046027840936651,.002724615654377,27906
439,0,year14,-.0000189519760158,.002724615654377,27906
439,0,rice10,-.019451457257937,.002724615654377,27906
439,0,ln_gdp_hist,-.0071673478650141,.002724615654377,27906
439,0,urban2000_10,.0255907365719397,.002724615654377,27906
439,0,diff,.002724615654377,.002724615654377,27906
439,0,expl,.0045521433085103,.002724615654377,27906
439,0,pr_0,.1590770171149144,.002724615654377,27906
439,0,pr_1,.1563524014605374,.002724615654377,27906
440,0,edu,-.0063235623080715,-.0073069707465132,11619
440,0,plants,-.0089386595139167,-.0073069707465132,11619
440,0,age,.0003484964935129,-.0073069707465132,11619
440,0,gender,.0000560868435883,-.0073069707465132,11619
440,0,marriage,-.0001700121257087,-.0073069707465132,11619
440,0,ln_income,-.0003460673481217,-.0073069707465132,11619
440,0,health,-.0004515536728477,-.0073069707465132,11619
440,0,sportsArea,.0004163215102032,-.0073069707465132,11619
440,0,year14,-.0074101820033463,-.0073069707465132,11619
440,0,rice10,.0123488940960914,-.0073069707465132,11619
440,0,ln_gdp_hist,-.0179083981696108,-.0073069707465132,11619
440,0,urban2000_10,.0209606830653549,-.0073069707465132,11619
440,0,diff,-.0073069707465132,-.0073069707465132,11619
440,0,expl,-.0074197603773418,-.0073069707465132,11619
440,0,pr_0,.1740498668603244,-.0073069707465132,11619
440,0,pr_1,.1813568376068376,-.0073069707465132,11619
441,0,edu,-.0069206400970776,-.0520394037635417,17772
441,0,plants,.0322994548599087,-.0520394037635417,17772
441,0,age,.0006095890955199,-.0520394037635417,17772
441,0,gender,.0001181810193601,-.0520394037635417,17772
441,0,marriage,-.0016280401504465,-.0520394037635417,17772
441,0,ln_income,.0007405852543595,-.0520394037635417,17772
441,0,health,-.0000566420586397,-.0520394037635417,17772
441,0,sportsArea,.0041427492564602,-.0520394037635417,17772
441,0,year14,-.0051063785553525,-.0520394037635417,17772
441,0,rice10,-.0721423775318253,-.0520394037635417,17772
441,0,ln_gdp_hist,.0062971539618824,-.0520394037635417,17772
441,0,urban2000_10,-.0118945559261647,-.0520394037635417,17772
441,0,diff,-.0520394037635417,-.0520394037635417,17772
441,0,expl,-.053603806786603,-.0520394037635417,17772
441,0,pr_0,.141692789968652,-.0520394037635417,17772
441,0,pr_1,.1937321937321937,-.0520394037635417,17772
442,0,edu,.0005191416250381,.0068371045788348,16272
442,0,plants,.0151303719916604,.0068371045788348,16272
442,0,age,-1.30072576891e-06,.0068371045788348,16272
442,0,gender,-.0008248194307095,.0068371045788348,16272
442,0,marriage,-.0007060085677248,.0068371045788348,16272
442,0,ln_income,.0003143736813027,.0068371045788348,16272
442,0,health,-.0013231797470627,.0068371045788348,16272
442,0,sportsArea,.0048322091560516,.0068371045788348,16272
442,0,year14,.0052550527544183,.0068371045788348,16272
442,0,rice10,-.0672641802843359,.0068371045788348,16272
442,0,ln_gdp_hist,.0539477186100543,.0068371045788348,16272
442,0,urban2000_10,-.0034760087966998,.0068371045788348,16272
442,0,diff,.0068371045788348,.0068371045788348,16272
442,0,expl,.0064012147776879,.0068371045788348,16272
442,0,pr_0,.1730423974589145,.0068371045788348,16272
442,0,pr_1,.1662052928800797,.0068371045788348,16272
443,0,edu,-.0139427523021938,-.0757737123371398,8854
443,0,plants,-.0035721093055654,-.0757737123371398,8854
443,0,age,.0007427578798137,-.0757737123371398,8854
443,0,gender,.0002665707448766,-.0757737123371398,8854
443,0,marriage,.0013762150932768,-.0757737123371398,8854
443,0,ln_income,.0000668595685924,-.0757737123371398,8854
443,0,health,-.0010109000264811,-.0757737123371398,8854
443,0,sportsArea,.00129025240696,-.0757737123371398,8854
443,0,year14,-.0065821775945684,-.0757737123371398,8854
443,0,rice10,-.0377775889329943,-.0757737123371398,8854
443,0,ln_gdp_hist,-.0020980770884796,-.0757737123371398,8854
443,0,urban2000_10,-.0075800142742603,-.0757737123371398,8854
443,0,diff,-.0757737123371398,-.0757737123371398,8854
443,0,expl,-.0688289425860928,-.0757737123371398,8854
443,0,pr_0,.1271148708815672,-.0757737123371398,8854
443,0,pr_1,.202888583218707,-.0757737123371398,8854
444,0,edu,-.0043860737063479,-.0527205723659825,17270
444,0,plants,.006676798913774,-.0527205723659825,17270
444,0,age,-.0030379672846916,-.0527205723659825,17270
444,0,gender,-.0001130507660175,-.0527205723659825,17270
444,0,marriage,-.000816210830923,-.0527205723659825,17270
444,0,ln_income,.0004602977527328,-.0527205723659825,17270
444,0,health,.0003909899202275,-.0527205723659825,17270
444,0,sportsArea,.0085136146815282,-.0527205723659825,17270
444,0,year14,-.0025949297924111,-.0527205723659825,17270
444,0,rice10,-.0523841058333392,-.0527205723659825,17270
444,0,ln_gdp_hist,.0076464272053338,-.0527205723659825,17270
444,0,urban2000_10,.0013034938405886,-.0527205723659825,17270
444,0,diff,-.0527205723659825,-.0527205723659825,17270
444,0,expl,-.0383359546344448,-.0527205723659825,17270
444,0,pr_0,.1343008523381709,-.0527205723659825,17270
444,0,pr_1,.1870214247041534,-.0527205723659825,17270
445,0,edu,-.0031137654074993,-.0125266572341069,14716
445,0,plants,.0023605929763864,-.0125266572341069,14716
445,0,age,-.0008882870233273,-.0125266572341069,14716
445,0,gender,-.0005020511960203,-.0125266572341069,14716
445,0,marriage,-.0012848460328359,-.0125266572341069,14716
445,0,ln_income,.0005590850738588,-.0125266572341069,14716
445,0,health,-.0002033284930503,-.0125266572341069,14716
445,0,sportsArea,.0024400435437228,-.0125266572341069,14716
445,0,year14,-.0036587802505748,-.0125266572341069,14716
445,0,rice10,-.0326748829594692,-.0125266572341069,14716
445,0,ln_gdp_hist,.0327921952548471,-.0125266572341069,14716
445,0,urban2000_10,-.0053183750605482,-.0125266572341069,14716
445,0,diff,-.0125266572341069,-.0125266572341069,14716
445,0,expl,-.0095040305417043,-.0125266572341069,14716
445,0,pr_0,.1588168801808591,-.0125266572341069,14716
445,0,pr_1,.171343537414966,-.0125266572341069,14716
446,0,edu,-.0066995230497682,-.0601845518850467,18266
446,0,plants,.0140971656664548,-.0601845518850467,18266
446,0,age,-.0015497404685258,-.0601845518850467,18266
446,0,gender,.0000248332062288,-.0601845518850467,18266
446,0,marriage,-.001294553140206,-.0601845518850467,18266
446,0,ln_income,.0003594427518022,-.0601845518850467,18266
446,0,health,.0000828038483373,-.0601845518850467,18266
446,0,sportsArea,.005182027077756,-.0601845518850467,18266
446,0,year14,-.0039288673334402,-.0601845518850467,18266
446,0,rice10,-.0572545443846255,-.0601845518850467,18266
446,0,ln_gdp_hist,.0015911619723013,-.0601845518850467,18266
446,0,urban2000_10,-.0022131703450562,-.0601845518850467,18266
446,0,diff,-.0601845518850467,-.0601845518850467,18266
446,0,expl,-.0514579502174822,-.0601845518850467,18266
446,0,pr_0,.129126213592233,-.0601845518850467,18266
446,0,pr_1,.1893107654772797,-.0601845518850467,18266
447,0,edu,-.0075357613530337,-.0543641517690925,10145
447,0,plants,-.0108263287999614,-.0543641517690925,10145
447,0,age,.0018529695929241,-.0543641517690925,10145
447,0,gender,.0004351223470655,-.0543641517690925,10145
447,0,marriage,.0019761190309364,-.0543641517690925,10145
447,0,ln_income,-.0002368674212481,-.0543641517690925,10145
447,0,health,-.0012156372170534,-.0543641517690925,10145
447,0,sportsArea,.0021239904580972,-.0543641517690925,10145
447,0,year14,-.0091187802916599,-.0543641517690925,10145
447,0,rice10,-.0242923836387461,-.0543641517690925,10145
447,0,ln_gdp_hist,.0261482474422834,-.0543641517690925,10145
447,0,urban2000_10,-.034629055394917,-.0543641517690925,10145
447,0,diff,-.0543641517690925,-.0543641517690925,10145
447,0,expl,-.0553521726260455,-.0543641517690925,10145
447,0,pr_0,.1537058530923562,-.0543641517690925,10145
447,0,pr_1,.2080700048614487,-.0543641517690925,10145
448,0,edu,-.0113281416412472,-.0726146075799115,16879
448,0,plants,-.0520305448844433,-.0726146075799115,16879
448,0,age,-.0002882200390156,-.0726146075799115,16879
448,0,gender,.0000145098484105,-.0726146075799115,16879
448,0,marriage,-.0000610376853541,-.0726146075799115,16879
448,0,ln_income,.0000279416928162,-.0726146075799115,16879
448,0,health,-.0009332676040623,-.0726146075799115,16879
448,0,sportsArea,.0055150693228979,-.0726146075799115,16879
448,0,year14,-.0068158519039033,-.0726146075799115,16879
448,0,rice10,.0011248138689064,-.0726146075799115,16879
448,0,ln_gdp_hist,.0198372452663771,-.0726146075799115,16879
448,0,urban2000_10,-.016966309089483,-.0726146075799115,16879
448,0,diff,-.0726146075799115,-.0726146075799115,16879
448,0,expl,-.0619836813184535,-.0726146075799115,16879
448,0,pr_0,.1442429354702657,-.0726146075799115,16879
448,0,pr_1,.2168575430501772,-.0726146075799115,16879
449,0,edu,-.0171139666756005,-.0865098713676592,13224
449,0,plants,-.0217654415053243,-.0865098713676592,13224
449,0,age,.001300491896271,-.0865098713676592,13224
449,0,gender,.0001810072769195,-.0865098713676592,13224
449,0,marriage,.001097522244101,-.0865098713676592,13224
449,0,ln_income,.0000110894656051,-.0865098713676592,13224
449,0,health,-.0019216611242975,-.0865098713676592,13224
449,0,sportsArea,.0032452278541852,-.0865098713676592,13224
449,0,year14,-.0121477561222085,-.0865098713676592,13224
449,0,rice10,-.0333981162341542,-.0865098713676592,13224
449,0,ln_gdp_hist,-.000109022612629,-.0865098713676592,13224
449,0,urban2000_10,.0043625592601079,-.0865098713676592,13224
449,0,diff,-.0865098713676592,-.0865098713676592,13224
449,0,expl,-.0763740932223317,-.0865098713676592,13224
449,0,pr_0,.1582857142857143,-.0865098713676592,13224
449,0,pr_1,.2447955856533735,-.0865098713676592,13224
450,0,edu,-.0122550885855154,-.0763119629639503,21109
450,0,plants,-.0224340272147988,-.0763119629639503,21109
450,0,age,-.0001193683305262,-.0763119629639503,21109
450,0,gender,.0005128398989011,-.0763119629639503,21109
450,0,marriage,-.0003081913690407,-.0763119629639503,21109
450,0,ln_income,.0000705137932454,-.0763119629639503,21109
450,0,health,-.0005551027025701,-.0763119629639503,21109
450,0,sportsArea,.0067327502354053,-.0763119629639503,21109
450,0,year14,-.0036407172230421,-.0763119629639503,21109
450,0,rice10,-.0461717268826486,-.0763119629639503,21109
450,0,ln_gdp_hist,.0259812777924033,-.0763119629639503,21109
450,0,urban2000_10,-.0195460758386882,-.0763119629639503,21109
450,0,diff,-.0763119629639503,-.0763119629639503,21109
450,0,expl,-.0719183211759053,-.0763119629639503,21109
450,0,pr_0,.1526404179884307,-.0763119629639503,21109
450,0,pr_1,.228952380952381,-.0763119629639503,21109
451,0,edu,-.0101067404016148,-.0729513574421568,14296
451,0,plants,.0084431918114287,-.0729513574421568,14296
451,0,age,-.0012689853338829,-.0729513574421568,14296
451,0,gender,.0004721282143376,-.0729513574421568,14296
451,0,marriage,.0003124671040222,-.0729513574421568,14296
451,0,ln_income,.0000942081518897,-.0729513574421568,14296
451,0,health,-.0009494868719129,-.0729513574421568,14296
451,0,sportsArea,.0069389301202452,-.0729513574421568,14296
451,0,year14,-.0064152784775538,-.0729513574421568,14296
451,0,rice10,-.0496308143051808,-.0729513574421568,14296
451,0,ln_gdp_hist,-.0113235275997448,-.0729513574421568,14296
451,0,urban2000_10,-.00019105836812,-.0729513574421568,14296
451,0,diff,-.0729513574421568,-.0729513574421568,14296
451,0,expl,-.0636156634926791,-.0729513574421568,14296
451,0,pr_0,.1293247434979719,-.0729513574421568,14296
451,0,pr_1,.2022761009401287,-.0729513574421568,14296
452,0,edu,-.0056809840390801,-.0370505879324359,19651
452,0,plants,.0082313641371521,-.0370505879324359,19651
452,0,age,-.0006879227879395,-.0370505879324359,19651
452,0,gender,-.0002712809023936,-.0370505879324359,19651
452,0,marriage,-.0008386122023973,-.0370505879324359,19651
452,0,ln_income,.0001867524403964,-.0370505879324359,19651
452,0,health,-.0003405522623542,-.0370505879324359,19651
452,0,sportsArea,.0064808837704077,-.0370505879324359,19651
452,0,year14,-.0016506152839476,-.0370505879324359,19651
452,0,rice10,-.0432506132602874,-.0370505879324359,19651
452,0,ln_gdp_hist,.0190226617165685,-.0370505879324359,19651
452,0,urban2000_10,-.0131275284382544,-.0370505879324359,19651
452,0,diff,-.0370505879324359,-.0370505879324359,19651
452,0,expl,-.0319646633761509,-.0370505879324359,19651
452,0,pr_0,.1518651474949274,-.0370505879324359,19651
452,0,pr_1,.1889157354273633,-.0370505879324359,19651
453,0,edu,-.0015704472771386,-.0467460361766104,18038
453,0,plants,.0049349654520149,-.0467460361766104,18038
453,0,age,-.0024428545869275,-.0467460361766104,18038
453,0,gender,-.0002015344019701,-.0467460361766104,18038
453,0,marriage,-.0015240755017446,-.0467460361766104,18038
453,0,ln_income,.0005797542734979,-.0467460361766104,18038
453,0,health,.0010262216621548,-.0467460361766104,18038
453,0,sportsArea,.0097846747442066,-.0467460361766104,18038
453,0,year14,.0000506100975956,-.0467460361766104,18038
453,0,rice10,-.057354726517837,-.0467460361766104,18038
453,0,ln_gdp_hist,.0046043128246462,-.0467460361766104,18038
453,0,urban2000_10,.0010680934353767,-.0467460361766104,18038
453,0,diff,-.0467460361766104,-.0467460361766104,18038
453,0,expl,-.0409677430647833,-.0467460361766104,18038
453,0,pr_0,.1188075405523893,-.0467460361766104,18038
453,0,pr_1,.1655535767289997,-.0467460361766104,18038
454,0,edu,-.0104770104878581,-.066545064076385,7603
454,0,plants,-.0175199561828044,-.066545064076385,7603
454,0,age,.0035193490183476,-.066545064076385,7603
454,0,gender,.0026433514506108,-.066545064076385,7603
454,0,marriage,.000446912267336,-.066545064076385,7603
454,0,ln_income,-.0012586992965154,-.066545064076385,7603
454,0,health,-.0042785490317106,-.066545064076385,7603
454,0,sportsArea,-.00004912838326,-.066545064076385,7603
454,0,year14,-.0171093165342725,-.066545064076385,7603
454,0,rice10,-.0443802781551161,-.066545064076385,7603
454,0,ln_gdp_hist,.0158159475508187,-.066545064076385,7603
454,0,urban2000_10,.0048476130196819,-.066545064076385,7603
454,0,diff,-.066545064076385,-.066545064076385,7603
454,0,expl,-.0673407497292507,-.066545064076385,7603
454,0,pr_0,.1826981246218996,-.066545064076385,7603
454,0,pr_1,.2492431886982846,-.066545064076385,7603
455,0,edu,-.0156175983189242,-.1069996908734782,14003
455,0,plants,.029973120218041,-.1069996908734782,14003
455,0,age,.0041473380931842,-.1069996908734782,14003
455,0,gender,.0011677318621901,-.1069996908734782,14003
455,0,marriage,-.0011066903801748,-.1069996908734782,14003
455,0,ln_income,.0002564597265837,-.1069996908734782,14003
455,0,health,-.0007657594522353,-.1069996908734782,14003
455,0,sportsArea,.0000828034287136,-.1069996908734782,14003
455,0,year14,-.0186493190998076,-.1069996908734782,14003
455,0,rice10,-.0906389713157455,-.1069996908734782,14003
455,0,ln_gdp_hist,-.0108141331768197,-.1069996908734782,14003
455,0,urban2000_10,-.0013458014364558,-.1069996908734782,14003
455,0,diff,-.1069996908734782,-.1069996908734782,14003
455,0,expl,-.103290985728703,-.1069996908734782,14003
455,0,pr_0,.1381863047501542,-.1069996908734782,14003
455,0,pr_1,.2451859956236324,-.1069996908734782,14003
456,0,edu,-.0086748964853855,-.0568551336977033,18146
456,0,plants,-.035724109774676,-.0568551336977033,18146
456,0,age,.0025233780020747,-.0568551336977033,18146
456,0,gender,.0007001290340231,-.0568551336977033,18146
456,0,marriage,.0013301814338483,-.0568551336977033,18146
456,0,ln_income,-.0004769720039661,-.0568551336977033,18146
456,0,health,-.0013632105828462,-.0568551336977033,18146
456,0,sportsArea,.0069212412739607,-.0568551336977033,18146
456,0,year14,-.0062466914706402,-.0568551336977033,18146
456,0,rice10,-.0229766061564211,-.0568551336977033,18146
456,0,ln_gdp_hist,-.025703704109598,-.0568551336977033,18146
456,0,urban2000_10,.0414420783841996,-.0568551336977033,18146
456,0,diff,-.0568551336977033,-.0568551336977033,18146
456,0,expl,-.0483104195496958,-.0568551336977033,18146
456,0,pr_0,.1918153957093925,-.0568551336977033,18146
456,0,pr_1,.2486705294070958,-.0568551336977033,18146
457,0,edu,-.0149032390388246,-.0932203538218759,11012
457,0,plants,-.0155262328247219,-.0932203538218759,11012
457,0,age,.0033337780346009,-.0932203538218759,11012
457,0,gender,.0006508306726079,-.0932203538218759,11012
457,0,marriage,-.0000380491310454,-.0932203538218759,11012
457,0,ln_income,.000119412155854,-.0932203538218759,11012
457,0,health,-.0006965562144047,-.0932203538218759,11012
457,0,sportsArea,-.0024209858980332,-.0932203538218759,11012
457,0,year14,-.020554312468792,-.0932203538218759,11012
457,0,rice10,-.0390805113018562,-.0932203538218759,11012
457,0,ln_gdp_hist,-.0016832855809587,-.0932203538218759,11012
457,0,urban2000_10,.0000171131907282,-.0932203538218759,11012
457,0,diff,-.0932203538218759,-.0932203538218759,11012
457,0,expl,-.0906616632131893,-.0932203538218759,11012
457,0,pr_0,.1595878361397336,-.0932203538218759,11012
457,0,pr_1,.2528081899616095,-.0932203538218759,11012
458,0,edu,-.0011045011480332,-.0186336995136968,19160
458,0,plants,.0103161759012423,-.0186336995136968,19160
458,0,age,.0014152595757036,-.0186336995136968,19160
458,0,gender,.0002161299925205,-.0186336995136968,19160
458,0,marriage,-.0006876024114264,-.0186336995136968,19160
458,0,ln_income,.00037702061462,-.0186336995136968,19160
458,0,health,-.0007120113881149,-.0186336995136968,19160
458,0,sportsArea,.0049191112875466,-.0186336995136968,19160
458,0,year14,-.0025697674822149,-.0186336995136968,19160
458,0,rice10,-.0582314157754458,-.0186336995136968,19160
458,0,ln_gdp_hist,.0641358461429283,-.0186336995136968,19160
458,0,urban2000_10,-.0380627330341004,-.0186336995136968,19160
458,0,diff,-.0186336995136968,-.0186336995136968,19160
458,0,expl,-.0198007140496261,-.0186336995136968,19160
458,0,pr_0,.1747188341517504,-.0186336995136968,19160
458,0,pr_1,.1933525336654472,-.0186336995136968,19160
459,0,edu,-.0004450547582899,.0044205645821911,20226
459,0,plants,-.0031218393654756,.0044205645821911,20226
459,0,age,-.0010676150681279,.0044205645821911,20226
459,0,gender,-.0002773307720044,.0044205645821911,20226
459,0,marriage,-.0011807271310691,.0044205645821911,20226
459,0,ln_income,.0000862229461647,.0044205645821911,20226
459,0,health,-.000514230541708,.0044205645821911,20226
459,0,sportsArea,.0062603223580058,.0044205645821911,20226
459,0,year14,.0010137209892464,.0044205645821911,20226
459,0,rice10,-.0126726541142749,.0044205645821911,20226
459,0,ln_gdp_hist,-.0015923866212609,.0044205645821911,20226
459,0,urban2000_10,.0182453669324317,.0044205645821911,20226
459,0,diff,.0044205645821911,.0044205645821911,20226
459,0,expl,.0045906557470284,.0044205645821911,20226
459,0,pr_0,.1628782958825822,.0044205645821911,20226
459,0,pr_1,.1584577313003911,.0044205645821911,20226
460,0,edu,-.0155176676405691,-.0869616901910667,15983
460,0,plants,-.0268228368497966,-.0869616901910667,15983
460,0,age,-.0003819021724019,-.0869616901910667,15983
460,0,gender,.0008607261137538,-.0869616901910667,15983
460,0,marriage,.0008017138798799,-.0869616901910667,15983
460,0,ln_income,-.0002482511821517,-.0869616901910667,15983
460,0,health,-.0010705333590412,-.0869616901910667,15983
460,0,sportsArea,.0049525592356705,-.0869616901910667,15983
460,0,year14,-.0129426636395997,-.0869616901910667,15983
460,0,rice10,-.0269083097091872,-.0869616901910667,15983
460,0,ln_gdp_hist,-.0002929425833895,-.0869616901910667,15983
460,0,urban2000_10,.0017909519715624,-.0869616901910667,15983
460,0,diff,-.0869616901910667,-.0869616901910667,15983
460,0,expl,-.0756624741716211,-.0869616901910667,15983
460,0,pr_0,.1610456672583508,-.0869616901910667,15983
460,0,pr_1,.2480073574494175,-.0869616901910667,15983
461,0,edu,-.0007620440798342,-.0159265554552566,17596
461,0,plants,-.0174975428733834,-.0159265554552566,17596
461,0,age,.0009494915578299,-.0159265554552566,17596
461,0,gender,-6.40597086374e-06,-.0159265554552566,17596
461,0,marriage,.0003073514460071,-.0159265554552566,17596
461,0,ln_income,-.0002684693276127,-.0159265554552566,17596
461,0,health,-.0005736716973359,-.0159265554552566,17596
461,0,sportsArea,.0089491675967023,-.0159265554552566,17596
461,0,year14,-.0010763474026282,-.0159265554552566,17596
461,0,rice10,-.0532741321708742,-.0159265554552566,17596
461,0,ln_gdp_hist,.083692102743279,-.0159265554552566,17596
461,0,urban2000_10,-.0366360059181278,-.0159265554552566,17596
461,0,diff,-.0159265554552566,-.0159265554552566,17596
461,0,expl,-.0160339680243066,-.0159265554552566,17596
461,0,pr_0,.1811166591012256,-.0159265554552566,17596
461,0,pr_1,.1970432145564822,-.0159265554552566,17596
462,0,edu,-.0021123691873835,-.0426792402913311,19382
462,0,plants,.0022033661697064,-.0426792402913311,19382
462,0,age,.0003352907284748,-.0426792402913311,19382
462,0,gender,.0003490902822659,-.0426792402913311,19382
462,0,marriage,-.0003039857966576,-.0426792402913311,19382
462,0,ln_income,.0001495387616115,-.0426792402913311,19382
462,0,health,-.0004479004971893,-.0426792402913311,19382
462,0,sportsArea,.0065467130738333,-.0426792402913311,19382
462,0,year14,-.0016428963884639,-.0426792402913311,19382
462,0,rice10,-.0517031570379582,-.0426792402913311,19382
462,0,ln_gdp_hist,.0234221367501656,-.0426792402913311,19382
462,0,urban2000_10,-.0156601033016571,-.0426792402913311,19382
462,0,diff,-.0426792402913311,-.0426792402913311,19382
462,0,expl,-.0386806115965307,-.0426792402913311,19382
462,0,pr_0,.1518568928640871,-.0426792402913311,19382
462,0,pr_1,.1945361331554182,-.0426792402913311,19382
463,0,edu,-.0093622733626533,-.0354177645994989,18636
463,0,plants,.0564242169244306,-.0354177645994989,18636
463,0,age,.0019622631526912,-.0354177645994989,18636
463,0,gender,7.63659504399e-07,-.0354177645994989,18636
463,0,marriage,-.0002503979060343,-.0354177645994989,18636
463,0,ln_income,.0002933748434656,-.0354177645994989,18636
463,0,health,-.0004321473685674,-.0354177645994989,18636
463,0,sportsArea,.0035587681530797,-.0354177645994989,18636
463,0,year14,-.0084253542680577,-.0354177645994989,18636
463,0,rice10,-.0626111611982181,-.0354177645994989,18636
463,0,ln_gdp_hist,.0198873033484515,-.0354177645994989,18636
463,0,urban2000_10,-.0349212167770097,-.0354177645994989,18636
463,0,diff,-.0354177645994989,-.0354177645994989,18636
463,0,expl,-.0338134742369037,-.0354177645994989,18636
463,0,pr_0,.1786595785076894,-.0354177645994989,18636
463,0,pr_1,.2140773431071883,-.0354177645994989,18636
464,0,edu,-.0080210281471342,-.0863924824557409,17087
464,0,plants,-.0361255818885243,-.0863924824557409,17087
464,0,age,-.0032819681662973,-.0863924824557409,17087
464,0,gender,-.0001012262589577,-.0863924824557409,17087
464,0,marriage,-.0006943318082328,-.0863924824557409,17087
464,0,ln_income,.0002419724998439,-.0863924824557409,17087
464,0,health,.0000181132447738,-.0863924824557409,17087
464,0,sportsArea,.0117921542518421,-.0863924824557409,17087
464,0,year14,-.0012104424870481,-.0863924824557409,17087
464,0,rice10,-.0469297588585959,-.0863924824557409,17087
464,0,ln_gdp_hist,.0063995208294058,-.0863924824557409,17087
464,0,urban2000_10,-.0031511902469592,-.0863924824557409,17087
464,0,diff,-.0863924824557409,-.0863924824557409,17087
464,0,expl,-.0810321038576865,-.0863924824557409,17087
464,0,pr_0,.1358392259024935,-.0863924824557409,17087
464,0,pr_1,.2222317083582344,-.0863924824557409,17087
465,0,edu,-.0100356301561796,-.1078395430947617,19572
465,0,plants,-.0247118373140956,-.1078395430947617,19572
465,0,age,-.0023700057837306,-.1078395430947617,19572
465,0,gender,.0003631902804233,-.1078395430947617,19572
465,0,marriage,-.0016578108737549,-.1078395430947617,19572
465,0,ln_income,.0004873225967719,-.1078395430947617,19572
465,0,health,-.0001161471511964,-.1078395430947617,19572
465,0,sportsArea,.0114277253754493,-.1078395430947617,19572
465,0,year14,-.0036232475012722,-.1078395430947617,19572
465,0,rice10,-.0569058104005015,-.1078395430947617,19572
465,0,ln_gdp_hist,-.0119437389227035,-.1078395430947617,19572
465,0,urban2000_10,-.0050712874728932,-.1078395430947617,19572
465,0,diff,-.1078395430947617,-.1078395430947617,19572
465,0,expl,-.1040291216635942,-.1078395430947617,19572
465,0,pr_0,.119755600814664,-.1078395430947617,19572
465,0,pr_1,.2275951439094257,-.1078395430947617,19572
466,0,edu,-.0043642190554142,-.0406624347684298,29516
466,0,plants,.0400666353760308,-.0406624347684298,29516
466,0,age,-.0017274177104822,-.0406624347684298,29516
466,0,gender,-.000116837821147,-.0406624347684298,29516
466,0,marriage,-.0023360872985117,-.0406624347684298,29516
466,0,ln_income,.0003971035665193,-.0406624347684298,29516
466,0,health,.0007358036247112,-.0406624347684298,29516
466,0,sportsArea,.0057214887720168,-.0406624347684298,29516
466,0,year14,-.001271045356547,-.0406624347684298,29516
466,0,rice10,-.0725043578289654,-.0406624347684298,29516
466,0,ln_gdp_hist,.0067282275468906,-.0406624347684298,29516
466,0,urban2000_10,-.0063086336340036,-.0406624347684298,29516
466,0,diff,-.0406624347684298,-.0406624347684298,29516
466,0,expl,-.0350405595974489,-.0406624347684298,29516
466,0,pr_0,.1274948382656573,-.0406624347684298,29516
466,0,pr_1,.1681572730340871,-.0406624347684298,29516
467,0,edu,-.0121511887908888,-.0836259733124167,13919
467,0,plants,-.0156085732524003,-.0836259733124167,13919
467,0,age,.0006969932966233,-.0836259733124167,13919
467,0,gender,.0003656558840163,-.0836259733124167,13919
467,0,marriage,-.0013913625034001,-.0836259733124167,13919
467,0,ln_income,.000549860007244,-.0836259733124167,13919
467,0,health,-.0007110361056554,-.0836259733124167,13919
467,0,sportsArea,.004540853088543,-.0836259733124167,13919
467,0,year14,-.0101398744098601,-.0836259733124167,13919
467,0,rice10,-.0392008980497215,-.0836259733124167,13919
467,0,ln_gdp_hist,-.0092063970035084,-.0836259733124167,13919
467,0,urban2000_10,-.0010741690165481,-.0836259733124167,13919
467,0,diff,-.0836259733124167,-.0836259733124167,13919
467,0,expl,-.0832743134626109,-.0836259733124167,13919
467,0,pr_0,.1278930566640064,-.0836259733124167,13919
467,0,pr_1,.2115190299764231,-.0836259733124167,13919
468,0,edu,-.016098728203973,-.1123522787103873,12597
468,0,plants,-.0273810838600658,-.1123522787103873,12597
468,0,age,-.0032582536110024,-.1123522787103873,12597
468,0,gender,.0009584325011109,-.1123522787103873,12597
468,0,marriage,-.0001433374667113,-.1123522787103873,12597
468,0,ln_income,.0002121175009152,-.1123522787103873,12597
468,0,health,-.0007912505726308,-.1123522787103873,12597
468,0,sportsArea,.0096084928127765,-.1123522787103873,12597
468,0,year14,-.0075756861070742,-.1123522787103873,12597
468,0,rice10,-.0591380421582046,-.1123522787103873,12597
468,0,ln_gdp_hist,-.0045438344209215,-.1123522787103873,12597
468,0,urban2000_10,.000773881042554,-.1123522787103873,12597
468,0,diff,-.1123522787103873,-.1123522787103873,12597
468,0,expl,-.1073032972400618,-.1123522787103873,12597
468,0,pr_0,.1389880327524669,-.1123522787103873,12597
468,0,pr_1,.2513403114628542,-.1123522787103873,12597
469,0,edu,-.0054651637220001,-.0549616502995681,19881
469,0,plants,-.0482515093221933,-.0549616502995681,19881
469,0,age,.0009731403852346,-.0549616502995681,19881
469,0,gender,-.0001121303928048,-.0549616502995681,19881
469,0,marriage,.0004072908079127,-.0549616502995681,19881
469,0,ln_income,-.0003421227656196,-.0549616502995681,19881
469,0,health,-.0010555990314255,-.0549616502995681,19881
469,0,sportsArea,.0065446256331443,-.0549616502995681,19881
469,0,year14,-.0049822371621773,-.0549616502995681,19881
469,0,rice10,-.0253708827602361,-.0549616502995681,19881
469,0,ln_gdp_hist,.0458616431233345,-.0549616502995681,19881
469,0,urban2000_10,-.0182789867903291,-.0549616502995681,19881
469,0,diff,-.0549616502995681,-.0549616502995681,19881
469,0,expl,-.0500763104777455,-.0549616502995681,19881
469,0,pr_0,.1639450492483152,-.0549616502995681,19881
469,0,pr_1,.2189066995478833,-.0549616502995681,19881
470,0,edu,-.0079007950064571,-.0814451071780803,14403
470,0,plants,-.0531604094160031,-.0814451071780803,14403
470,0,age,.0002061978377686,-.0814451071780803,14403
470,0,gender,.0002868538636039,-.0814451071780803,14403
470,0,marriage,.0011281684045079,-.0814451071780803,14403
470,0,ln_income,-.0002737409453747,-.0814451071780803,14403
470,0,health,-.0011188367499525,-.0814451071780803,14403
470,0,sportsArea,.0083357805257787,-.0814451071780803,14403
470,0,year14,-.0057890837545937,-.0814451071780803,14403
470,0,rice10,-.0564087387853081,-.0814451071780803,14403
470,0,ln_gdp_hist,.0316691888241105,-.0814451071780803,14403
470,0,urban2000_10,.0046083012530467,-.0814451071780803,14403
470,0,diff,-.0814451071780803,-.0814451071780803,14403
470,0,expl,-.0783076124527553,-.0814451071780803,14403
470,0,pr_0,.168668220111131,-.0814451071780803,14403
470,0,pr_1,.2501133272892113,-.0814451071780803,14403
471,0,edu,-.0068447358402845,-.0609637013441545,17204
471,0,plants,-.0208745765135444,-.0609637013441545,17204
471,0,age,.0013303545386671,-.0609637013441545,17204
471,0,gender,.0003079884244251,-.0609637013441545,17204
471,0,marriage,.002581618055761,-.0609637013441545,17204
471,0,ln_income,-.0002154243210062,-.0609637013441545,17204
471,0,health,-.0029701836398778,-.0609637013441545,17204
471,0,sportsArea,.006218874100754,-.0609637013441545,17204
471,0,year14,-.0065683601450566,-.0609637013441545,17204
471,0,rice10,-.0483973243856076,-.0609637013441545,17204
471,0,ln_gdp_hist,-.002151138605858,-.0609637013441545,17204
471,0,urban2000_10,.0191392577649473,-.0609637013441545,17204
471,0,diff,-.0609637013441545,-.0609637013441545,17204
471,0,expl,-.0584397990054649,-.0609637013441545,17204
471,0,pr_0,.1826159632260761,-.0609637013441545,17204
471,0,pr_1,.2435796645702306,-.0609637013441545,17204
472,0,edu,-.0071456507295636,-.0536771619040326,13393
472,0,plants,-.013780630651803,-.0536771619040326,13393
472,0,age,.0004885431408055,-.0536771619040326,13393
472,0,gender,.0003629634515476,-.0536771619040326,13393
472,0,marriage,-.0004250313250693,-.0536771619040326,13393
472,0,ln_income,-.0001633554199585,-.0536771619040326,13393
472,0,health,-.0014923737897735,-.0536771619040326,13393
472,0,sportsArea,.0029366844800684,-.0536771619040326,13393
472,0,year14,-.0050785996721055,-.0536771619040326,13393
472,0,rice10,-.0434098499539183,-.0536771619040326,13393
472,0,ln_gdp_hist,.0138942097386173,-.0536771619040326,13393
472,0,urban2000_10,-.0004164265168492,-.0536771619040326,13393
472,0,diff,-.0536771619040326,-.0536771619040326,13393
472,0,expl,-.0542441780210333,-.0536771619040326,13393
472,0,pr_0,.1484848484848485,-.0536771619040326,13393
472,0,pr_1,.2021620103888811,-.0536771619040326,13393
473,0,edu,-.0097118908227152,-.1217887952413004,19671
473,0,plants,-.0332283490923217,-.1217887952413004,19671
473,0,age,.0006695065393706,-.1217887952413004,19671
473,0,gender,.0006625835691062,-.1217887952413004,19671
473,0,marriage,-.0006990987728046,-.1217887952413004,19671
473,0,ln_income,-.0001163331169685,-.1217887952413004,19671
473,0,health,-.000215827382605,-.1217887952413004,19671
473,0,sportsArea,.0014526352960513,-.1217887952413004,19671
473,0,year14,-.0104081017300891,-.1217887952413004,19671
473,0,rice10,-.0680711390906787,-.1217887952413004,19671
473,0,ln_gdp_hist,-.0001515841914835,-.1217887952413004,19671
473,0,urban2000_10,.004706506456174,-.1217887952413004,19671
473,0,diff,-.1217887952413004,-.1217887952413004,19671
473,0,expl,-.1151877693543079,-.1217887952413004,19671
473,0,pr_0,.1322717622080679,-.1217887952413004,19671
473,0,pr_1,.2540605574493683,-.1217887952413004,19671
474,0,edu,-.0057518708474642,-.036376744152799,12350
474,0,plants,.0109677489359929,-.036376744152799,12350
474,0,age,.0004271952145525,-.036376744152799,12350
474,0,gender,.0005853994539716,-.036376744152799,12350
474,0,marriage,.0001704494410636,-.036376744152799,12350
474,0,ln_income,-.0001286535784611,-.036376744152799,12350
474,0,health,-.0013989778164383,-.036376744152799,12350
474,0,sportsArea,.0048647893717407,-.036376744152799,12350
474,0,year14,-.005081324614648,-.036376744152799,12350
474,0,rice10,-.0465042065975524,-.036376744152799,12350
474,0,ln_gdp_hist,.002868132147595,-.036376744152799,12350
474,0,urban2000_10,.0035384805185698,-.036376744152799,12350
474,0,diff,-.036376744152799,-.036376744152799,12350
474,0,expl,-.0353304144289839,-.036376744152799,12350
474,0,pr_0,.1470528248011422,-.036376744152799,12350
474,0,pr_1,.1834295689539412,-.036376744152799,12350
475,0,edu,-.0154471833350206,-.0839238832292969,16521
475,0,plants,-.0372026902544753,-.0839238832292969,16521
475,0,age,.0026546457174584,-.0839238832292969,16521
475,0,gender,.001027835541517,-.0839238832292969,16521
475,0,marriage,.0011993335305358,-.0839238832292969,16521
475,0,ln_income,-.0002923575101075,-.0839238832292969,16521
475,0,health,-.0019974191058254,-.0839238832292969,16521
475,0,sportsArea,.0039354184627051,-.0839238832292969,16521
475,0,year14,-.0104319558909114,-.0839238832292969,16521
475,0,rice10,-.0260846429918594,-.0839238832292969,16521
475,0,ln_gdp_hist,.0068936456421979,-.0839238832292969,16521
475,0,urban2000_10,-.0015658967131424,-.0839238832292969,16521
475,0,diff,-.0839238832292969,-.0839238832292969,16521
475,0,expl,-.0772817916281151,-.0839238832292969,16521
475,0,pr_0,.1619729514717582,-.0839238832292969,16521
475,0,pr_1,.2458968347010551,-.0839238832292969,16521
476,0,edu,-.016177658424498,-.0886058094627723,12132
476,0,plants,-.0114382823162338,-.0886058094627723,12132
476,0,age,-.0008675765143245,-.0886058094627723,12132
476,0,gender,.000816952536119,-.0886058094627723,12132
476,0,marriage,.0011075853204275,-.0886058094627723,12132
476,0,ln_income,-.0001194077799752,-.0886058094627723,12132
476,0,health,-.0011862072743537,-.0886058094627723,12132
476,0,sportsArea,.0017703512997951,-.0886058094627723,12132
476,0,year14,-.0151674132325588,-.0886058094627723,12132
476,0,rice10,-.0378029028654922,-.0886058094627723,12132
476,0,ln_gdp_hist,.0017047964116973,-.0886058094627723,12132
476,0,urban2000_10,.0048535420552526,-.0886058094627723,12132
476,0,diff,-.0886058094627723,-.0886058094627723,12132
476,0,expl,-.0726230964192749,-.0886058094627723,12132
476,0,pr_0,.1302247427011132,-.0886058094627723,12132
476,0,pr_1,.2188305521638855,-.0886058094627723,12132
477,0,edu,-.0122664705333718,-.1103348140785679,10492
477,0,plants,-.0997344444393426,-.1103348140785679,10492
477,0,age,.0046845737609158,-.1103348140785679,10492
477,0,gender,.0007686066210955,-.1103348140785679,10492
477,0,marriage,.0006488320202354,-.1103348140785679,10492
477,0,ln_income,-.0030488676222228,-.1103348140785679,10492
477,0,health,-.0013568768116218,-.1103348140785679,10492
477,0,sportsArea,.0003572773158212,-.1103348140785679,10492
477,0,year14,-.0115852561337228,-.1103348140785679,10492
477,0,rice10,-.0112195677867691,-.1103348140785679,10492
477,0,ln_gdp_hist,.0063045127116904,-.1103348140785679,10492
477,0,urban2000_10,.018285185635563,-.1103348140785679,10492
477,0,diff,-.1103348140785679,-.1103348140785679,10492
477,0,expl,-.1081446455176554,-.1103348140785679,10492
477,0,pr_0,.1521790902595856,-.1103348140785679,10492
477,0,pr_1,.2625139043381535,-.1103348140785679,10492
478,0,edu,-.0100817440279248,-.0705294692333342,18403
478,0,plants,-.0098969795140877,-.0705294692333342,18403
478,0,age,.0041748963860483,-.0705294692333342,18403
478,0,gender,.000318833070721,-.0705294692333342,18403
478,0,marriage,-.000768386092516,-.0705294692333342,18403
478,0,ln_income,-.0001750920610093,-.0705294692333342,18403
478,0,health,-.0006145953980674,-.0705294692333342,18403
478,0,sportsArea,.0019152926293099,-.0705294692333342,18403
478,0,year14,-.0095619092160386,-.0705294692333342,18403
478,0,rice10,-.043818812532431,-.0705294692333342,18403
478,0,ln_gdp_hist,.0207635815636588,-.0705294692333342,18403
478,0,urban2000_10,-.0231331765909134,-.0705294692333342,18403
478,0,diff,-.0705294692333342,-.0705294692333342,18403
478,0,expl,-.0708702166925118,-.0705294692333342,18403
478,0,pr_0,.1504725897920605,-.0705294692333342,18403
478,0,pr_1,.2210020590253947,-.0705294692333342,18403
479,0,edu,-.0150370856633696,-.0982004127990373,16970
479,0,plants,-.0281140892899331,-.0982004127990373,16970
479,0,age,.0011725249551493,-.0982004127990373,16970
479,0,gender,.000946902891868,-.0982004127990373,16970
479,0,marriage,.0009408405086457,-.0982004127990373,16970
479,0,ln_income,-.0004359271977747,-.0982004127990373,16970
479,0,health,-.0011347095088562,-.0982004127990373,16970
479,0,sportsArea,.0080508217924906,-.0982004127990373,16970
479,0,year14,-.008955289654483,-.0982004127990373,16970
479,0,rice10,-.056693507993067,-.0982004127990373,16970
479,0,ln_gdp_hist,.0054881616345192,-.0982004127990373,16970
479,0,urban2000_10,-.0042724964225924,-.0982004127990373,16970
479,0,diff,-.0982004127990373,-.0982004127990373,16970
479,0,expl,-.0980807346140348,-.0982004127990373,16970
479,0,pr_0,.1565740356698465,-.0982004127990373,16970
479,0,pr_1,.2547744484688838,-.0982004127990373,16970
480,0,edu,-.0070607369852199,-.0448478627677296,15046
480,0,plants,-.0297891780606584,-.0448478627677296,15046
480,0,age,.0008714523292258,-.0448478627677296,15046
480,0,gender,.0002923369802764,-.0448478627677296,15046
480,0,marriage,.0000432205773626,-.0448478627677296,15046
480,0,ln_income,-.0003159986413401,-.0448478627677296,15046
480,0,health,-.0011579965103602,-.0448478627677296,15046
480,0,sportsArea,.0059961875889609,-.0448478627677296,15046
480,0,year14,-.0089149276955371,-.0448478627677296,15046
480,0,rice10,-.0113923379429787,-.0448478627677296,15046
480,0,ln_gdp_hist,.0279649938763564,-.0448478627677296,15046
480,0,urban2000_10,-.0146682646258776,-.0448478627677296,15046
480,0,diff,-.0448478627677296,-.0448478627677296,15046
480,0,expl,-.0382054405629369,-.0448478627677296,15046
480,0,pr_0,.1602331810304081,-.0448478627677296,15046
480,0,pr_1,.2050810437981377,-.0448478627677296,15046
481,0,edu,-.0043610794477897,-.0153232283036504,16104
481,0,plants,.017285765929517,-.0153232283036504,16104
481,0,age,.0023517249235926,-.0153232283036504,16104
481,0,gender,.0004442005431956,-.0153232283036504,16104
481,0,marriage,.0007635735810387,-.0153232283036504,16104
481,0,ln_income,-.0001331857576504,-.0153232283036504,16104
481,0,health,-.0023946075078459,-.0153232283036504,16104
481,0,sportsArea,.0024134560014846,-.0153232283036504,16104
481,0,year14,-.0042268374098832,-.0153232283036504,16104
481,0,rice10,-.0377401589291225,-.0153232283036504,16104
481,0,ln_gdp_hist,.02003488931271,-.0153232283036504,16104
481,0,urban2000_10,-.0117298250401623,-.0153232283036504,16104
481,0,diff,-.0153232283036504,-.0153232283036504,16104
481,0,expl,-.0172587171874105,-.0153232283036504,16104
481,0,pr_0,.1741469630468639,-.0153232283036504,16104
481,0,pr_1,.1894701913505143,-.0153232283036504,16104
482,0,edu,.0037302971425269,.0039000212316368,14559
482,0,plants,-.001875814572459,.0039000212316368,14559
482,0,age,-.001900842546807,.0039000212316368,14559
482,0,gender,-.0006784674767492,.0039000212316368,14559
482,0,marriage,-.0009091642785537,.0039000212316368,14559
482,0,ln_income,.0002543851069213,.0039000212316368,14559
482,0,health,-.0004152052339456,.0039000212316368,14559
482,0,sportsArea,.003018579397125,.0039000212316368,14559
482,0,year14,-.0003174002605816,.0039000212316368,14559
482,0,rice10,-.0195488484993154,.0039000212316368,14559
482,0,ln_gdp_hist,-.0258458293624758,.0039000212316368,14559
482,0,urban2000_10,.0497031814213465,.0039000212316368,14559
482,0,diff,.0039000212316368,.0039000212316368,14559
482,0,expl,.0051601180325397,.0039000212316368,14559
482,0,pr_0,.1653572081125525,.0039000212316368,14559
482,0,pr_1,.1614571868809157,.0039000212316368,14559
483,0,edu,-.0033158702926939,.0013320067641526,15792
483,0,plants,.0365975036827005,.0013320067641526,15792
483,0,age,-.000743139440665,.0013320067641526,15792
483,0,gender,-.0001202299176161,.0013320067641526,15792
483,0,marriage,-.001412203321857,.0013320067641526,15792
483,0,ln_income,.0002789274379693,.0013320067641526,15792
483,0,health,-.000189479755266,.0013320067641526,15792
483,0,sportsArea,.0023468065508549,.0013320067641526,15792
483,0,year14,-.0051405966649296,.0013320067641526,15792
483,0,rice10,-.0320804178629291,.0013320067641526,15792
483,0,ln_gdp_hist,.0148597118960707,.0013320067641526,15792
483,0,urban2000_10,-.0096592436225542,.0013320067641526,15792
483,0,diff,.0013320067641526,.0013320067641526,15792
483,0,expl,.0015905336086177,.0013320067641526,15792
483,0,pr_0,.1738591781953335,.0013320067641526,15792
483,0,pr_1,.1725271714311809,.0013320067641526,15792
484,0,edu,-.0158498283163623,-.0592022284361767,12331
484,0,plants,.0060434647265563,-.0592022284361767,12331
484,0,age,.0008983890099195,-.0592022284361767,12331
484,0,gender,.0002002334395246,-.0592022284361767,12331
484,0,marriage,-.0001538769859439,-.0592022284361767,12331
484,0,ln_income,.0000920034979773,-.0592022284361767,12331
484,0,health,-.0004045129152647,-.0592022284361767,12331
484,0,sportsArea,-.0005743220989397,-.0592022284361767,12331
484,0,year14,-.0077500421220219,-.0592022284361767,12331
484,0,rice10,-.0351770180021,-.0592022284361767,12331
484,0,ln_gdp_hist,-.0048271911047182,-.0592022284361767,12331
484,0,urban2000_10,.0009900642075109,-.0592022284361767,12331
484,0,diff,-.0592022284361767,-.0592022284361767,12331
484,0,expl,-.0565880922632205,-.0592022284361767,12331
484,0,pr_0,.1384721901684745,-.0592022284361767,12331
484,0,pr_1,.1976744186046512,-.0592022284361767,12331
485,0,edu,-.0092466350680354,-.0572433364486169,17535
485,0,plants,-.0387847087328886,-.0572433364486169,17535
485,0,age,-.0001941678060509,-.0572433364486169,17535
485,0,gender,.0000335119693959,-.0572433364486169,17535
485,0,marriage,.0004670562237163,-.0572433364486169,17535
485,0,ln_income,-.0001717735781355,-.0572433364486169,17535
485,0,health,-.0011304407888828,-.0572433364486169,17535
485,0,sportsArea,.0063292581489765,-.0572433364486169,17535
485,0,year14,-.004881197766575,-.0572433364486169,17535
485,0,rice10,-.0093544331896114,-.0572433364486169,17535
485,0,ln_gdp_hist,.0132021457079092,-.0572433364486169,17535
485,0,urban2000_10,-.0059101891180937,-.0572433364486169,17535
485,0,diff,-.0572433364486169,-.0572433364486169,17535
485,0,expl,-.0495652454214015,-.0572433364486169,17535
485,0,pr_0,.1490190421234853,-.0572433364486169,17535
485,0,pr_1,.2062623785721022,-.0572433364486169,17535
486,0,edu,-.0071157417624859,-.0644783020169956,12086
486,0,plants,-.039412949315083,-.0644783020169956,12086
486,0,age,.0017211284785461,-.0644783020169956,12086
486,0,gender,.0008838651816535,-.0644783020169956,12086
486,0,marriage,.0016082501508543,-.0644783020169956,12086
486,0,ln_income,-.0004194339428861,-.0644783020169956,12086
486,0,health,-.0029272916914218,-.0644783020169956,12086
486,0,sportsArea,.0056156780934183,-.0644783020169956,12086
486,0,year14,-.0049018506733301,-.0644783020169956,12086
486,0,rice10,-.0572426036501473,-.0644783020169956,12086
486,0,ln_gdp_hist,.0244410470274631,-.0644783020169956,12086
486,0,urban2000_10,.0150181245982072,-.0644783020169956,12086
486,0,diff,-.0644783020169956,-.0644783020169956,12086
486,0,expl,-.0627342587932398,-.0644783020169956,12086
486,0,pr_0,.184775429326288,-.0644783020169956,12086
486,0,pr_1,.2492537313432836,-.0644783020169956,12086
487,0,edu,-.0038289012817328,-.0361888415776988,13211
487,0,plants,.0135632264682769,-.0361888415776988,13211
487,0,age,-.0006520145112985,-.0361888415776988,13211
487,0,gender,.0003187357500106,-.0361888415776988,13211
487,0,marriage,-.0003939664378614,-.0361888415776988,13211
487,0,ln_income,.0003643314530395,-.0361888415776988,13211
487,0,health,-.0005627379884538,-.0361888415776988,13211
487,0,sportsArea,.0052653889945883,-.0361888415776988,13211
487,0,year14,-.0035406066809669,-.0361888415776988,13211
487,0,rice10,-.0549041765846952,-.0361888415776988,13211
487,0,ln_gdp_hist,.0069525427930236,-.0361888415776988,13211
487,0,urban2000_10,.0025600677703307,-.0361888415776988,13211
487,0,diff,-.0361888415776988,-.0361888415776988,13211
487,0,expl,-.0349607885188836,-.0361888415776988,13211
487,0,pr_0,.1480327868852459,-.0361888415776988,13211
487,0,pr_1,.1842216284629447,-.0361888415776988,13211
488,0,edu,-.0082640405992949,-.0820370004174632,16666
488,0,plants,-.0214649296295284,-.0820370004174632,16666
488,0,age,.0009189841803498,-.0820370004174632,16666
488,0,gender,.0002827615929148,-.0820370004174632,16666
488,0,marriage,.0012180018987159,-.0820370004174632,16666
488,0,ln_income,-.0000534393866459,-.0820370004174632,16666
488,0,health,-.0015622834545883,-.0820370004174632,16666
488,0,sportsArea,.0083921973832376,-.0820370004174632,16666
488,0,year14,-.0056186326177583,-.0820370004174632,16666
488,0,rice10,-.0803004785125613,-.0820370004174632,16666
488,0,ln_gdp_hist,.0047471964445792,-.0820370004174632,16666
488,0,urban2000_10,.0183652734909298,-.0820370004174632,16666
488,0,diff,-.0820370004174632,-.0820370004174632,16666
488,0,expl,-.0832847357006249,-.0820370004174632,16666
488,0,pr_0,.1688034188034188,-.0820370004174632,16666
488,0,pr_1,.250840419220882,-.0820370004174632,16666
489,0,edu,-.007376422130717,-.0353594224723806,18513
489,0,plants,.0174923467539295,-.0353594224723806,18513
489,0,age,.0017899183859175,-.0353594224723806,18513
489,0,gender,-.0000199928211085,-.0353594224723806,18513
489,0,marriage,-.0009255041198366,-.0353594224723806,18513
489,0,ln_income,.0002729349515828,-.0353594224723806,18513
489,0,health,-.0003800945051992,-.0353594224723806,18513
489,0,sportsArea,.0054448935200281,-.0353594224723806,18513
489,0,year14,-.0038773279713981,-.0353594224723806,18513
489,0,rice10,-.0577051473987969,-.0353594224723806,18513
489,0,ln_gdp_hist,.0327567133282088,-.0353594224723806,18513
489,0,urban2000_10,-.0274822096380843,-.0353594224723806,18513
489,0,diff,-.0353594224723806,-.0353594224723806,18513
489,0,expl,-.0401403305674498,-.0353594224723806,18513
489,0,pr_0,.1630481055768412,-.0353594224723806,18513
489,0,pr_1,.1984075280492218,-.0353594224723806,18513
490,0,edu,-.0009462923602329,-.0072680923798014,14771
490,0,plants,-.0014528182153165,-.0072680923798014,14771
490,0,age,.0002690447091394,-.0072680923798014,14771
490,0,gender,-.0001988661443354,-.0072680923798014,14771
490,0,marriage,-.000328499767186,-.0072680923798014,14771
490,0,ln_income,.0000396120026311,-.0072680923798014,14771
490,0,health,.0001200940104448,-.0072680923798014,14771
490,0,sportsArea,.0034289753326212,-.0072680923798014,14771
490,0,year14,-.0011638606524988,-.0072680923798014,14771
490,0,rice10,-.0231997030713193,-.0072680923798014,14771
490,0,ln_gdp_hist,.00661685306722,-.0072680923798014,14771
490,0,urban2000_10,.0139764826643316,-.0072680923798014,14771
490,0,diff,-.0072680923798014,-.0072680923798014,14771
490,0,expl,-.0027906653705668,-.0072680923798014,14771
490,0,pr_0,.1627692307692308,-.0072680923798014,14771
490,0,pr_1,.1700373231490322,-.0072680923798014,14771
491,0,edu,-.0177434781602961,-.1236521816682462,15712
491,0,plants,-.0523419959817399,-.1236521816682462,15712
491,0,age,-.0010203672961711,-.1236521816682462,15712
491,0,gender,.0006940436546401,-.1236521816682462,15712
491,0,marriage,.0000501012186486,-.1236521816682462,15712
491,0,ln_income,-.0000420132579122,-.1236521816682462,15712
491,0,health,-.0008453468966199,-.1236521816682462,15712
491,0,sportsArea,.0030732802604283,-.1236521816682462,15712
491,0,year14,-.0085230463598276,-.1236521816682462,15712
491,0,rice10,-.0337915943473681,-.1236521816682462,15712
491,0,ln_gdp_hist,.0005407959950813,-.1236521816682462,15712
491,0,urban2000_10,.0012077409399201,-.1236521816682462,15712
491,0,diff,-.1236521816682462,-.1236521816682462,15712
491,0,expl,-.1089723667347283,-.1236521816682462,15712
491,0,pr_0,.1240944881889764,-.1236521816682462,15712
491,0,pr_1,.2477466698572226,-.1236521816682462,15712
492,0,edu,-.0213811723857421,-.1309436395457476,7503
492,0,plants,-.0167514036935743,-.1309436395457476,7503
492,0,age,.0022453741292769,-.1309436395457476,7503
492,0,gender,.0016547932172325,-.1309436395457476,7503
492,0,marriage,.000595560240262,-.1309436395457476,7503
492,0,ln_income,-.0000285486188282,-.1309436395457476,7503
492,0,health,-.0041884020052043,-.1309436395457476,7503
492,0,sportsArea,.0005086795949557,-.1309436395457476,7503
492,0,year14,-.0239612999378674,-.1309436395457476,7503
492,0,rice10,-.0360267093348153,-.1309436395457476,7503
492,0,ln_gdp_hist,-.023336825505392,-.1309436395457476,7503
492,0,urban2000_10,-.0085964443902924,-.1309436395457476,7503
492,0,diff,-.1309436395457476,-.1309436395457476,7503
492,0,expl,-.1293322103083344,-.1309436395457476,7503
492,0,pr_0,.1168949771689498,-.1309436395457476,7503
492,0,pr_1,.2478386167146974,-.1309436395457476,7503
493,0,edu,-.0112519387058091,-.0668705777273298,15799
493,0,plants,.0008917385523283,-.0668705777273298,15799
493,0,age,-.0011370160334124,-.0668705777273298,15799
493,0,gender,.0004754678859921,-.0668705777273298,15799
493,0,marriage,-.0015292202616486,-.0668705777273298,15799
493,0,ln_income,.0005175811989801,-.0668705777273298,15799
493,0,health,.0001073439235568,-.0668705777273298,15799
493,0,sportsArea,.0053407651548639,-.0668705777273298,15799
493,0,year14,-.0051027173698522,-.0668705777273298,15799
493,0,rice10,-.0522188910362558,-.0668705777273298,15799
493,0,ln_gdp_hist,.0031143210006303,-.0668705777273298,15799
493,0,urban2000_10,-.0027464978755278,-.0668705777273298,15799
493,0,diff,-.0668705777273298,-.0668705777273298,15799
493,0,expl,-.06343430376767,-.0668705777273298,15799
493,0,pr_0,.1220293724966622,-.0668705777273298,15799
493,0,pr_1,.188899950223992,-.0668705777273298,15799
494,0,edu,-.0141607048462033,-.0816653999782853,8187
494,0,plants,-.0353338677735162,-.0816653999782853,8187
494,0,age,.0035131638161956,-.0816653999782853,8187
494,0,gender,.0017458885662194,-.0816653999782853,8187
494,0,marriage,.0006476416458286,-.0816653999782853,8187
494,0,ln_income,-.0006471178560817,-.0816653999782853,8187
494,0,health,-.0030482108767299,-.0816653999782853,8187
494,0,sportsArea,-.0018543828368444,-.0816653999782853,8187
494,0,year14,-.0210248579188982,-.0816653999782853,8187
494,0,rice10,-.0175115880899494,-.0816653999782853,8187
494,0,ln_gdp_hist,-.0005582091991096,-.0816653999782853,8187
494,0,urban2000_10,.003163759127703,-.0816653999782853,8187
494,0,diff,-.0816653999782853,-.0816653999782853,8187
494,0,expl,-.0851610820904017,-.0816653999782853,8187
494,0,pr_0,.1526388071414558,-.0816653999782853,8187
494,0,pr_1,.2343042071197411,-.0816653999782853,8187
495,0,edu,-.0117528438728263,-.0870758736545483,12225
495,0,plants,-.0420829217124759,-.0870758736545483,12225
495,0,age,-.0010864342881972,-.0870758736545483,12225
495,0,gender,.000297531141987,-.0870758736545483,12225
495,0,marriage,.000253780465169,-.0870758736545483,12225
495,0,ln_income,-.0002505845992271,-.0870758736545483,12225
495,0,health,-.0004016171701643,-.0870758736545483,12225
495,0,sportsArea,.0038964122676562,-.0870758736545483,12225
495,0,year14,-.0090624801476026,-.0870758736545483,12225
495,0,rice10,-.0225323237753853,-.0870758736545483,12225
495,0,ln_gdp_hist,-.007431399947211,-.0870758736545483,12225
495,0,urban2000_10,.015398473665867,-.0870758736545483,12225
495,0,diff,-.0870758736545483,-.0870758736545483,12225
495,0,expl,-.0747996154122285,-.0870758736545483,12225
495,0,pr_0,.1587870105062082,-.0870758736545483,12225
495,0,pr_1,.2458628841607565,-.0870758736545483,12225
496,0,edu,-.0126745723640653,-.1018531776445879,20637
496,0,plants,.0229742521812014,-.1018531776445879,20637
496,0,age,.0008786043752177,-.1018531776445879,20637
496,0,gender,.0007811356715442,-.1018531776445879,20637
496,0,marriage,-.0008241200907073,-.1018531776445879,20637
496,0,ln_income,.0001501973837744,-.1018531776445879,20637
496,0,health,-.0006611313366078,-.1018531776445879,20637
496,0,sportsArea,.005606308489057,-.1018531776445879,20637
496,0,year14,-.0061227846303344,-.1018531776445879,20637
496,0,rice10,-.0795379160992173,-.1018531776445879,20637
496,0,ln_gdp_hist,-.0197310449743971,-.1018531776445879,20637
496,0,urban2000_10,-.0080438476469024,-.1018531776445879,20637
496,0,diff,-.1018531776445879,-.1018531776445879,20637
496,0,expl,-.0973276849149626,-.1018531776445879,20637
496,0,pr_0,.123160992013451,-.1018531776445879,20637
496,0,pr_1,.2250141696580389,-.1018531776445879,20637
497,0,edu,-.0069442863952926,-.0759803324273238,16864
497,0,plants,-.0135794183762362,-.0759803324273238,16864
497,0,age,.0004613435186523,-.0759803324273238,16864
497,0,gender,.0000677402033536,-.0759803324273238,16864
497,0,marriage,-.0003050291892712,-.0759803324273238,16864
497,0,ln_income,.0001054287741418,-.0759803324273238,16864
497,0,health,-.0008157921389249,-.0759803324273238,16864
497,0,sportsArea,.0046166027992494,-.0759803324273238,16864
497,0,year14,-.0070377735895362,-.0759803324273238,16864
497,0,rice10,-.0459165631773168,-.0759803324273238,16864
497,0,ln_gdp_hist,.0065838141007721,-.0759803324273238,16864
497,0,urban2000_10,-.0038305921220022,-.0759803324273238,16864
497,0,diff,-.0759803324273238,-.0759803324273238,16864
497,0,expl,-.0665866145864444,-.0759803324273238,16864
497,0,pr_0,.1337153772683859,-.0759803324273238,16864
497,0,pr_1,.2096957096957097,-.0759803324273238,16864
498,0,edu,-.0150019887497703,-.0910627470685549,12343
498,0,plants,-.0253289287041409,-.0910627470685549,12343
498,0,age,.0018568265397726,-.0910627470685549,12343
498,0,gender,.0018101522423926,-.0910627470685549,12343
498,0,marriage,.0011608740823001,-.0910627470685549,12343
498,0,ln_income,-.0006534690238301,-.0910627470685549,12343
498,0,health,-.0017773165159316,-.0910627470685549,12343
498,0,sportsArea,.0020858464560137,-.0910627470685549,12343
498,0,year14,-.0126715861427357,-.0910627470685549,12343
498,0,rice10,-.0353279885707379,-.0910627470685549,12343
498,0,ln_gdp_hist,-.0011004511164497,-.0910627470685549,12343
498,0,urban2000_10,-.0016109928472785,-.0910627470685549,12343
498,0,diff,-.0910627470685549,-.0910627470685549,12343
498,0,expl,-.0865999427948102,-.0910627470685549,12343
498,0,pr_0,.1530787753697971,-.0910627470685549,12343
498,0,pr_1,.244141522438352,-.0910627470685549,12343
499,0,edu,-.0042841644537007,-.0396319971638321,8762
499,0,plants,-.0237726604518612,-.0396319971638321,8762
499,0,age,-.001805111183471,-.0396319971638321,8762
499,0,gender,.0003624569810602,-.0396319971638321,8762
499,0,marriage,-.0017145528025611,-.0396319971638321,8762
499,0,ln_income,.0003846588159876,-.0396319971638321,8762
499,0,health,.0002860928516404,-.0396319971638321,8762
499,0,sportsArea,.0032541270971532,-.0396319971638321,8762
499,0,year14,-.0084936257916239,-.0396319971638321,8762
499,0,rice10,-.0025523845172282,-.0396319971638321,8762
499,0,ln_gdp_hist,-.0034863174441266,-.0396319971638321,8762
499,0,urban2000_10,.0023123184884368,-.0396319971638321,8762
499,0,diff,-.0396319971638321,-.0396319971638321,8762
499,0,expl,-.0394861129667989,-.0396319971638321,8762
499,0,pr_0,.130674448767834,-.0396319971638321,8762
499,0,pr_1,.1703064459316661,-.0396319971638321,8762
500,0,edu,-.0039235963206222,-.0424747013781096,14217
500,0,plants,-.0136491071434016,-.0424747013781096,14217
500,0,age,-.0023461344925235,-.0424747013781096,14217
500,0,gender,.0000427719371334,-.0424747013781096,14217
500,0,marriage,-.0021393983301235,-.0424747013781096,14217
500,0,ln_income,.0001454905036992,-.0424747013781096,14217
500,0,health,.0002558264299277,-.0424747013781096,14217
500,0,sportsArea,.0016345469402205,-.0424747013781096,14217
500,0,year14,-.0056840824471546,-.0424747013781096,14217
500,0,rice10,-.0192948093140772,-.0424747013781096,14217
500,0,ln_gdp_hist,-.0030371221251557,-.0424747013781096,14217
500,0,urban2000_10,.0019398721184075,-.0424747013781096,14217
500,0,diff,-.0424747013781096,-.0424747013781096,14217
500,0,expl,-.0460578264767602,-.0424747013781096,14217
500,0,pr_0,.1286851732300409,-.0424747013781096,14217
500,0,pr_1,.1711598746081505,-.0424747013781096,14217
501,0,edu,-.0150876256963608,-.0747442012057717,13581
501,0,plants,-.0036160659135362,-.0747442012057717,13581
501,0,age,.0012326472111944,-.0747442012057717,13581
501,0,gender,.0005217035396119,-.0747442012057717,13581
501,0,marriage,.0005646398300015,-.0747442012057717,13581
501,0,ln_income,.0001336051812926,-.0747442012057717,13581
501,0,health,-.0011479971413249,-.0747442012057717,13581
501,0,sportsArea,.0046307481373747,-.0747442012057717,13581
501,0,year14,-.0137832295116511,-.0747442012057717,13581
501,0,rice10,-.0237374416231546,-.0747442012057717,13581
501,0,ln_gdp_hist,.0075818714679024,-.0747442012057717,13581
501,0,urban2000_10,-.0193138496598327,-.0747442012057717,13581
501,0,diff,-.0747442012057717,-.0747442012057717,13581
501,0,expl,-.0619105467751695,-.0747442012057717,13581
501,0,pr_0,.1683479040573862,-.0747442012057717,13581
501,0,pr_1,.2430921052631579,-.0747442012057717,13581
502,0,edu,-.0084067116149781,-.0423212973912041,20564
502,0,plants,-.0251910671648681,-.0423212973912041,20564
502,0,age,.0018117333042977,-.0423212973912041,20564
502,0,gender,-.000020317709322,-.0423212973912041,20564
502,0,marriage,-.0002411905491658,-.0423212973912041,20564
502,0,ln_income,-.0000275235764853,-.0423212973912041,20564
502,0,health,-.0008260417589609,-.0423212973912041,20564
502,0,sportsArea,.0041394840719911,-.0423212973912041,20564
502,0,year14,-.0058054717472994,-.0423212973912041,20564
502,0,rice10,-.0276493390188779,-.0423212973912041,20564
502,0,ln_gdp_hist,.0402456177065501,-.0423212973912041,20564
502,0,urban2000_10,-.0180556942001413,-.0423212973912041,20564
502,0,diff,-.0423212973912041,-.0423212973912041,20564
502,0,expl,-.0401666091732913,-.0423212973912041,20564
502,0,pr_0,.1561413673232908,-.0423212973912041,20564
502,0,pr_1,.1984626647144949,-.0423212973912041,20564
503,0,edu,-.0010099732535522,-.0407707997803348,11193
503,0,plants,-.0046620262130622,-.0407707997803348,11193
503,0,age,.0011082312953697,-.0407707997803348,11193
503,0,gender,-.0000459238179776,-.0407707997803348,11193
503,0,marriage,-.0006309109954634,-.0407707997803348,11193
503,0,ln_income,.0003234146179303,-.0407707997803348,11193
503,0,health,-.0002619839008926,-.0407707997803348,11193
503,0,sportsArea,.0083055142507168,-.0407707997803348,11193
503,0,year14,-.0027943000891338,-.0407707997803348,11193
503,0,rice10,-.0902510865778714,-.0407707997803348,11193
503,0,ln_gdp_hist,.1031830927072863,-.0407707997803348,11193
503,0,urban2000_10,-.0548921369076957,-.0407707997803348,11193
503,0,diff,-.0407707997803348,-.0407707997803348,11193
503,0,expl,-.0416677725138926,-.0407707997803348,11193
503,0,pr_0,.1654861558274308,-.0407707997803348,11193
503,0,pr_1,.2062569556077656,-.0407707997803348,11193
504,0,edu,-.0154446916110492,-.1077061582740405,15602
504,0,plants,-.0224495161604872,-.1077061582740405,15602
504,0,age,.0004130511651883,-.1077061582740405,15602
504,0,gender,.0006924691841685,-.1077061582740405,15602
504,0,marriage,.0002421560811613,-.1077061582740405,15602
504,0,ln_income,-.0000903481184805,-.1077061582740405,15602
504,0,health,-.0009481751410185,-.1077061582740405,15602
504,0,sportsArea,.003138533358921,-.1077061582740405,15602
504,0,year14,-.0134699569255203,-.1077061582740405,15602
504,0,rice10,-.0497354845766762,-.1077061582740405,15602
504,0,ln_gdp_hist,-.0002093363842534,-.1077061582740405,15602
504,0,urban2000_10,.0000133486169184,-.1077061582740405,15602
504,0,diff,-.1077061582740405,-.1077061582740405,15602
504,0,expl,-.0978109465818733,-.1077061582740405,15602
504,0,pr_0,.1394248270840917,-.1077061582740405,15602
504,0,pr_1,.2471309853581322,-.1077061582740405,15602
505,0,edu,-.010426945396209,-.0595657380489787,21345
505,0,plants,-.004694480584591,-.0595657380489787,21345
505,0,age,.0029540131225656,-.0595657380489787,21345
505,0,gender,.000476309743412,-.0595657380489787,21345
505,0,marriage,.00013392789596,-.0595657380489787,21345
505,0,ln_income,.0000186032419167,-.0595657380489787,21345
505,0,health,-.0011037869315925,-.0595657380489787,21345
505,0,sportsArea,.0034768082481438,-.0595657380489787,21345
505,0,year14,-.0088511509938732,-.0595657380489787,21345
505,0,rice10,-.030299781225989,-.0595657380489787,21345
505,0,ln_gdp_hist,.0261476638567179,-.0595657380489787,21345
505,0,urban2000_10,-.0299401447864868,-.0595657380489787,21345
505,0,diff,-.0595657380489787,-.0595657380489787,21345
505,0,expl,-.0520977848525622,-.0595657380489787,21345
505,0,pr_0,.1621854780733285,-.0595657380489787,21345
505,0,pr_1,.2217512161223072,-.0595657380489787,21345
506,0,edu,-.0163285858264556,-.1116454065090551,10741
506,0,plants,-.0334021372160156,-.1116454065090551,10741
506,0,age,.0032618496354923,-.1116454065090551,10741
506,0,gender,.0021749692076488,-.1116454065090551,10741
506,0,marriage,.0001194374444498,-.1116454065090551,10741
506,0,ln_income,-.001442796725066,-.1116454065090551,10741
506,0,health,-.0023217365501187,-.1116454065090551,10741
506,0,sportsArea,.002721248888825,-.1116454065090551,10741
506,0,year14,-.0205726423715282,-.1116454065090551,10741
506,0,rice10,-.0409661688005511,-.1116454065090551,10741
506,0,ln_gdp_hist,-.0055832603178668,-.1116454065090551,10741
506,0,urban2000_10,-.0026802151447695,-.1116454065090551,10741
506,0,diff,-.1116454065090551,-.1116454065090551,10741
506,0,expl,-.1150243610714592,-.1116454065090551,10741
506,0,pr_0,.1471670345842531,-.1116454065090551,10741
506,0,pr_1,.2588124410933082,-.1116454065090551,10741
507,0,edu,-.0105575864644148,-.0803828157239654,15298
507,0,plants,.0001398835560082,-.0803828157239654,15298
507,0,age,-.0002007235274661,-.0803828157239654,15298
507,0,gender,.0003305902626744,-.0803828157239654,15298
507,0,marriage,-.0008178502378408,-.0803828157239654,15298
507,0,ln_income,-.0001142218826945,-.0803828157239654,15298
507,0,health,-.0000109056353162,-.0803828157239654,15298
507,0,sportsArea,.003644045469706,-.0803828157239654,15298
507,0,year14,-.006689254575152,-.0803828157239654,15298
507,0,rice10,-.0558596562124409,-.0803828157239654,15298
507,0,ln_gdp_hist,-.0049815751932942,-.0803828157239654,15298
507,0,urban2000_10,-.0011447683794637,-.0803828157239654,15298
507,0,diff,-.0803828157239654,-.0803828157239654,15298
507,0,expl,-.076000989813106,-.0803828157239654,15298
507,0,pr_0,.1322674418604651,-.0803828157239654,15298
507,0,pr_1,.2126502575844305,-.0803828157239654,15298
508,0,edu,-.014189599730851,-.0765164180264304,12217
508,0,plants,.0021011975026083,-.0765164180264304,12217
508,0,age,-.0013970047831769,-.0765164180264304,12217
508,0,gender,.0004089166522903,-.0765164180264304,12217
508,0,marriage,-.0000886498171791,-.0765164180264304,12217
508,0,ln_income,4.30556671835e-06,-.0765164180264304,12217
508,0,health,-.000587166798692,-.0765164180264304,12217
508,0,sportsArea,.0041738009780968,-.0765164180264304,12217
508,0,year14,-.0070510486668523,-.0765164180264304,12217
508,0,rice10,-.0421526572968649,-.0765164180264304,12217
508,0,ln_gdp_hist,-.0083176186380885,-.0765164180264304,12217
508,0,urban2000_10,-.0024222101970925,-.0765164180264304,12217
508,0,diff,-.0765164180264304,-.0765164180264304,12217
508,0,expl,-.069453898741118,-.0765164180264304,12217
508,0,pr_0,.118895966029724,-.0765164180264304,12217
508,0,pr_1,.1954123840561544,-.0765164180264304,12217
509,0,edu,-.0088372087028869,-.0709627612554845,19694
509,0,plants,-.0221131561851956,-.0709627612554845,19694
509,0,age,-.0001415533459773,-.0709627612554845,19694
509,0,gender,-.0000387269841064,-.0709627612554845,19694
509,0,marriage,-.0012124090665446,-.0709627612554845,19694
509,0,ln_income,.0002207323525613,-.0709627612554845,19694
509,0,health,-.0002315915666797,-.0709627612554845,19694
509,0,sportsArea,.0046844109000233,-.0709627612554845,19694
509,0,year14,-.0026420827720601,-.0709627612554845,19694
509,0,rice10,-.0236767503466489,-.0709627612554845,19694
509,0,ln_gdp_hist,-.0071002117555412,-.0709627612554845,19694
509,0,urban2000_10,-.0036937449725283,-.0709627612554845,19694
509,0,diff,-.0709627612554845,-.0709627612554845,19694
509,0,expl,-.0647425323449235,-.0709627612554845,19694
509,0,pr_0,.1188964309174513,-.0709627612554845,19694
509,0,pr_1,.1898591921729358,-.0709627612554845,19694
510,0,edu,-.0058349764041777,-.028498137651604,15718
510,0,plants,.0067066140093577,-.028498137651604,15718
510,0,age,.0025666016039341,-.028498137651604,15718
510,0,gender,.0000462091670892,-.028498137651604,15718
510,0,marriage,.0004269974171154,-.028498137651604,15718
510,0,ln_income,-.0001406687166374,-.028498137651604,15718
510,0,health,-.0009833245009314,-.028498137651604,15718
510,0,sportsArea,.0034345213900631,-.028498137651604,15718
510,0,year14,-.004037357400067,-.028498137651604,15718
510,0,rice10,-.0299778918267094,-.028498137651604,15718
510,0,ln_gdp_hist,.0306953082661071,-.028498137651604,15718
510,0,urban2000_10,-.0254037887276457,-.028498137651604,15718
510,0,diff,-.028498137651604,-.028498137651604,15718
510,0,expl,-.0224378657132438,-.028498137651604,15718
510,0,pr_0,.1772608782835372,-.028498137651604,15718
510,0,pr_1,.2057590159351412,-.028498137651604,15718
511,0,edu,-.0022958299341111,-.0314043408875989,15460
511,0,plants,-.010604028892962,-.0314043408875989,15460
511,0,age,-.0009230877034027,-.0314043408875989,15460
511,0,gender,-.0000861534276229,-.0314043408875989,15460
511,0,marriage,-.0005707570311068,-.0314043408875989,15460
511,0,ln_income,.0001552926350442,-.0314043408875989,15460
511,0,health,-.0007262412604212,-.0314043408875989,15460
511,0,sportsArea,.0091396610657818,-.0314043408875989,15460
511,0,year14,.0009390588549259,-.0314043408875989,15460
511,0,rice10,-.0475761810967588,-.0314043408875989,15460
511,0,ln_gdp_hist,.0196480519899248,-.0314043408875989,15460
511,0,urban2000_10,.003507138612641,-.0314043408875989,15460
511,0,diff,-.0314043408875989,-.0314043408875989,15460
511,0,expl,-.0294719357235973,-.0314043408875989,15460
511,0,pr_0,.1471394984326019,-.0314043408875989,15460
511,0,pr_1,.1785438393202008,-.0314043408875989,15460
512,0,edu,-.0088673244680589,-.0925739182148444,7486
512,0,plants,-.0125115248646245,-.0925739182148444,7486
512,0,age,.0025682888516907,-.0925739182148444,7486
512,0,gender,.0004069494656,-.0925739182148444,7486
512,0,marriage,.0005852854433386,-.0925739182148444,7486
512,0,ln_income,.0004411260987051,-.0925739182148444,7486
512,0,health,-.003675319402652,-.0925739182148444,7486
512,0,sportsArea,-.0001863241437107,-.0925739182148444,7486
512,0,year14,-.0162447847827993,-.0925739182148444,7486
512,0,rice10,-.0618752891454122,-.0925739182148444,7486
512,0,ln_gdp_hist,-.0016944033781507,-.0925739182148444,7486
512,0,urban2000_10,.0009251596505774,-.0925739182148444,7486
512,0,diff,-.0925739182148444,-.0925739182148444,7486
512,0,expl,-.1002408510218252,-.0925739182148444,7486
512,0,pr_0,.1540808543096873,-.0925739182148444,7486
512,0,pr_1,.2466547725245317,-.0925739182148444,7486
513,0,edu,-.0026377021006504,-.0398029576506966,28699
513,0,plants,.037884535882692,-.0398029576506966,28699
513,0,age,-.0004381286745419,-.0398029576506966,28699
513,0,gender,-.0001832959390242,-.0398029576506966,28699
513,0,marriage,-.0016255798719121,-.0398029576506966,28699
513,0,ln_income,.0003882741734013,-.0398029576506966,28699
513,0,health,.0004186459828016,-.0398029576506966,28699
513,0,sportsArea,.0052425185242962,-.0398029576506966,28699
513,0,year14,-.0020061321858273,-.0398029576506966,28699
513,0,rice10,-.0792803330383769,-.0398029576506966,28699
513,0,ln_gdp_hist,.0425933327698115,-.0398029576506966,28699
513,0,urban2000_10,-.0371763848266075,-.0398029576506966,28699
513,0,diff,-.0398029576506966,-.0398029576506966,28699
513,0,expl,-.0366822435031247,-.0398029576506966,28699
513,0,pr_0,.1432762836185819,-.0398029576506966,28699
513,0,pr_1,.1830792412692785,-.0398029576506966,28699
514,0,edu,-.0070198207538195,-.0774864926846751,17406
514,0,plants,-.0214297828850606,-.0774864926846751,17406
514,0,age,.0001935702839405,-.0774864926846751,17406
514,0,gender,.0005248129244894,-.0774864926846751,17406
514,0,marriage,.0012198750843395,-.0774864926846751,17406
514,0,ln_income,-.0001746176450076,-.0774864926846751,17406
514,0,health,-.0010140806186406,-.0774864926846751,17406
514,0,sportsArea,.0086921623239522,-.0774864926846751,17406
514,0,year14,-.0072575419859613,-.0774864926846751,17406
514,0,rice10,-.0682945413379532,-.0774864926846751,17406
514,0,ln_gdp_hist,.0222369527589217,-.0774864926846751,17406
514,0,urban2000_10,-.0017208999406965,-.0774864926846751,17406
514,0,diff,-.0774864926846751,-.0774864926846751,17406
514,0,expl,-.0739565801921218,-.0774864926846751,17406
514,0,pr_0,.1744651243694555,-.0774864926846751,17406
514,0,pr_1,.2519516170541306,-.0774864926846751,17406
515,0,edu,-.0145268095013297,-.1171108234839832,18708
515,0,plants,-.0235936178959682,-.1171108234839832,18708
515,0,age,.0021369771672592,-.1171108234839832,18708
515,0,gender,.0005410236047336,-.1171108234839832,18708
515,0,marriage,-.0016296821758556,-.1171108234839832,18708
515,0,ln_income,.000143563641948,-.1171108234839832,18708
515,0,health,-.0001470336292842,-.1171108234839832,18708
515,0,sportsArea,.0037474625912324,-.1171108234839832,18708
515,0,year14,-.0059747377908867,-.1171108234839832,18708
515,0,rice10,-.0786410969388361,-.1171108234839832,18708
515,0,ln_gdp_hist,-.0000441961181043,-.1171108234839832,18708
515,0,urban2000_10,.0003568812154128,-.1171108234839832,18708
515,0,diff,-.1171108234839832,-.1171108234839832,18708
515,0,expl,-.1174388387226909,-.1171108234839832,18708
515,0,pr_0,.1374395520488674,-.1171108234839832,18708
515,0,pr_1,.2545503755328506,-.1171108234839832,18708
516,0,edu,-.0069905382369279,-.0560490647548106,14178
516,0,plants,-.0294028300146767,-.0560490647548106,14178
516,0,age,-.000086667962319,-.0560490647548106,14178
516,0,gender,-.0003325798295705,-.0560490647548106,14178
516,0,marriage,-.0005633093899843,-.0560490647548106,14178
516,0,ln_income,9.19526546544e-06,-.0560490647548106,14178
516,0,health,-.0001874064847292,-.0560490647548106,14178
516,0,sportsArea,.0047032973108909,-.0560490647548106,14178
516,0,year14,-.0064186407137328,-.0560490647548106,14178
516,0,rice10,-.0251537306688288,-.0560490647548106,14178
516,0,ln_gdp_hist,.0247828237776506,-.0560490647548106,14178
516,0,urban2000_10,-.0084421494929847,-.0560490647548106,14178
516,0,diff,-.0560490647548106,-.0560490647548106,14178
516,0,expl,-.0479980790559564,-.0560490647548106,14178
516,0,pr_0,.1481911394853937,-.0560490647548106,14178
516,0,pr_1,.2042402042402043,-.0560490647548106,14178
517,0,edu,-.0031195316465709,-.0358015001798404,18052
517,0,plants,.0438866845099982,-.0358015001798404,18052
517,0,age,.001511213313371,-.0358015001798404,18052
517,0,gender,.0003061994798542,-.0358015001798404,18052
517,0,marriage,.0003348729061452,-.0358015001798404,18052
517,0,ln_income,-.000034696436093,-.0358015001798404,18052
517,0,health,-.0004866847983733,-.0358015001798404,18052
517,0,sportsArea,.0053451945240711,-.0358015001798404,18052
517,0,year14,-.0038290163201906,-.0358015001798404,18052
517,0,rice10,-.0720230302230026,-.0358015001798404,18052
517,0,ln_gdp_hist,.0527304698930014,-.0358015001798404,18052
517,0,urban2000_10,-.0567116023134803,-.0358015001798404,18052
517,0,diff,-.0358015001798404,-.0358015001798404,18052
517,0,expl,-.0321438726573884,-.0358015001798404,18052
517,0,pr_0,.1762387387387387,-.0358015001798404,18052
517,0,pr_1,.2120402389185791,-.0358015001798404,18052
518,0,edu,-.0148263282889613,-.0853111333229398,20796
518,0,plants,.0737151929973048,-.0853111333229398,20796
518,0,age,.0018888068201302,-.0853111333229398,20796
518,0,gender,.0008982648529714,-.0853111333229398,20796
518,0,marriage,-.0016502203613201,-.0853111333229398,20796
518,0,ln_income,.0001929438983088,-.0853111333229398,20796
518,0,health,-.0002336104754985,-.0853111333229398,20796
518,0,sportsArea,.0023660676915722,-.0853111333229398,20796
518,0,year14,-.0111421892776389,-.0853111333229398,20796
518,0,rice10,-.0944290754181885,-.0853111333229398,20796
518,0,ln_gdp_hist,-.0233521373355539,-.0853111333229398,20796
518,0,urban2000_10,-.0119583748408578,-.0853111333229398,20796
518,0,diff,-.0853111333229398,-.0853111333229398,20796
518,0,expl,-.0785812390313044,-.0853111333229398,20796
518,0,pr_0,.1345172869828075,-.0853111333229398,20796
518,0,pr_1,.2198284203057473,-.0853111333229398,20796
519,0,edu,.0035910264051858,.0017574527202786,16918
519,0,plants,.0067054190809491,.0017574527202786,16918
519,0,age,-.0019439391553983,.0017574527202786,16918
519,0,gender,-.0005832525174769,.0017574527202786,16918
519,0,marriage,-.0016416662565093,.0017574527202786,16918
519,0,ln_income,.0007499085559671,.0017574527202786,16918
519,0,health,.0002680612755333,.0017574527202786,16918
519,0,sportsArea,.0059773458230716,.0017574527202786,16918
519,0,year14,.0010056316987083,.0017574527202786,16918
519,0,rice10,-.0360457743788382,.0017574527202786,16918
519,0,ln_gdp_hist,.0063490354878177,.0017574527202786,16918
519,0,urban2000_10,.0153589013184232,.0017574527202786,16918
519,0,diff,.0017574527202786,.0017574527202786,16918
519,0,expl,-.0001742021023173,.0017574527202786,16918
519,0,pr_0,.1609244596618874,.0017574527202786,16918
519,0,pr_1,.1591670069416088,.0017574527202786,16918
520,0,edu,-.0128204703720606,-.0916301092408366,11397
520,0,plants,-.0487569427826157,-.0916301092408366,11397
520,0,age,.000436512604905,-.0916301092408366,11397
520,0,gender,.0012620221799551,-.0916301092408366,11397
520,0,marriage,.0017592478991178,-.0916301092408366,11397
520,0,ln_income,-.0006314434770411,-.0916301092408366,11397
520,0,health,-.0019404961247482,-.0916301092408366,11397
520,0,sportsArea,.0074528886058086,-.0916301092408366,11397
520,0,year14,-.0081142221721174,-.0916301092408366,11397
520,0,rice10,-.0317272684596486,-.0916301092408366,11397
520,0,ln_gdp_hist,-.0004451155035065,-.0916301092408366,11397
520,0,urban2000_10,.0066852764251726,-.0916301092408366,11397
520,0,diff,-.0916301092408366,-.0916301092408366,11397
520,0,expl,-.0870062781156365,-.0916301092408366,11397
520,0,pr_0,.1517675741568468,-.0916301092408366,11397
520,0,pr_1,.2433976833976834,-.0916301092408366,11397
521,0,edu,-.0038763625523319,-.054383847653633,8596
521,0,plants,-.0403005185343876,-.054383847653633,8596
521,0,age,-.0012627087966838,-.054383847653633,8596
521,0,gender,-.0000641953863163,-.054383847653633,8596
521,0,marriage,-.0016208125490116,-.054383847653633,8596
521,0,ln_income,.0001826576430345,-.054383847653633,8596
521,0,health,.0002863309562728,-.054383847653633,8596
521,0,sportsArea,.0013952713867697,-.054383847653633,8596
521,0,year14,-.0062357996862014,-.054383847653633,8596
521,0,rice10,-.0148772252902535,-.054383847653633,8596
521,0,ln_gdp_hist,.0110328211749622,-.054383847653633,8596
521,0,urban2000_10,.0001720734645228,-.054383847653633,8596
521,0,diff,-.054383847653633,-.054383847653633,8596
521,0,expl,-.0549362334620315,-.054383847653633,8596
521,0,pr_0,.1294571153228397,-.054383847653633,8596
521,0,pr_1,.1838409629764727,-.054383847653633,8596
522,0,edu,-.0047243573955536,-.0731692692255568,16649
522,0,plants,-.0555635003434607,-.0731692692255568,16649
522,0,age,.0003083827065648,-.0731692692255568,16649
522,0,gender,.0001395659995718,-.0731692692255568,16649
522,0,marriage,-.0011711165041215,-.0731692692255568,16649
522,0,ln_income,.0001846916274143,-.0731692692255568,16649
522,0,health,-.0006094647331409,-.0731692692255568,16649
522,0,sportsArea,.0077340862593277,-.0731692692255568,16649
522,0,year14,-.0002471701778436,-.0731692692255568,16649
522,0,rice10,-.0264990636095409,-.0731692692255568,16649
522,0,ln_gdp_hist,.0131528473158121,-.0731692692255568,16649
522,0,urban2000_10,-.0055216600588395,-.0731692692255568,16649
522,0,diff,-.0731692692255568,-.0731692692255568,16649
522,0,expl,-.0728513084478055,-.0731692692255568,16649
522,0,pr_0,.1393207547169811,-.0731692692255568,16649
522,0,pr_1,.2124900239425379,-.0731692692255568,16649
523,0,edu,-.0147559039522073,-.0785922225685671,8626
523,0,plants,.0045361010682333,-.0785922225685671,8626
523,0,age,.0027482186449763,-.0785922225685671,8626
523,0,gender,.0019518413962254,-.0785922225685671,8626
523,0,marriage,.0015532196082458,-.0785922225685671,8626
523,0,ln_income,-.0000387106627527,-.0785922225685671,8626
523,0,health,-.0038516050655792,-.0785922225685671,8626
523,0,sportsArea,.0009756996013809,-.0785922225685671,8626
523,0,year14,-.0188628965084046,-.0785922225685671,8626
523,0,rice10,-.0450326879165451,-.0785922225685671,8626
523,0,ln_gdp_hist,-.0135081437879227,-.0785922225685671,8626
523,0,urban2000_10,.0001979613951878,-.0785922225685671,8626
523,0,diff,-.0785922225685671,-.0785922225685671,8626
523,0,expl,-.0838582050347068,-.0785922225685671,8626
523,0,pr_0,.1505806205977537,-.0785922225685671,8626
523,0,pr_1,.2291728431663208,-.0785922225685671,8626
524,0,edu,-.0179363580180229,-.0823665365610779,14253
524,0,plants,.0171556893972183,-.0823665365610779,14253
524,0,age,.0023592763993273,-.0823665365610779,14253
524,0,gender,.0007281678307986,-.0823665365610779,14253
524,0,marriage,.0002727450469897,-.0823665365610779,14253
524,0,ln_income,-.0000472713069869,-.0823665365610779,14253
524,0,health,-.0009855120823355,-.0823665365610779,14253
524,0,sportsArea,-.0021980193486017,-.0823665365610779,14253
524,0,year14,-.0202163933966268,-.0823665365610779,14253
524,0,rice10,-.0562923657683265,-.0823665365610779,14253
524,0,ln_gdp_hist,-.0067528397778262,-.0823665365610779,14253
524,0,urban2000_10,.00754300989649,-.0823665365610779,14253
524,0,diff,-.0823665365610779,-.0823665365610779,14253
524,0,expl,-.0762794647580557,-.0823665365610779,14253
524,0,pr_0,.1499075785582255,-.0823665365610779,14253
524,0,pr_1,.2322741151193034,-.0823665365610779,14253
525,0,edu,-.0091012186177018,-.0785846629386128,13625
525,0,plants,-.0872614675728672,-.0785846629386128,13625
525,0,age,-.0028729060827251,-.0785846629386128,13625
525,0,gender,-.0000426709482014,-.0785846629386128,13625
525,0,marriage,.0010605784591409,-.0785846629386128,13625
525,0,ln_income,-.0003599819043555,-.0785846629386128,13625
525,0,health,-.0008999061381379,-.0785846629386128,13625
525,0,sportsArea,.0092678025534136,-.0785846629386128,13625
525,0,year14,-.0048962768953235,-.0785846629386128,13625
525,0,rice10,.010775465123731,-.0785846629386128,13625
525,0,ln_gdp_hist,-.0122355062849497,-.0785846629386128,13625
525,0,urban2000_10,.0304497574145725,-.0785846629386128,13625
525,0,diff,-.0785846629386128,-.0785846629386128,13625
525,0,expl,-.0661619843853595,-.0785846629386128,13625
525,0,pr_0,.1657509157509157,-.0785846629386128,13625
525,0,pr_1,.2443355786895285,-.0785846629386128,13625
526,0,edu,-.0117965481822041,-.0556976197159004,11205
526,0,plants,.0261819328912657,-.0556976197159004,11205
526,0,age,.0012659461410999,-.0556976197159004,11205
526,0,gender,.0004343615076761,-.0556976197159004,11205
526,0,marriage,.0021215588398261,-.0556976197159004,11205
526,0,ln_income,.0000198854364468,-.0556976197159004,11205
526,0,health,-.0024560929957579,-.0556976197159004,11205
526,0,sportsArea,.0020583457777755,-.0556976197159004,11205
526,0,year14,-.0122357286721057,-.0556976197159004,11205
526,0,rice10,-.0330414479101123,-.0556976197159004,11205
526,0,ln_gdp_hist,-.0246422219455747,-.0556976197159004,11205
526,0,urban2000_10,.0017865462923382,-.0556976197159004,11205
526,0,diff,-.0556976197159004,-.0556976197159004,11205
526,0,expl,-.0503293443505546,-.0556976197159004,11205
526,0,pr_0,.1546167974620137,-.0556976197159004,11205
526,0,pr_1,.2103144171779141,-.0556976197159004,11205
527,0,edu,-.0110558513236349,-.0618778594318168,15887
527,0,plants,.0190716286021095,-.0618778594318168,15887
527,0,age,.0017974213240126,-.0618778594318168,15887
527,0,gender,.0008290530089545,-.0618778594318168,15887
527,0,marriage,.0006146577535078,-.0618778594318168,15887
527,0,ln_income,-.0000645947181444,-.0618778594318168,15887
527,0,health,-.0011600510676448,-.0618778594318168,15887
527,0,sportsArea,.0000592590784093,-.0618778594318168,15887
527,0,year14,-.0153238522640775,-.0618778594318168,15887
527,0,rice10,-.0433123173326973,-.0618778594318168,15887
527,0,ln_gdp_hist,-.007380882119945,-.0618778594318168,15887
527,0,urban2000_10,-.0039428454865818,-.0618778594318168,15887
527,0,diff,-.0618778594318168,-.0618778594318168,15887
527,0,expl,-.0598248224734647,-.0618778594318168,15887
527,0,pr_0,.1548287478944413,-.0618778594318168,15887
527,0,pr_1,.2167066073262581,-.0618778594318168,15887
528,0,edu,-.0065955899387428,-.0357267668475136,17672
528,0,plants,-.008233391498254,-.0357267668475136,17672
528,0,age,.003102481497765,-.0357267668475136,17672
528,0,gender,.0007674877341644,-.0357267668475136,17672
528,0,marriage,.0005856940007308,-.0357267668475136,17672
528,0,ln_income,-.0001511875727187,-.0357267668475136,17672
528,0,health,-.0022503110159419,-.0357267668475136,17672
528,0,sportsArea,.0043280824887483,-.0357267668475136,17672
528,0,year14,-.0059465398622781,-.0357267668475136,17672
528,0,rice10,-.0376198836500497,-.0357267668475136,17672
528,0,ln_gdp_hist,.0468181137262529,-.0357267668475136,17672
528,0,urban2000_10,-.0309021866489835,-.0357267668475136,17672
528,0,diff,-.0357267668475136,-.0357267668475136,17672
528,0,expl,-.0361268294889736,-.0357267668475136,17672
528,0,pr_0,.1801789768932817,-.0357267668475136,17672
528,0,pr_1,.2159057437407953,-.0357267668475136,17672
529,0,edu,-.0064158096911704,.0058053700860884,15917
529,0,plants,.0184210659701636,.0058053700860884,15917
529,0,age,.0028159043869198,.0058053700860884,15917
529,0,gender,-.0001167409974308,.0058053700860884,15917
529,0,marriage,.0008574497409506,.0058053700860884,15917
529,0,ln_income,.0000495466427277,.0058053700860884,15917
529,0,health,-.0026190316317511,.0058053700860884,15917
529,0,sportsArea,.0016185287157102,.0058053700860884,15917
529,0,year14,-.0020052979135104,.0058053700860884,15917
529,0,rice10,.0128228628952416,.0058053700860884,15917
529,0,ln_gdp_hist,.0227824961202183,.0058053700860884,15917
529,0,urban2000_10,-.0371424782544817,.0058053700860884,15917
529,0,diff,.0058053700860884,.0058053700860884,15917
529,0,expl,.0111055583327457,.0058053700860884,15917
529,0,pr_0,.1894009828662505,.0058053700860884,15917
529,0,pr_1,.1835956127801621,.0058053700860884,15917
530,0,edu,-.0092607993255081,-.0817883522981012,16708
530,0,plants,.0179357453027286,-.0817883522981012,16708
530,0,age,.0005658208701869,-.0817883522981012,16708
530,0,gender,.0002278847975252,-.0817883522981012,16708
530,0,marriage,-.0014003196212623,-.0817883522981012,16708
530,0,ln_income,.0003225466423785,-.0817883522981012,16708
530,0,health,-.0006908576257755,-.0817883522981012,16708
530,0,sportsArea,.0045390867356805,-.0817883522981012,16708
530,0,year14,-.0040035221283507,-.0817883522981012,16708
530,0,rice10,-.0779015836022138,-.0817883522981012,16708
530,0,ln_gdp_hist,-.0078931764143513,-.0817883522981012,16708
530,0,urban2000_10,-.0026748208472998,-.0817883522981012,16708
530,0,diff,-.0817883522981012,-.0817883522981012,16708
530,0,expl,-.0802888933898044,-.0817883522981012,16708
530,0,pr_0,.1302048909451421,-.0817883522981012,16708
530,0,pr_1,.2119932432432433,-.0817883522981012,16708
531,0,edu,-.0009521699997199,-.0389155776997436,22474
531,0,plants,-.0306309372727193,-.0389155776997436,22474
531,0,age,-.0006405115147994,-.0389155776997436,22474
531,0,gender,-.0002018537984303,-.0389155776997436,22474
531,0,marriage,-.0010509696503109,-.0389155776997436,22474
531,0,ln_income,.0000475884629537,-.0389155776997436,22474
531,0,health,.0001631899876133,-.0389155776997436,22474
531,0,sportsArea,.0056532882293299,-.0389155776997436,22474
531,0,year14,-.0033189552892511,-.0389155776997436,22474
531,0,rice10,-.0182856489577804,-.0389155776997436,22474
531,0,ln_gdp_hist,.0299725467695853,-.0389155776997436,22474
531,0,urban2000_10,-.0135381662570036,-.0389155776997436,22474
531,0,diff,-.0389155776997436,-.0389155776997436,22474
531,0,expl,-.0329234848067598,-.0389155776997436,22474
531,0,pr_0,.1430774503084304,-.0389155776997436,22474
531,0,pr_1,.181993028008174,-.0389155776997436,22474
532,0,edu,-.0088482161507921,-.0417103643438274,12529
532,0,plants,-.0010562082256144,-.0417103643438274,12529
532,0,age,.0010200829998666,-.0417103643438274,12529
532,0,gender,.0007175840639161,-.0417103643438274,12529
532,0,marriage,-.0004711471903008,-.0417103643438274,12529
532,0,ln_income,6.75945839480e-06,-.0417103643438274,12529
532,0,health,-.0020493330961155,-.0417103643438274,12529
532,0,sportsArea,.0033729695627636,-.0417103643438274,12529
532,0,year14,-.0081006287439683,-.0417103643438274,12529
532,0,rice10,-.0287016290421325,-.0417103643438274,12529
532,0,ln_gdp_hist,.0020985649954898,-.0417103643438274,12529
532,0,urban2000_10,.0003061175590587,-.0417103643438274,12529
532,0,diff,-.0417103643438274,-.0417103643438274,12529
532,0,expl,-.0416911948162531,-.0417103643438274,12529
532,0,pr_0,.1467987265652635,-.0417103643438274,12529
532,0,pr_1,.1885090909090909,-.0417103643438274,12529
533,0,edu,-.0123406156181546,-.0648088980108432,16536
533,0,plants,-.005947201885513,-.0648088980108432,16536
533,0,age,.0017326529099634,-.0648088980108432,16536
533,0,gender,.00088589079162,-.0648088980108432,16536
533,0,marriage,-.0003227239366629,-.0648088980108432,16536
533,0,ln_income,-.0000305454669114,-.0648088980108432,16536
533,0,health,-.0018395920451167,-.0648088980108432,16536
533,0,sportsArea,.0036980624269259,-.0648088980108432,16536
533,0,year14,-.007797041791295,-.0648088980108432,16536
533,0,rice10,-.0310793207259126,-.0648088980108432,16536
533,0,ln_gdp_hist,.0027570776627659,-.0648088980108432,16536
533,0,urban2000_10,-.0140411870425877,-.0648088980108432,16536
533,0,diff,-.0648088980108432,-.0648088980108432,16536
533,0,expl,-.0643998958687978,-.0648088980108432,16536
533,0,pr_0,.1465308102862688,-.0648088980108432,16536
533,0,pr_1,.211339708297112,-.0648088980108432,16536
534,0,edu,-.0069096250526214,-.0545661712066118,18930
534,0,plants,-.0173092204574396,-.0545661712066118,18930
534,0,age,.0017977750831411,-.0545661712066118,18930
534,0,gender,.0003110980531271,-.0545661712066118,18930
534,0,marriage,.0001115386565047,-.0545661712066118,18930
534,0,ln_income,.0000525200330261,-.0545661712066118,18930
534,0,health,-.0004490742485016,-.0545661712066118,18930
534,0,sportsArea,.0067802145394206,-.0545661712066118,18930
534,0,year14,-.004657299306072,-.0545661712066118,18930
534,0,rice10,-.0438228184007321,-.0545661712066118,18930
534,0,ln_gdp_hist,.0305896113563319,-.0545661712066118,18930
534,0,urban2000_10,-.0194457171232093,-.0545661712066118,18930
534,0,diff,-.0545661712066118,-.0545661712066118,18930
534,0,expl,-.0529608793767554,-.0545661712066118,18930
534,0,pr_0,.1707317073170732,-.0545661712066118,18930
534,0,pr_1,.225297878523685,-.0545661712066118,18930
535,0,edu,-.008523917427487,-.0341127505881087,19714
535,0,plants,-.0025653567441742,-.0341127505881087,19714
535,0,age,.0013160865615485,-.0341127505881087,19714
535,0,gender,.0006251372822472,-.0341127505881087,19714
535,0,marriage,-.0002303136738071,-.0341127505881087,19714
535,0,ln_income,.0001460989176882,-.0341127505881087,19714
535,0,health,-.0010196772171327,-.0341127505881087,19714
535,0,sportsArea,.0040486835196781,-.0341127505881087,19714
535,0,year14,-.0057536849654437,-.0341127505881087,19714
535,0,rice10,-.0058841239500266,-.0341127505881087,19714
535,0,ln_gdp_hist,.0152964071711352,-.0341127505881087,19714
535,0,urban2000_10,-.025713762635054,-.0341127505881087,19714
535,0,diff,-.0341127505881087,-.0341127505881087,19714
535,0,expl,-.0281735766511226,-.0341127505881087,19714
535,0,pr_0,.158273381294964,-.0341127505881087,19714
535,0,pr_1,.1923861318830727,-.0341127505881087,19714
536,0,edu,-.0124830299225357,-.084564810094629,7277
536,0,plants,-.0235619777559723,-.084564810094629,7277
536,0,age,.0016260096767854,-.084564810094629,7277
536,0,gender,.0024319023257584,-.084564810094629,7277
536,0,marriage,.0011566885764922,-.084564810094629,7277
536,0,ln_income,-.0024332397657716,-.084564810094629,7277
536,0,health,-.0028836138270346,-.084564810094629,7277
536,0,sportsArea,.0008951370095175,-.084564810094629,7277
536,0,year14,-.0196586902264514,-.084564810094629,7277
536,0,rice10,-.0140994205446398,-.084564810094629,7277
536,0,ln_gdp_hist,.0127807885676493,-.084564810094629,7277
536,0,urban2000_10,-.0262409527745906,-.084564810094629,7277
536,0,diff,-.084564810094629,-.084564810094629,7277
536,0,expl,-.0824660970288278,-.084564810094629,7277
536,0,pr_0,.149022976164913,-.084564810094629,7277
536,0,pr_1,.233587786259542,-.084564810094629,7277
537,0,edu,-.0070565305588414,-.0745171604249727,5964
537,0,plants,.0036637234702615,-.0745171604249727,5964
537,0,age,.0017046992870364,-.0745171604249727,5964
537,0,gender,.000606908957787,-.0745171604249727,5964
537,0,marriage,.0001019632585801,-.0745171604249727,5964
537,0,ln_income,.0015096696769706,-.0745171604249727,5964
537,0,health,-.0010508102324697,-.0745171604249727,5964
537,0,sportsArea,.0019526457521197,-.0745171604249727,5964
537,0,year14,-.0254613095275539,-.0745171604249727,5964
537,0,rice10,-.0151313004436006,-.0745171604249727,5964
537,0,ln_gdp_hist,.0133797791856963,-.0745171604249727,5964
537,0,urban2000_10,-.0531416105006816,-.0745171604249727,5964
537,0,diff,-.0745171604249727,-.0745171604249727,5964
537,0,expl,-.0788648815506367,-.0745171604249727,5964
537,0,pr_0,.1366948411541825,-.0745171604249727,5964
537,0,pr_1,.2112120015791552,-.0745171604249727,5964
538,0,edu,-.0016744110280774,-.0486803735337949,15009
538,0,plants,.0226863939290087,-.0486803735337949,15009
538,0,age,-.0002762505189434,-.0486803735337949,15009
538,0,gender,.0000232974820642,-.0486803735337949,15009
538,0,marriage,-.000429766243827,-.0486803735337949,15009
538,0,ln_income,.0003112108240912,-.0486803735337949,15009
538,0,health,-.0000654180745133,-.0486803735337949,15009
538,0,sportsArea,.0050774694562073,-.0486803735337949,15009
538,0,year14,-.0068871087515897,-.0486803735337949,15009
538,0,rice10,-.0722655221242784,-.0486803735337949,15009
538,0,ln_gdp_hist,.0264202862935747,-.0486803735337949,15009
538,0,urban2000_10,-.0159013690952767,-.0486803735337949,15009
538,0,diff,-.0486803735337949,-.0486803735337949,15009
538,0,expl,-.0428628464068597,-.0486803735337949,15009
538,0,pr_0,.151231945624469,-.0486803735337949,15009
538,0,pr_1,.1999123191582639,-.0486803735337949,15009
539,0,edu,-.0051442771324824,-.0326277447607433,11720
539,0,plants,-.0090669149004075,-.0326277447607433,11720
539,0,age,-.0011768160461637,-.0326277447607433,11720
539,0,gender,.0000254780507558,-.0326277447607433,11720
539,0,marriage,.0003148689185414,-.0326277447607433,11720
539,0,ln_income,-.0002705717991905,-.0326277447607433,11720
539,0,health,.0009275575665818,-.0326277447607433,11720
539,0,sportsArea,.0044809381893657,-.0326277447607433,11720
539,0,year14,-.0015043373640666,-.0326277447607433,11720
539,0,rice10,-.0046915271317401,-.0326277447607433,11720
539,0,ln_gdp_hist,-.0022690222174307,-.0326277447607433,11720
539,0,urban2000_10,-.0143304519827705,-.0326277447607433,11720
539,0,diff,-.0326277447607433,-.0326277447607433,11720
539,0,expl,-.032726824067656,-.0326277447607433,11720
539,0,pr_0,.1502236253617469,-.0326277447607433,11720
539,0,pr_1,.1828513701224902,-.0326277447607433,11720
540,0,edu,-.0116938169309551,-.0827608037579984,20382
540,0,plants,-.0173627309296612,-.0827608037579984,20382
540,0,age,.0013655289577066,-.0827608037579984,20382
540,0,gender,.0006679444242723,-.0827608037579984,20382
540,0,marriage,.0006976902838875,-.0827608037579984,20382
540,0,ln_income,-.0002110396581956,-.0827608037579984,20382
540,0,health,-.0010832698312225,-.0827608037579984,20382
540,0,sportsArea,.0036946601997673,-.0827608037579984,20382
540,0,year14,-.0121317790330849,-.0827608037579984,20382
540,0,rice10,-.0285860402111833,-.0827608037579984,20382
540,0,ln_gdp_hist,.0043180753501775,-.0827608037579984,20382
540,0,urban2000_10,-.0168542956836926,-.0827608037579984,20382
540,0,diff,-.0827608037579984,-.0827608037579984,20382
540,0,expl,-.0771889066687505,-.0827608037579984,20382
540,0,pr_0,.156289707750953,-.0827608037579984,20382
540,0,pr_1,.2390505115089514,-.0827608037579984,20382
541,0,edu,-.0078305288143809,-.0753922929721211,9088
541,0,plants,-.0431321277930541,-.0753922929721211,9088
541,0,age,.0016417071803085,-.0753922929721211,9088
541,0,gender,.0005521897811928,-.0753922929721211,9088
541,0,marriage,.0006288147295807,-.0753922929721211,9088
541,0,ln_income,-.0006141141619812,-.0753922929721211,9088
541,0,health,-.0005813253725314,-.0753922929721211,9088
541,0,sportsArea,.0037421680773032,-.0753922929721211,9088
541,0,year14,-.0084033747532352,-.0753922929721211,9088
541,0,rice10,-.0380258437234179,-.0753922929721211,9088
541,0,ln_gdp_hist,.0151751854453398,-.0753922929721211,9088
541,0,urban2000_10,.0092611031379021,-.0753922929721211,9088
541,0,diff,-.0753922929721211,-.0753922929721211,9088
541,0,expl,-.0678988444427993,-.0753922929721211,9088
541,0,pr_0,.1528835690968444,-.0753922929721211,9088
541,0,pr_1,.2282758620689655,-.0753922929721211,9088
542,0,edu,-.0123677656601855,-.070021918378644,12928
542,0,plants,-.0054043839782102,-.070021918378644,12928
542,0,age,.0011194489661047,-.070021918378644,12928
542,0,gender,.0001640690759096,-.070021918378644,12928
542,0,marriage,-.0001703919817709,-.070021918378644,12928
542,0,ln_income,.000293085992057,-.070021918378644,12928
542,0,health,-.0015649242676294,-.070021918378644,12928
542,0,sportsArea,.0039946563116402,-.070021918378644,12928
542,0,year14,-.0071926171660989,-.070021918378644,12928
542,0,rice10,-.0375357184756974,-.070021918378644,12928
542,0,ln_gdp_hist,-.0118215235418269,-.070021918378644,12928
542,0,urban2000_10,-.0001583924330466,-.070021918378644,12928
542,0,diff,-.070021918378644,-.070021918378644,12928
542,0,expl,-.0708123886875669,-.070021918378644,12928
542,0,pr_0,.1397908640616401,-.070021918378644,12928
542,0,pr_1,.2098127824402841,-.070021918378644,12928
543,0,edu,-.0128957548961375,-.0982118772449704,14850
543,0,plants,-.0535780785536493,-.0982118772449704,14850
543,0,age,.0004972025165958,-.0982118772449704,14850
543,0,gender,.0005300919780167,-.0982118772449704,14850
543,0,marriage,.0002976309497593,-.0982118772449704,14850
543,0,ln_income,-.0003336946409692,-.0982118772449704,14850
543,0,health,-.0008760508912457,-.0982118772449704,14850
543,0,sportsArea,.0092924585922763,-.0982118772449704,14850
543,0,year14,-.0076862697927459,-.0982118772449704,14850
543,0,rice10,-.0536669797321678,-.0982118772449704,14850
543,0,ln_gdp_hist,.0182193465860465,-.0982118772449704,14850
543,0,urban2000_10,.0037809068659954,-.0982118772449704,14850
543,0,diff,-.0982118772449704,-.0982118772449704,14850
543,0,expl,-.0963479205171791,-.0982118772449704,14850
543,0,pr_0,.1534817621980104,-.0982118772449704,14850
543,0,pr_1,.2516936394429808,-.0982118772449704,14850
544,0,edu,-.0060510119679328,-.0389965436878345,14073
544,0,plants,-.0213042730787958,-.0389965436878345,14073
544,0,age,-.0010621573061219,-.0389965436878345,14073
544,0,gender,.0002391866257691,-.0389965436878345,14073
544,0,marriage,.0004793100384421,-.0389965436878345,14073
544,0,ln_income,-1.47275206702e-06,-.0389965436878345,14073
544,0,health,-.0009550332252749,-.0389965436878345,14073
544,0,sportsArea,.0077517428493609,-.0389965436878345,14073
544,0,year14,-.0008018904073512,-.0389965436878345,14073
544,0,rice10,-.0120961907419096,-.0389965436878345,14073
544,0,ln_gdp_hist,.0122746675278116,-.0389965436878345,14073
544,0,urban2000_10,-.0107063586979439,-.0389965436878345,14073
544,0,diff,-.0389965436878345,-.0389965436878345,14073
544,0,expl,-.0322726936248818,-.0389965436878345,14073
544,0,pr_0,.155954060044328,-.0389965436878345,14073
544,0,pr_1,.1949506037321625,-.0389965436878345,14073
545,0,edu,-.0121562088206249,-.0430879439351384,14631
545,0,plants,.0258528178616165,-.0430879439351384,14631
545,0,age,.0013167664296336,-.0430879439351384,14631
545,0,gender,.0003861876575396,-.0430879439351384,14631
545,0,marriage,-.0017644086496047,-.0430879439351384,14631
545,0,ln_income,.0008586355708743,-.0430879439351384,14631
545,0,health,.0002172376977284,-.0430879439351384,14631
545,0,sportsArea,-.0023634273758071,-.0430879439351384,14631
545,0,year14,-.0106065014717222,-.0430879439351384,14631
545,0,rice10,-.0638179880185553,-.0430879439351384,14631
545,0,ln_gdp_hist,.039131134684557,-.0430879439351384,14631
545,0,urban2000_10,-.0253053421039852,-.0430879439351384,14631
545,0,diff,-.0430879439351384,-.0430879439351384,14631
545,0,expl,-.04836851961847,-.0430879439351384,14631
545,0,pr_0,.1441348469212246,-.0430879439351384,14631
545,0,pr_1,.187222790856363,-.0430879439351384,14631
546,0,edu,-.0087242085360128,-.0563401237266926,24294
546,0,plants,.0124694788033442,-.0563401237266926,24294
546,0,age,.0009721354360305,-.0563401237266926,24294
546,0,gender,.0007799765112666,-.0563401237266926,24294
546,0,marriage,.0004434942325311,-.0563401237266926,24294
546,0,ln_income,-.0001309619532749,-.0563401237266926,24294
546,0,health,-.0008916916352218,-.0563401237266926,24294
546,0,sportsArea,.0060535579583773,-.0563401237266926,24294
546,0,year14,-.0073055981115213,-.0563401237266926,24294
546,0,rice10,-.036188878965116,-.0563401237266926,24294
546,0,ln_gdp_hist,.0204042491323424,-.0563401237266926,24294
546,0,urban2000_10,-.0404057144401115,-.0563401237266926,24294
546,0,diff,-.0563401237266926,-.0563401237266926,24294
546,0,expl,-.0524445143563711,-.0563401237266926,24294
546,0,pr_0,.1630017898235745,-.0563401237266926,24294
546,0,pr_1,.2193419135502671,-.0563401237266926,24294
547,0,edu,-.0079283635471993,-.0585317729907449,20912
547,0,plants,-.0123922641246887,-.0585317729907449,20912
547,0,age,.0014216423680106,-.0585317729907449,20912
547,0,gender,.0003582719453387,-.0585317729907449,20912
547,0,marriage,-.0000662307256146,-.0585317729907449,20912
547,0,ln_income,-.0001397053425524,-.0585317729907449,20912
547,0,health,-.0002352826264503,-.0585317729907449,20912
547,0,sportsArea,.0055204383383699,-.0585317729907449,20912
547,0,year14,-.0075558373339761,-.0585317729907449,20912
547,0,rice10,-.0335276084984925,-.0585317729907449,20912
547,0,ln_gdp_hist,.0334094308281615,-.0585317729907449,20912
547,0,urban2000_10,-.0301912481104583,-.0585317729907449,20912
547,0,diff,-.0585317729907449,-.0585317729907449,20912
547,0,expl,-.0514198147696618,-.0585317729907449,20912
547,0,pr_0,.1689899206519408,-.0585317729907449,20912
547,0,pr_1,.2275216936426857,-.0585317729907449,20912
548,0,edu,-.0055087901787014,-.063692024686729,21233
548,0,plants,-.0360980015708295,-.063692024686729,21233
548,0,age,-.001559289739897,-.063692024686729,21233
548,0,gender,-.0000930960026226,-.063692024686729,21233
548,0,marriage,-.0017781361241955,-.063692024686729,21233
548,0,ln_income,.0002699310913958,-.063692024686729,21233
548,0,health,.0003222720934721,-.063692024686729,21233
548,0,sportsArea,.0081841449266087,-.063692024686729,21233
548,0,year14,-.0015978163073871,-.063692024686729,21233
548,0,rice10,-.0225460957872077,-.063692024686729,21233
548,0,ln_gdp_hist,.0047757813026585,-.063692024686729,21233
548,0,urban2000_10,-.0040404983830282,-.063692024686729,21233
548,0,diff,-.063692024686729,-.063692024686729,21233
548,0,expl,-.0595351566263115,-.063692024686729,21233
548,0,pr_0,.1203183520599251,-.063692024686729,21233
548,0,pr_1,.1840103767466541,-.063692024686729,21233
549,0,edu,-.0207190846216104,-.1152895862932194,14199
549,0,plants,-.0497926287761853,-.1152895862932194,14199
549,0,age,.0002168470796275,-.1152895862932194,14199
549,0,gender,.000762946225202,-.1152895862932194,14199
549,0,marriage,.0000769365341535,-.1152895862932194,14199
549,0,ln_income,-.0001670541479029,-.1152895862932194,14199
549,0,health,-.0010460553098113,-.1152895862932194,14199
549,0,sportsArea,.0034341660191261,-.1152895862932194,14199
549,0,year14,-.0112404966881297,-.1152895862932194,14199
549,0,rice10,-.0320091855689887,-.1152895862932194,14199
549,0,ln_gdp_hist,.0008538789523222,-.1152895862932194,14199
549,0,urban2000_10,.0017634323061983,-.1152895862932194,14199
549,0,diff,-.1152895862932194,-.1152895862932194,14199
549,0,expl,-.1078895765883602,-.1152895862932194,14199
549,0,pr_0,.1252945797329144,-.1152895862932194,14199
549,0,pr_1,.2405841660261338,-.1152895862932194,14199
550,0,edu,-.0057180170302996,-.0464916224614076,16776
550,0,plants,-.0438743244577776,-.0464916224614076,16776
550,0,age,-.000260870434739,-.0464916224614076,16776
550,0,gender,.000082255543241,-.0464916224614076,16776
550,0,marriage,.0006211625434835,-.0464916224614076,16776
550,0,ln_income,-.0003560046583243,-.0464916224614076,16776
550,0,health,-.0010588005152053,-.0464916224614076,16776
550,0,sportsArea,.0080937979671055,-.0464916224614076,16776
550,0,year14,-.0026238090484321,-.0464916224614076,16776
550,0,rice10,-.0116450008519393,-.0464916224614076,16776
550,0,ln_gdp_hist,.0117641640911902,-.0464916224614076,16776
550,0,urban2000_10,.0049693561083859,-.0464916224614076,16776
550,0,diff,-.0464916224614076,-.0464916224614076,16776
550,0,expl,-.0399183157654746,-.0464916224614076,16776
550,0,pr_0,.1600483164728975,-.0464916224614076,16776
550,0,pr_1,.2065399389343051,-.0464916224614076,16776
551,0,edu,-.0094516632459456,-.0820783373301359,8008
551,0,plants,-.0046230459775511,-.0820783373301359,8008
551,0,age,.0012504717065167,-.0820783373301359,8008
551,0,gender,.0025259820696488,-.0820783373301359,8008
551,0,marriage,.0006606087816268,-.0820783373301359,8008
551,0,ln_income,-.0011412161705177,-.0820783373301359,8008
551,0,health,-.0027115824870595,-.0820783373301359,8008
551,0,sportsArea,.0029776719198413,-.0820783373301359,8008
551,0,year14,-.0238184852591217,-.0820783373301359,8008
551,0,rice10,-.0196370000592938,-.0820783373301359,8008
551,0,ln_gdp_hist,.010901875619799,-.0820783373301359,8008
551,0,urban2000_10,-.0364000777259761,-.0820783373301359,8008
551,0,diff,-.0820783373301359,-.0820783373301359,8008
551,0,expl,-.0795122140080531,-.0820783373301359,8008
551,0,pr_0,.1432323232323232,-.0820783373301359,8008
551,0,pr_1,.2253106605624591,-.0820783373301359,8008
552,0,edu,-.0125641308773573,-.1103345908745721,10622
552,0,plants,-.0211119411822005,-.1103345908745721,10622
552,0,age,-.0019151314965124,-.1103345908745721,10622
552,0,gender,.0001426573971124,-.1103345908745721,10622
552,0,marriage,.0003989109665696,-.1103345908745721,10622
552,0,ln_income,.0001133344187897,-.1103345908745721,10622
552,0,health,-.0003380942888103,-.1103345908745721,10622
552,0,sportsArea,.0062756191215732,-.1103345908745721,10622
552,0,year14,-.008320151543954,-.1103345908745721,10622
552,0,rice10,-.0611014439157297,-.1103345908745721,10622
552,0,ln_gdp_hist,-.0044041811532509,-.1103345908745721,10622
552,0,urban2000_10,.0006718029371678,-.1103345908745721,10622
552,0,diff,-.1103345908745721,-.1103345908745721,10622
552,0,expl,-.1021905972700557,-.1103345908745721,10622
552,0,pr_0,.1388553489495291,-.1103345908745721,10622
552,0,pr_1,.2491899398241012,-.1103345908745721,10622
553,0,edu,-.0066191922033876,-.0525350426667347,13426
553,0,plants,-.0119145442493396,-.0525350426667347,13426
553,0,age,.0033217900593781,-.0525350426667347,13426
553,0,gender,.0006223253910314,-.0525350426667347,13426
553,0,marriage,.0016087377473679,-.0525350426667347,13426
553,0,ln_income,-.0001881201675649,-.0525350426667347,13426
553,0,health,-.002356768749056,-.0525350426667347,13426
553,0,sportsArea,.0034573517801611,-.0525350426667347,13426
553,0,year14,-.007245257962,-.0525350426667347,13426
553,0,rice10,-.039738698458514,-.0525350426667347,13426
553,0,ln_gdp_hist,-.0109881205135264,-.0525350426667347,13426
553,0,urban2000_10,.0223119685564487,-.0525350426667347,13426
553,0,diff,-.0525350426667347,-.0525350426667347,13426
553,0,expl,-.0477944768923729,-.0525350426667347,13426
553,0,pr_0,.1752473248536241,-.0525350426667347,13426
553,0,pr_1,.2277823675203588,-.0525350426667347,13426
554,0,edu,-.014012834152588,-.1045952338194674,8045
554,0,plants,-.0586425311617695,-.1045952338194674,8045
554,0,age,.0005420831891938,-.1045952338194674,8045
554,0,gender,.0006425639741716,-.1045952338194674,8045
554,0,marriage,-.0003494326262106,-.1045952338194674,8045
554,0,ln_income,-.0008471113666024,-.1045952338194674,8045
554,0,health,.0003663468742013,-.1045952338194674,8045
554,0,sportsArea,.0010834849786394,-.1045952338194674,8045
554,0,year14,-.0095836437336602,-.1045952338194674,8045
554,0,rice10,-.0147054546461165,-.1045952338194674,8045
554,0,ln_gdp_hist,-.0013407803941962,-.1045952338194674,8045
554,0,urban2000_10,.0025802707824765,-.1045952338194674,8045
554,0,diff,-.1045952338194674,-.1045952338194674,8045
554,0,expl,-.0945110562264116,-.1045952338194674,8045
554,0,pr_0,.1371731716559303,-.1045952338194674,8045
554,0,pr_1,.2417684054753977,-.1045952338194674,8045
555,0,edu,-.0123750407597261,-.0565879332181164,23878
555,0,plants,-.0084518724122012,-.0565879332181164,23878
555,0,age,.0025825135925068,-.0565879332181164,23878
555,0,gender,.0006877181433318,-.0565879332181164,23878
555,0,marriage,.0008706909808901,-.0565879332181164,23878
555,0,ln_income,.0000692947809509,-.0565879332181164,23878
555,0,health,-.0014296172879979,-.0565879332181164,23878
555,0,sportsArea,.0060256073728459,-.0565879332181164,23878
555,0,year14,-.0067845837387992,-.0565879332181164,23878
555,0,rice10,-.0206355208508241,-.0565879332181164,23878
555,0,ln_gdp_hist,.0317278380666824,-.0565879332181164,23878
555,0,urban2000_10,-.0470966835753949,-.0565879332181164,23878
555,0,diff,-.0565879332181164,-.0565879332181164,23878
555,0,expl,-.054804055698378,-.0565879332181164,23878
555,0,pr_0,.1728984716157205,-.0565879332181164,23878
555,0,pr_1,.2294864048338369,-.0565879332181164,23878
556,0,edu,-.0111677724308758,-.0623486593112695,13613
556,0,plants,-.0177203099177589,-.0623486593112695,13613
556,0,age,.0005039404627541,-.0623486593112695,13613
556,0,gender,.0009802248690546,-.0623486593112695,13613
556,0,marriage,.0002117619635097,-.0623486593112695,13613
556,0,ln_income,-.000269410622986,-.0623486593112695,13613
556,0,health,-.0026776400420531,-.0623486593112695,13613
556,0,sportsArea,.0057570340296657,-.0623486593112695,13613
556,0,year14,-.0085145157974694,-.0623486593112695,13613
556,0,rice10,-.030210728257672,-.0623486593112695,13613
556,0,ln_gdp_hist,-.0007794771237493,-.0623486593112695,13613
556,0,urban2000_10,.0028028962214387,-.0623486593112695,13613
556,0,diff,-.0623486593112695,-.0623486593112695,13613
556,0,expl,-.0611389187813312,-.0623486593112695,13613
556,0,pr_0,.1328991130820399,-.0623486593112695,13613
556,0,pr_1,.1952477723933094,-.0623486593112695,13613
557,0,edu,-.008606302355977,-.0567819178602427,15046
557,0,plants,.0313645398633443,-.0567819178602427,15046
557,0,age,.0027801344051593,-.0567819178602427,15046
557,0,gender,.0009953353057971,-.0567819178602427,15046
557,0,marriage,.0002547520473023,-.0567819178602427,15046
557,0,ln_income,-.0001270802532684,-.0567819178602427,15046
557,0,health,-.0011334975463152,-.0567819178602427,15046
557,0,sportsArea,.002136022808436,-.0567819178602427,15046
557,0,year14,-.0108768298911717,-.0567819178602427,15046
557,0,rice10,-.0520234845929709,-.0567819178602427,15046
557,0,ln_gdp_hist,.0085793107504013,-.0567819178602427,15046
557,0,urban2000_10,-.0250036283095869,-.0567819178602427,15046
557,0,diff,-.0567819178602427,-.0567819178602427,15046
557,0,expl,-.0516515778613642,-.0567819178602427,15046
557,0,pr_0,.1476323119777159,-.0567819178602427,15046
557,0,pr_1,.2044142298379586,-.0567819178602427,15046
558,0,edu,-.0076352786783736,-.040115745992284,16597
558,0,plants,-.0159401283711435,-.040115745992284,16597
558,0,age,-.0010518900043236,-.040115745992284,16597
558,0,gender,-.0001593952405612,-.040115745992284,16597
558,0,marriage,-.00092889245681,-.040115745992284,16597
558,0,ln_income,.0004795271463194,-.040115745992284,16597
558,0,health,8.35213794115e-06,-.040115745992284,16597
558,0,sportsArea,.0051798235512228,-.040115745992284,16597
558,0,year14,-.0030271997801537,-.040115745992284,16597
558,0,rice10,-.0139918008333315,-.040115745992284,16597
558,0,ln_gdp_hist,.0096509834781791,-.040115745992284,16597
558,0,urban2000_10,-.0048622609698368,-.040115745992284,16597
558,0,diff,-.040115745992284,-.040115745992284,16597
558,0,expl,-.0322526945641818,-.040115745992284,16597
558,0,pr_0,.1418152350081037,-.040115745992284,16597
558,0,pr_1,.1819309810003877,-.040115745992284,16597
559,0,edu,-.0098981525502267,-.0831312035068106,13576
559,0,plants,-.0247231719715006,-.0831312035068106,13576
559,0,age,.0013794758058744,-.0831312035068106,13576
559,0,gender,.0003267221531084,-.0831312035068106,13576
559,0,marriage,.0013275427057167,-.0831312035068106,13576
559,0,ln_income,-.0000669583204513,-.0831312035068106,13576
559,0,health,-.0022993411683865,-.0831312035068106,13576
559,0,sportsArea,.0036854634553655,-.0831312035068106,13576
559,0,year14,-.0107957967927575,-.0831312035068106,13576
559,0,rice10,-.0411817446085986,-.0831312035068106,13576
559,0,ln_gdp_hist,.0065354744224729,-.0831312035068106,13576
559,0,urban2000_10,.0016771665331967,-.0831312035068106,13576
559,0,diff,-.0831312035068106,-.0831312035068106,13576
559,0,expl,-.0740318893843019,-.0831312035068106,13576
559,0,pr_0,.1553281155930163,-.0831312035068106,13576
559,0,pr_1,.2384593190998269,-.0831312035068106,13576
560,0,edu,-.0141529741054153,-.1067524546646755,20362
560,0,plants,-.068253120014463,-.1067524546646755,20362
560,0,age,-.0015866334983491,-.1067524546646755,20362
560,0,gender,.0009518725781581,-.1067524546646755,20362
560,0,marriage,.0007358753560112,-.1067524546646755,20362
560,0,ln_income,-.0002814494013571,-.1067524546646755,20362
560,0,health,-.0009618981961515,-.1067524546646755,20362
560,0,sportsArea,.0101189710690435,-.1067524546646755,20362
560,0,year14,-.0053768390765908,-.1067524546646755,20362
560,0,rice10,-.0312308741723386,-.1067524546646755,20362
560,0,ln_gdp_hist,.0004957992742663,-.1067524546646755,20362
560,0,urban2000_10,.0085078897497011,-.1067524546646755,20362
560,0,diff,-.1067524546646755,-.1067524546646755,20362
560,0,expl,-.1012032687698319,-.1067524546646755,20362
560,0,pr_0,.1434377646062659,-.1067524546646755,20362
560,0,pr_1,.2501902192709414,-.1067524546646755,20362
561,0,edu,-.0006987216442309,-.020283004325527,17057
561,0,plants,-.0298279354051213,-.020283004325527,17057
561,0,age,.0002743834738047,-.020283004325527,17057
561,0,gender,-.0002806741950859,-.020283004325527,17057
561,0,marriage,-.0003615370733887,-.020283004325527,17057
561,0,ln_income,-.0005428681856482,-.020283004325527,17057
561,0,health,-.0003354888455836,-.020283004325527,17057
561,0,sportsArea,.0060736204682103,-.020283004325527,17057
561,0,year14,-.0017326994293212,-.020283004325527,17057
561,0,rice10,-.0269717837374761,-.020283004325527,17057
561,0,ln_gdp_hist,.0199022557294299,-.020283004325527,17057
561,0,urban2000_10,.0171112668193969,-.020283004325527,17057
561,0,diff,-.020283004325527,-.020283004325527,17057
561,0,expl,-.0175025999472604,-.020283004325527,17057
561,0,pr_0,.1615921075012757,-.020283004325527,17057
561,0,pr_1,.1818751118268027,-.020283004325527,17057
562,0,edu,-.0033527975098727,-.0473656464418101,13948
562,0,plants,-.0351696691743828,-.0473656464418101,13948
562,0,age,-.0013021031682614,-.0473656464418101,13948
562,0,gender,.0000783065186922,-.0473656464418101,13948
562,0,marriage,-.0017937206465857,-.0473656464418101,13948
562,0,ln_income,.000142073521318,-.0473656464418101,13948
562,0,health,.0000776793135684,-.0473656464418101,13948
562,0,sportsArea,.0047064176708697,-.0473656464418101,13948
562,0,year14,-.0053388311745188,-.0473656464418101,13948
562,0,rice10,-.0122083393412592,-.0473656464418101,13948
562,0,ln_gdp_hist,.006631667080229,-.0473656464418101,13948
562,0,urban2000_10,.0001752974570324,-.0473656464418101,13948
562,0,diff,-.0473656464418101,-.0473656464418101,13948
562,0,expl,-.0473038296941734,-.0473656464418101,13948
562,0,pr_0,.1280531183305668,-.0473656464418101,13948
562,0,pr_1,.1754187647723769,-.0473656464418101,13948
563,0,edu,-.0045929900544434,-.0048142521562661,14686
563,0,plants,.0188419115769258,-.0048142521562661,14686
563,0,age,-.0002229180709763,-.0048142521562661,14686
563,0,gender,-.0002166860830655,-.0048142521562661,14686
563,0,marriage,-.0011603257227687,-.0048142521562661,14686
563,0,ln_income,.0003442094506389,-.0048142521562661,14686
563,0,health,-.0003345161138074,-.0048142521562661,14686
563,0,sportsArea,.0037020645022661,-.0048142521562661,14686
563,0,year14,-.0034760232823985,-.0048142521562661,14686
563,0,rice10,-.0221134394362695,-.0048142521562661,14686
563,0,ln_gdp_hist,.0010849984401192,-.0048142521562661,14686
563,0,urban2000_10,.0052172530680676,-.0048142521562661,14686
563,0,diff,-.0048142521562661,-.0048142521562661,14686
563,0,expl,-.0029561012445877,-.0048142521562661,14686
563,0,pr_0,.1602614896988906,-.0048142521562661,14686
563,0,pr_1,.1650757418551567,-.0048142521562661,14686
564,0,edu,-.007690823978098,-.0299468216622029,15156
564,0,plants,.0115192716630748,-.0299468216622029,15156
564,0,age,.0015143991920599,-.0299468216622029,15156
564,0,gender,.0002154811566837,-.0299468216622029,15156
564,0,marriage,-.0001418397922223,-.0299468216622029,15156
564,0,ln_income,-.0001355300263622,-.0299468216622029,15156
564,0,health,-.0008819425649884,-.0299468216622029,15156
564,0,sportsArea,.0043679155011033,-.0299468216622029,15156
564,0,year14,-.0089665277216695,-.0299468216622029,15156
564,0,rice10,-.0267655752718704,-.0299468216622029,15156
564,0,ln_gdp_hist,.041914318472219,-.0299468216622029,15156
564,0,urban2000_10,-.0406884020761862,-.0299468216622029,15156
564,0,diff,-.0299468216622029,-.0299468216622029,15156
564,0,expl,-.0257896788914481,-.0299468216622029,15156
564,0,pr_0,.1747064423992383,-.0299468216622029,15156
564,0,pr_1,.2046532640614412,-.0299468216622029,15156
565,0,edu,-.0143314697998756,-.0588260269170369,10236
565,0,plants,.014861041461846,-.0588260269170369,10236
565,0,age,.0027362235259591,-.0588260269170369,10236
565,0,gender,.0005434365860055,-.0588260269170369,10236
565,0,marriage,.0009381710639805,-.0588260269170369,10236
565,0,ln_income,.0003044871790603,-.0588260269170369,10236
565,0,health,-.0019062236066086,-.0588260269170369,10236
565,0,sportsArea,-.004571706160689,-.0588260269170369,10236
565,0,year14,-.0232800062886389,-.0588260269170369,10236
565,0,rice10,-.0368245372198116,-.0588260269170369,10236
565,0,ln_gdp_hist,.0077620175412582,-.0588260269170369,10236
565,0,urban2000_10,-.0006932260364533,-.0588260269170369,10236
565,0,diff,-.0588260269170369,-.0588260269170369,10236
565,0,expl,-.0544563406252423,-.0588260269170369,10236
565,0,pr_0,.1627864678064751,-.0588260269170369,10236
565,0,pr_1,.221612494723512,-.0588260269170369,10236
566,0,edu,.0056925054724241,.0010571828890278,24615
566,0,plants,.0261441474736877,.0010571828890278,24615
566,0,age,-.004182130622907,.0010571828890278,24615
566,0,gender,-.0005706041727939,.0010571828890278,24615
566,0,marriage,-.0031766410546785,.0010571828890278,24615
566,0,ln_income,.0007792796067832,.0010571828890278,24615
566,0,health,.001018530000681,.0010571828890278,24615
566,0,sportsArea,.0056642827830145,.0010571828890278,24615
566,0,year14,-.0000119861448932,.0010571828890278,24615
566,0,rice10,-.0470439591528161,.0010571828890278,24615
566,0,ln_gdp_hist,-.0152780995798712,.0010571828890278,24615
566,0,urban2000_10,.0296923824416216,.0010571828890278,24615
566,0,diff,.0010571828890278,.0010571828890278,24615
566,0,expl,-.0012375042689201,.0010571828890278,24615
566,0,pr_0,.1565557729941291,.0010571828890278,24615
566,0,pr_1,.1554985901051013,.0010571828890278,24615
567,0,edu,-.0086496863155031,-.0412902954355375,16344
567,0,plants,.0015741490780281,-.0412902954355375,16344
567,0,age,.0010908316613947,-.0412902954355375,16344
567,0,gender,.0003355701198486,-.0412902954355375,16344
567,0,marriage,.00075555814752,-.0412902954355375,16344
567,0,ln_income,-.0000130689269662,-.0412902954355375,16344
567,0,health,-.0022276525723739,-.0412902954355375,16344
567,0,sportsArea,.0053392620873745,-.0412902954355375,16344
567,0,year14,-.0030262540896738,-.0412902954355375,16344
567,0,rice10,-.0408176434161534,-.0412902954355375,16344
567,0,ln_gdp_hist,.0018276556640113,-.0412902954355375,16344
567,0,urban2000_10,.0063119347772105,-.0412902954355375,16344
567,0,diff,-.0412902954355375,-.0412902954355375,16344
567,0,expl,-.0376473951670349,-.0412902954355375,16344
567,0,pr_0,.1477489768076398,-.0412902954355375,16344
567,0,pr_1,.1890392722431773,-.0412902954355375,16344
568,0,edu,-.0112314938000258,-.0701108137169897,16631
568,0,plants,-.0645270031492729,-.0701108137169897,16631
568,0,age,-.0001911075029519,-.0701108137169897,16631
568,0,gender,1.13906819496e-07,-.0701108137169897,16631
568,0,marriage,.0003258453069932,-.0701108137169897,16631
568,0,ln_income,-.0002550474764546,-.0701108137169897,16631
568,0,health,-.000657098471204,-.0701108137169897,16631
568,0,sportsArea,.0073706542433906,-.0701108137169897,16631
568,0,year14,-.0018003742495447,-.0701108137169897,16631
568,0,rice10,.0013432164396569,-.0701108137169897,16631
568,0,ln_gdp_hist,.0065635811623394,-.0701108137169897,16631
568,0,urban2000_10,-.0019295971399091,-.0701108137169897,16631
568,0,diff,-.0701108137169897,-.0701108137169897,16631
568,0,expl,-.0648936217413098,-.0701108137169897,16631
568,0,pr_0,.1415607985480944,-.0701108137169897,16631
568,0,pr_1,.2116716122650841,-.0701108137169897,16631
569,0,edu,-.0031434083635626,-.0583031181160093,12575
569,0,plants,-.0166897275207136,-.0583031181160093,12575
569,0,age,.00193800250486,-.0583031181160093,12575
569,0,gender,.0002812831583874,-.0583031181160093,12575
569,0,marriage,.0020011024268925,-.0583031181160093,12575
569,0,ln_income,-.0002758493198671,-.0583031181160093,12575
569,0,health,-.0013437489335694,-.0583031181160093,12575
569,0,sportsArea,.0061351024531413,-.0583031181160093,12575
569,0,year14,-.0076324804677261,-.0583031181160093,12575
569,0,rice10,-.0488791406648984,-.0583031181160093,12575
569,0,ln_gdp_hist,-.0026334089839166,-.0583031181160093,12575
569,0,urban2000_10,.0161150112405975,-.0583031181160093,12575
569,0,diff,-.0583031181160093,-.0583031181160093,12575
569,0,expl,-.0542079588230291,-.0583031181160093,12575
569,0,pr_0,.1707273055405162,-.0583031181160093,12575
569,0,pr_1,.2290304236565255,-.0583031181160093,12575
570,0,edu,-.0061172473127164,-.0469831489220548,18783
570,0,plants,-.0467436815746985,-.0469831489220548,18783
570,0,age,-.0010163206507088,-.0469831489220548,18783
570,0,gender,-.0001420574968194,-.0469831489220548,18783
570,0,marriage,-.0003823154110531,-.0469831489220548,18783
570,0,ln_income,-.0000261552415713,-.0469831489220548,18783
570,0,health,-.000059414423016,-.0469831489220548,18783
570,0,sportsArea,.0081828411027341,-.0469831489220548,18783
570,0,year14,-.0040453677776568,-.0469831489220548,18783
570,0,rice10,.0046862557798932,-.0469831489220548,18783
570,0,ln_gdp_hist,.0452753803397579,-.0469831489220548,18783
570,0,urban2000_10,-.0353534084471666,-.0469831489220548,18783
570,0,diff,-.0469831489220548,-.0469831489220548,18783
570,0,expl,-.0356281959637002,-.0469831489220548,18783
570,0,pr_0,.1532546003845097,-.0469831489220548,18783
570,0,pr_1,.2002377493065645,-.0469831489220548,18783
571,0,edu,.0002093045455191,-.0299051336589062,19058
571,0,plants,-.0555124033041503,-.0299051336589062,19058
571,0,age,-.0004740912723566,-.0299051336589062,19058
571,0,gender,-.0001191858885039,-.0299051336589062,19058
571,0,marriage,.0000557836636461,-.0299051336589062,19058
571,0,ln_income,-.0000681196264799,-.0299051336589062,19058
571,0,health,-.0003251516952688,-.0299051336589062,19058
571,0,sportsArea,.0109691871771639,-.0299051336589062,19058
571,0,year14,.001245646257168,-.0299051336589062,19058
571,0,rice10,-.0408891592655191,-.0299051336589062,19058
571,0,ln_gdp_hist,.0717427562292383,-.0299051336589062,19058
571,0,urban2000_10,-.013168312122129,-.0299051336589062,19058
571,0,diff,-.0299051336589062,-.0299051336589062,19058
571,0,expl,-.0262903077098681,-.0299051336589062,19058
571,0,pr_0,.1662615459406903,-.0299051336589062,19058
571,0,pr_1,.1961666795995965,-.0299051336589062,19058
572,0,edu,-.0139693588555001,-.0859902550373843,12104
572,0,plants,-.0387413561394458,-.0859902550373843,12104
572,0,age,.0011794503390629,-.0859902550373843,12104
572,0,gender,.0012269187853449,-.0859902550373843,12104
572,0,marriage,.0005330061518361,-.0859902550373843,12104
572,0,ln_income,-.0004840075703788,-.0859902550373843,12104
572,0,health,-.0011513360677314,-.0859902550373843,12104
572,0,sportsArea,.0035309444940095,-.0859902550373843,12104
572,0,year14,-.0118410228347479,-.0859902550373843,12104
572,0,rice10,-.021375507501023,-.0859902550373843,12104
572,0,ln_gdp_hist,.0007364613403703,-.0859902550373843,12104
572,0,urban2000_10,.0019854914260457,-.0859902550373843,12104
572,0,diff,-.0859902550373843,-.0859902550373843,12104
572,0,expl,-.0783769303506212,-.0859902550373843,12104
572,0,pr_0,.1545403271291596,-.0859902550373843,12104
572,0,pr_1,.2405305821665439,-.0859902550373843,12104
573,0,edu,-.0130783042671164,-.0923072606802011,9164
573,0,plants,-.0307315968701181,-.0923072606802011,9164
573,0,age,-.0025427539001639,-.0923072606802011,9164
573,0,gender,.0008706790598824,-.0923072606802011,9164
573,0,marriage,-.0004235303618406,-.0923072606802011,9164
573,0,ln_income,.0004577462981591,-.0923072606802011,9164
573,0,health,-.0003692133404063,-.0923072606802011,9164
573,0,sportsArea,.0051901316983336,-.0923072606802011,9164
573,0,year14,-.0118735243658531,-.0923072606802011,9164
573,0,rice10,-.045467333020035,-.0923072606802011,9164
573,0,ln_gdp_hist,.0129271568679384,-.0923072606802011,9164
573,0,urban2000_10,-.0023793453053343,-.0923072606802011,9164
573,0,diff,-.0923072606802011,-.0923072606802011,9164
573,0,expl,-.0874431464163457,-.0923072606802011,9164
573,0,pr_0,.1503074470507857,-.0923072606802011,9164
573,0,pr_1,.2426147077309868,-.0923072606802011,9164
574,0,edu,-.002728827369081,-.032529173978645,10710
574,0,plants,-.0254697057935751,-.032529173978645,10710
574,0,age,-.0010081669717068,-.032529173978645,10710
574,0,gender,-.0000407512302707,-.032529173978645,10710
574,0,marriage,-.001111413126364,-.032529173978645,10710
574,0,ln_income,.000196302185973,-.032529173978645,10710
574,0,health,-.0004363862974843,-.032529173978645,10710
574,0,sportsArea,.0052460838859358,-.032529173978645,10710
574,0,year14,-.0022362564429581,-.032529173978645,10710
574,0,rice10,-.0261243634673534,-.032529173978645,10710
574,0,ln_gdp_hist,-.0160595944005646,-.032529173978645,10710
574,0,urban2000_10,.035744260516896,-.032529173978645,10710
574,0,diff,-.032529173978645,-.032529173978645,10710
574,0,expl,-.034111241771892,-.032529173978645,10710
574,0,pr_0,.1448099102947458,-.032529173978645,10710
574,0,pr_1,.1773390842733908,-.032529173978645,10710
575,0,edu,-.0174390841977744,-.0883963367437798,10606
575,0,plants,.001880670013344,-.0883963367437798,10606
575,0,age,.004741876158713,-.0883963367437798,10606
575,0,gender,.0018630793110552,-.0883963367437798,10606
575,0,marriage,.0027316624044735,-.0883963367437798,10606
575,0,ln_income,-.0005257898309259,-.0883963367437798,10606
575,0,health,-.005033507242338,-.0883963367437798,10606
575,0,sportsArea,-.0013351154288012,-.0883963367437798,10606
575,0,year14,-.0228374195607151,-.0883963367437798,10606
575,0,rice10,-.0269425855361487,-.0883963367437798,10606
575,0,ln_gdp_hist,-.0235275529193035,-.0883963367437798,10606
575,0,urban2000_10,-.0020947590780758,-.0883963367437798,10606
575,0,diff,-.0883963367437798,-.0883963367437798,10606
575,0,expl,-.0885489073745978,-.0883963367437798,10606
575,0,pr_0,.1499513145082765,-.0883963367437798,10606
575,0,pr_1,.2383476512520563,-.0883963367437798,10606
576,0,edu,-.012798783882894,-.0597129461687545,6860
576,0,plants,.002461606243235,-.0597129461687545,6860
576,0,age,.0030681973816544,-.0597129461687545,6860
576,0,gender,.0016013020849159,-.0597129461687545,6860
576,0,marriage,.0009188160681935,-.0597129461687545,6860
576,0,ln_income,-.0011006293406242,-.0597129461687545,6860
576,0,health,-.0017892565365407,-.0597129461687545,6860
576,0,sportsArea,-.0069043870654821,-.0597129461687545,6860
576,0,year14,-.0216476229143182,-.0597129461687545,6860
576,0,rice10,-.0330679936461785,-.0597129461687545,6860
576,0,ln_gdp_hist,-.0024526185077824,-.0597129461687545,6860
576,0,urban2000_10,.0005174454227139,-.0597129461687545,6860
576,0,diff,-.0597129461687545,-.0597129461687545,6860
576,0,expl,-.0709303184241249,-.0597129461687545,6860
576,0,pr_0,.176197458455523,-.0597129461687545,6860
576,0,pr_1,.2359104046242775,-.0597129461687545,6860
577,0,edu,-.0041675143912061,-.0417274609678745,15144
577,0,plants,-.0421217730205156,-.0417274609678745,15144
577,0,age,.0006725306014159,-.0417274609678745,15144
577,0,gender,.0001992184381966,-.0417274609678745,15144
577,0,marriage,-.0001706944315785,-.0417274609678745,15144
577,0,ln_income,-.0005332424177856,-.0417274609678745,15144
577,0,health,-.0006256125924649,-.0417274609678745,15144
577,0,sportsArea,.0037982580335174,-.0417274609678745,15144
577,0,year14,-.0069614154331318,-.0417274609678745,15144
577,0,rice10,-.0001283524933682,-.0417274609678745,15144
577,0,ln_gdp_hist,.0241494674422173,-.0417274609678745,15144
577,0,urban2000_10,-.0107328466653279,-.0417274609678745,15144
577,0,diff,-.0417274609678745,-.0417274609678745,15144
577,0,expl,-.0364944576320449,-.0417274609678745,15144
577,0,pr_0,.1600797679477882,-.0417274609678745,15144
577,0,pr_1,.2018072289156627,-.0417274609678745,15144
578,0,edu,-.0114562357102049,-.0723608672429951,16870
578,0,plants,-.0251648202782256,-.0723608672429951,16870
578,0,age,.0008291922590933,-.0723608672429951,16870
578,0,gender,.0001845295230798,-.0723608672429951,16870
578,0,marriage,.0001371648850494,-.0723608672429951,16870
578,0,ln_income,-.0000774291757519,-.0723608672429951,16870
578,0,health,-.0011676870254267,-.0723608672429951,16870
578,0,sportsArea,.0046971909974636,-.0723608672429951,16870
578,0,year14,-.0068063803789877,-.0723608672429951,16870
578,0,rice10,-.0288257394528577,-.0723608672429951,16870
578,0,ln_gdp_hist,.0095735546859819,-.0723608672429951,16870
578,0,urban2000_10,-.0037152139885573,-.0723608672429951,16870
578,0,diff,-.0723608672429951,-.0723608672429951,16870
578,0,expl,-.0619808538724162,-.0723608672429951,16870
578,0,pr_0,.1430586338907918,-.0723608672429951,16870
578,0,pr_1,.2154195011337869,-.0723608672429951,16870
579,0,edu,-.0009368514320172,-.0397587657872979,14863
579,0,plants,.0026336118601254,-.0397587657872979,14863
579,0,age,-.0022908205373314,-.0397587657872979,14863
579,0,gender,.0000665563011541,-.0397587657872979,14863
579,0,marriage,-.0017348884828656,-.0397587657872979,14863
579,0,ln_income,.0003060763106441,-.0397587657872979,14863
579,0,health,.0005726185174734,-.0397587657872979,14863
579,0,sportsArea,.0060031882900813,-.0397587657872979,14863
579,0,year14,-.0049084405643207,-.0397587657872979,14863
579,0,rice10,-.0315867964605248,-.0397587657872979,14863
579,0,ln_gdp_hist,-.0012719633501182,-.0397587657872979,14863
579,0,urban2000_10,-.0027852736003716,-.0397587657872979,14863
579,0,diff,-.0397587657872979,-.0397587657872979,14863
579,0,expl,-.0359354206640086,-.0397587657872979,14863
579,0,pr_0,.123164918970448,-.0397587657872979,14863
579,0,pr_1,.1629236847577459,-.0397587657872979,14863
580,0,edu,-.0047977090480809,-.06448149477751,10963
580,0,plants,-.0526347605829118,-.06448149477751,10963
580,0,age,.0015349849831346,-.06448149477751,10963
580,0,gender,.0010584635166469,-.06448149477751,10963
580,0,marriage,.0003763528802021,-.06448149477751,10963
580,0,ln_income,-.0003304752895918,-.06448149477751,10963
580,0,health,-.0005186244106288,-.06448149477751,10963
580,0,sportsArea,.0034620611205152,-.06448149477751,10963
580,0,year14,-.0103237907149078,-.06448149477751,10963
580,0,rice10,-.0161125429185838,-.06448149477751,10963
580,0,ln_gdp_hist,-.008428873297992,-.06448149477751,10963
580,0,urban2000_10,.0271357812829011,-.06448149477751,10963
580,0,diff,-.06448149477751,-.06448149477751,10963
580,0,expl,-.0595446938335386,-.06448149477751,10963
580,0,pr_0,.1549694856146469,-.06448149477751,10963
580,0,pr_1,.2194509803921569,-.06448149477751,10963
581,0,edu,-.0058645023062778,-.0455840003492051,17719
581,0,plants,-.0179906503395686,-.0455840003492051,17719
581,0,age,.0001250142468515,-.0455840003492051,17719
581,0,gender,.0002283329233238,-.0455840003492051,17719
581,0,marriage,-.0028845182198323,-.0455840003492051,17719
581,0,ln_income,.0007354419120894,-.0455840003492051,17719
581,0,health,.0000586608436109,-.0455840003492051,17719
581,0,sportsArea,-.0023327428595925,-.0455840003492051,17719
581,0,year14,-.0123222237477255,-.0455840003492051,17719
581,0,rice10,-.0232139669500801,-.0455840003492051,17719
581,0,ln_gdp_hist,.0145737275989108,-.0455840003492051,17719
581,0,urban2000_10,.0004660070260787,-.0455840003492051,17719
581,0,diff,-.0455840003492051,-.0455840003492051,17719
581,0,expl,-.0482176026742842,-.0455840003492051,17719
581,0,pr_0,.1320545924013279,-.0455840003492051,17719
581,0,pr_1,.177638592750533,-.0455840003492051,17719
582,0,edu,-.0079766412746802,-.0557433248285927,18340
582,0,plants,.0264671262270821,-.0557433248285927,18340
582,0,age,-.0011827851591831,-.0557433248285927,18340
582,0,gender,.0005898895299494,-.0557433248285927,18340
582,0,marriage,-.0012352140167125,-.0557433248285927,18340
582,0,ln_income,.0002540701507127,-.0557433248285927,18340
582,0,health,-.0001660154887057,-.0557433248285927,18340
582,0,sportsArea,.0068809043140511,-.0557433248285927,18340
582,0,year14,-.0062253200009528,-.0557433248285927,18340
582,0,rice10,-.068313200766072,-.0557433248285927,18340
582,0,ln_gdp_hist,-.0031380203922855,-.0557433248285927,18340
582,0,urban2000_10,-.0028134846789857,-.0557433248285927,18340
582,0,diff,-.0557433248285927,-.0557433248285927,18340
582,0,expl,-.0567783077140896,-.0557433248285927,18340
582,0,pr_0,.1308176100628931,-.0557433248285927,18340
582,0,pr_1,.1865609348914858,-.0557433248285927,18340
583,0,edu,-.0110859237083788,-.0567765839263076,11074
583,0,plants,-.0071397491714536,-.0567765839263076,11074
583,0,age,.0029581991362266,-.0567765839263076,11074
583,0,gender,.0000499429012792,-.0567765839263076,11074
583,0,marriage,.000946541862748,-.0567765839263076,11074
583,0,ln_income,.0000742499520941,-.0567765839263076,11074
583,0,health,-.00127343224432,-.0567765839263076,11074
583,0,sportsArea,.0026680193050178,-.0567765839263076,11074
583,0,year14,-.0100340738433812,-.0567765839263076,11074
583,0,rice10,-.0297729420391394,-.0567765839263076,11074
583,0,ln_gdp_hist,-.0006947984151252,-.0567765839263076,11074
583,0,urban2000_10,.0018906277018842,-.0567765839263076,11074
583,0,diff,-.0567765839263076,-.0567765839263076,11074
583,0,expl,-.0516449807489055,-.0567765839263076,11074
583,0,pr_0,.1645440652063169,-.0567765839263076,11074
583,0,pr_1,.2213206491326245,-.0567765839263076,11074
584,0,edu,-.0075463565924472,-.0542529970018188,17317
584,0,plants,-.004169782088783,-.0542529970018188,17317
584,0,age,-.0010569039811137,-.0542529970018188,17317
584,0,gender,.0000201898210893,-.0542529970018188,17317
584,0,marriage,-.0013304276640578,-.0542529970018188,17317
584,0,ln_income,.0003905778007373,-.0542529970018188,17317
584,0,health,.0002570910280494,-.0542529970018188,17317
584,0,sportsArea,.005399669692385,-.0542529970018188,17317
584,0,year14,-.0073820539355852,-.0542529970018188,17317
584,0,rice10,-.0457345776661315,-.0542529970018188,17317
584,0,ln_gdp_hist,.0126274839620348,-.0542529970018188,17317
584,0,urban2000_10,-.0021228199639708,-.0542529970018188,17317
584,0,diff,-.0542529970018188,-.0542529970018188,17317
584,0,expl,-.0505149688972659,-.0542529970018188,17317
584,0,pr_0,.1376603484587402,-.0542529970018188,17317
584,0,pr_1,.191913345460559,-.0542529970018188,17317
585,0,edu,-.0171578738469211,-.1063159465507732,9956
585,0,plants,-.0345914793627878,-.1063159465507732,9956
585,0,age,.0048714282749939,-.1063159465507732,9956
585,0,gender,.0007091428834007,-.1063159465507732,9956
585,0,marriage,.0015656770891208,-.1063159465507732,9956
585,0,ln_income,-.0010533180126671,-.1063159465507732,9956
585,0,health,-.0029213048957455,-.1063159465507732,9956
585,0,sportsArea,-.0039980739386379,-.1063159465507732,9956
585,0,year14,-.0155710134439847,-.1063159465507732,9956
585,0,rice10,-.0394405094975504,-.1063159465507732,9956
585,0,ln_gdp_hist,-.0002705436010617,-.1063159465507732,9956
585,0,urban2000_10,.005158889037949,-.1063159465507732,9956
585,0,diff,-.1063159465507732,-.1063159465507732,9956
585,0,expl,-.1027542147941247,-.1063159465507732,9956
585,0,pr_0,.1490545050055617,-.1063159465507732,9956
585,0,pr_1,.2553704515563349,-.1063159465507732,9956
586,0,edu,-.009207409558438,-.0567258697090221,13480
586,0,plants,-.0136910665198728,-.0567258697090221,13480
586,0,age,.0029394699826581,-.0567258697090221,13480
586,0,gender,.0006543303114267,-.0567258697090221,13480
586,0,marriage,.0018168702938112,-.0567258697090221,13480
586,0,ln_income,-.0002585415857566,-.0567258697090221,13480
586,0,health,-.0022087499372602,-.0567258697090221,13480
586,0,sportsArea,.0038116284969913,-.0567258697090221,13480
586,0,year14,-.0081295688936451,-.0567258697090221,13480
586,0,rice10,-.0381591640970444,-.0567258697090221,13480
586,0,ln_gdp_hist,.0076593043540803,-.0567258697090221,13480
586,0,urban2000_10,.0043412047784611,-.0567258697090221,13480
586,0,diff,-.0567258697090221,-.0567258697090221,13480
586,0,expl,-.0504251578139791,-.0567258697090221,13480
586,0,pr_0,.1839357429718876,-.0567258697090221,13480
586,0,pr_1,.2406616126809097,-.0567258697090221,13480
587,0,edu,-.0084977288404537,-.0736412193894449,16558
587,0,plants,-.0440612883128084,-.0736412193894449,16558
587,0,age,.0006675170061507,-.0736412193894449,16558
587,0,gender,.0005904257443533,-.0736412193894449,16558
587,0,marriage,.0015404593991909,-.0736412193894449,16558
587,0,ln_income,-.0002697823544094,-.0736412193894449,16558
587,0,health,-.0013760346134333,-.0736412193894449,16558
587,0,sportsArea,.0075139733635129,-.0736412193894449,16558
587,0,year14,-.0064754347420063,-.0736412193894449,16558
587,0,rice10,-.0352107404529429,-.0736412193894449,16558
587,0,ln_gdp_hist,-.0057735567910177,-.0736412193894449,16558
587,0,urban2000_10,.0232581571493332,-.0736412193894449,16558
587,0,diff,-.0736412193894449,-.0736412193894449,16558
587,0,expl,-.0679524392008376,-.0736412193894449,16558
587,0,pr_0,.1722556153116102,-.0736412193894449,16558
587,0,pr_1,.2458968347010551,-.0736412193894449,16558
588,0,edu,.0032370533142297,-.0359810299004823,22295
588,0,plants,.0116023422104778,-.0359810299004823,22295
588,0,age,-.0025258971397616,-.0359810299004823,22295
588,0,gender,-.0005563393242863,-.0359810299004823,22295
588,0,marriage,-.0028078402282071,-.0359810299004823,22295
588,0,ln_income,.0008869084122012,-.0359810299004823,22295
588,0,health,.0016027212305794,-.0359810299004823,22295
588,0,sportsArea,.0118456481058595,-.0359810299004823,22295
588,0,year14,.0076763061116911,-.0359810299004823,22295
588,0,rice10,-.0650846935520775,-.0359810299004823,22295
588,0,ln_gdp_hist,-.0127533715391801,-.0359810299004823,22295
588,0,urban2000_10,.0106991996502179,-.0359810299004823,22295
588,0,diff,-.0359810299004823,-.0359810299004823,22295
588,0,expl,-.0359374905106375,-.0359810299004823,22295
588,0,pr_0,.121099947117927,-.0359810299004823,22295
588,0,pr_1,.1570809770184093,-.0359810299004823,22295
589,0,edu,.0003808323338522,.0035108476664837,16517
589,0,plants,-.0014738283013892,.0035108476664837,16517
589,0,age,.0001684990513058,.0035108476664837,16517
589,0,gender,-.000398372514967,.0035108476664837,16517
589,0,marriage,-.0003761163802008,.0035108476664837,16517
589,0,ln_income,-.0001007464456361,.0035108476664837,16517
589,0,health,-.0008252796930638,.0035108476664837,16517
589,0,sportsArea,.0059981428734048,.0035108476664837,16517
589,0,year14,.0019037462027452,.0035108476664837,16517
589,0,rice10,-.0247057945522274,.0035108476664837,16517
589,0,ln_gdp_hist,-.0172752741744061,.0035108476664837,16517
589,0,urban2000_10,.0357756851043408,.0035108476664837,16517
589,0,diff,.0035108476664837,.0035108476664837,16517
589,0,expl,-.000885792926718,.0035108476664837,16517
589,0,pr_0,.1749957359713457,.0035108476664837,16517
589,0,pr_1,.171484888304862,.0035108476664837,16517
590,0,edu,-.0114506843794819,-.0912587789164773,13349
590,0,plants,.0136209657938218,-.0912587789164773,13349
590,0,age,-.0041881713038053,-.0912587789164773,13349
590,0,gender,.0004924312378608,-.0912587789164773,13349
590,0,marriage,.0000527061464759,-.0912587789164773,13349
590,0,ln_income,.0002827097467842,-.0912587789164773,13349
590,0,health,-.0002152062051536,-.0912587789164773,13349
590,0,sportsArea,.0067820248714589,-.0912587789164773,13349
590,0,year14,-.0081757400832658,-.0912587789164773,13349
590,0,rice10,-.0801634573372124,-.0912587789164773,13349
590,0,ln_gdp_hist,.0007930645986277,-.0912587789164773,13349
590,0,urban2000_10,-.0006124321184875,-.0912587789164773,13349
590,0,diff,-.0912587789164773,-.0912587789164773,13349
590,0,expl,-.0827779684156603,-.0912587789164773,13349
590,0,pr_0,.1512958206864347,-.0912587789164773,13349
590,0,pr_1,.242554599602912,-.0912587789164773,13349
591,0,edu,-.0154044227957436,-.0969709996528824,13659
591,0,plants,-.0115862059073383,-.0969709996528824,13659
591,0,age,.000230130532863,-.0969709996528824,13659
591,0,gender,.0007883989469669,-.0969709996528824,13659
591,0,marriage,.0020021967613832,-.0969709996528824,13659
591,0,ln_income,.0000411486796807,-.0969709996528824,13659
591,0,health,-.0025364179234616,-.0969709996528824,13659
591,0,sportsArea,.0063638961567605,-.0969709996528824,13659
591,0,year14,-.0097992474302951,-.0969709996528824,13659
591,0,rice10,-.06460109925801,-.0969709996528824,13659
591,0,ln_gdp_hist,-.0023299274633852,-.0969709996528824,13659
591,0,urban2000_10,.0038764809485443,-.0969709996528824,13659
591,0,diff,-.0969709996528824,-.0969709996528824,13659
591,0,expl,-.0928294105357331,-.0969709996528824,13659
591,0,pr_0,.1511647678966162,-.0969709996528824,13659
591,0,pr_1,.2481357675494986,-.0969709996528824,13659
592,0,edu,.005047925039035,-.0200028342486443,15006
592,0,plants,.0056720570110371,-.0200028342486443,15006
592,0,age,-.0011890106745738,-.0200028342486443,15006
592,0,gender,-.0008517363458316,-.0200028342486443,15006
592,0,marriage,-.0014517047620774,-.0200028342486443,15006
592,0,ln_income,.000564417352634,-.0200028342486443,15006
592,0,health,.0003638009058864,-.0200028342486443,15006
592,0,sportsArea,.0139379996068056,-.0200028342486443,15006
592,0,year14,.0044148754991293,-.0200028342486443,15006
592,0,rice10,-.053185055376825,-.0200028342486443,15006
592,0,ln_gdp_hist,-.0255822849977004,-.0200028342486443,15006
592,0,urban2000_10,.032176840090817,-.0200028342486443,15006
592,0,diff,-.0200028342486443,-.0200028342486443,15006
592,0,expl,-.02007220389633,-.0200028342486443,15006
592,0,pr_0,.1423306423306423,-.0200028342486443,15006
592,0,pr_1,.1623334765792866,-.0200028342486443,15006
593,0,edu,-.0217755550398892,-.0820207102656352,9997
593,0,plants,-.0370472954687038,-.0820207102656352,9997
593,0,age,.0021013122713802,-.0820207102656352,9997
593,0,gender,.0007972349280368,-.0820207102656352,9997
593,0,marriage,.0000701019865668,-.0820207102656352,9997
593,0,ln_income,-.0006285482283941,-.0820207102656352,9997
593,0,health,-.0005678541643587,-.0820207102656352,9997
593,0,sportsArea,-.0026374788965039,-.0820207102656352,9997
593,0,year14,-.0214243055889016,-.0820207102656352,9997
593,0,rice10,.0085815781387754,-.0820207102656352,9997
593,0,ln_gdp_hist,.0036059294587765,-.0820207102656352,9997
593,0,urban2000_10,.0003126979164981,-.0820207102656352,9997
593,0,diff,-.0820207102656352,-.0820207102656352,9997
593,0,expl,-.0687423050992928,-.0820207102656352,9997
593,0,pr_0,.1561514195583596,-.0820207102656352,9997
593,0,pr_1,.2381721298239948,-.0820207102656352,9997
594,0,edu,-.017023355042377,-.1133171004333758,20467
594,0,plants,-.0443112933357485,-.1133171004333758,20467
594,0,age,.0018032843910343,-.1133171004333758,20467
594,0,gender,.000521372236831,-.1133171004333758,20467
594,0,marriage,-.0008355059713665,-.1133171004333758,20467
594,0,ln_income,.000028617718561,-.1133171004333758,20467
594,0,health,-.0005361470963863,-.1133171004333758,20467
594,0,sportsArea,.0026540552354351,-.1133171004333758,20467
594,0,year14,-.0085274244733381,-.1133171004333758,20467
594,0,rice10,-.031507462428375,-.1133171004333758,20467
594,0,ln_gdp_hist,-.0075240992768546,-.1133171004333758,20467
594,0,urban2000_10,-.0033659621537591,-.1133171004333758,20467
594,0,diff,-.1133171004333758,-.1133171004333758,20467
594,0,expl,-.1085452644359563,-.1133171004333758,20467
594,0,pr_0,.1169164882226981,-.1133171004333758,20467
594,0,pr_1,.2302335886560739,-.1133171004333758,20467
595,0,edu,-.0039143506233161,-.042141122834706,21649
595,0,plants,-.0086046632130355,-.042141122834706,21649
595,0,age,-.0023863910441774,-.042141122834706,21649
595,0,gender,-.0001159703665879,-.042141122834706,21649
595,0,marriage,-.0011326377006929,-.042141122834706,21649
595,0,ln_income,.0002445173064545,-.042141122834706,21649
595,0,health,.0005195807008185,-.042141122834706,21649
595,0,sportsArea,.0074972705848074,-.042141122834706,21649
595,0,year14,-.0009319309724376,-.042141122834706,21649
595,0,rice10,-.0357309460847187,-.042141122834706,21649
595,0,ln_gdp_hist,.0145670038682134,-.042141122834706,21649
595,0,urban2000_10,-.0074029340769992,-.042141122834706,21649
595,0,diff,-.042141122834706,-.042141122834706,21649
595,0,expl,-.0372414658698159,-.042141122834706,21649
595,0,pr_0,.1356589147286822,-.042141122834706,21649
595,0,pr_1,.1778000375633882,-.042141122834706,21649
596,0,edu,-.0094964816719497,-.0529850284267535,24677
596,0,plants,.0020307134999964,-.0529850284267535,24677
596,0,age,-.0001490993811713,-.0529850284267535,24677
596,0,gender,-.0000396674769997,-.0529850284267535,24677
596,0,marriage,-.0017143633440262,-.0529850284267535,24677
596,0,ln_income,.000477000291415,-.0529850284267535,24677
596,0,health,.0001763570041432,-.0529850284267535,24677
596,0,sportsArea,.0032923338551997,-.0529850284267535,24677
596,0,year14,-.0076552090726531,-.0529850284267535,24677
596,0,rice10,-.0375889813292527,-.0529850284267535,24677
596,0,ln_gdp_hist,.0086758095597881,-.0529850284267535,24677
596,0,urban2000_10,-.0064437183171195,-.0529850284267535,24677
596,0,diff,-.0529850284267535,-.0529850284267535,24677
596,0,expl,-.0485604348603101,-.0529850284267535,24677
596,0,pr_0,.142165984369185,-.0529850284267535,24677
596,0,pr_1,.1951510127959385,-.0529850284267535,24677
597,0,edu,-.0028764745001691,-.0336139197874207,17723
597,0,plants,-.0465449636809769,-.0336139197874207,17723
597,0,age,.0008856073282394,-.0336139197874207,17723
597,0,gender,-.0000929910459176,-.0336139197874207,17723
597,0,marriage,.0016618634017131,-.0336139197874207,17723
597,0,ln_income,-.0000745438308449,-.0336139197874207,17723
597,0,health,-.0013803925735705,-.0336139197874207,17723
597,0,sportsArea,.0096249424692309,-.0336139197874207,17723
597,0,year14,.0018987097661487,-.0336139197874207,17723
597,0,rice10,-.02044208368559,-.0336139197874207,17723
597,0,ln_gdp_hist,.0443729878969501,-.0336139197874207,17723
597,0,urban2000_10,-.0139238119694068,-.0336139197874207,17723
597,0,diff,-.0336139197874207,-.0336139197874207,17723
597,0,expl,-.0269977106889337,-.0336139197874207,17723
597,0,pr_0,.1766405282707388,-.0336139197874207,17723
597,0,pr_1,.2102544480581595,-.0336139197874207,17723
598,0,edu,-.0171339561081368,-.1096406361480455,7906
598,0,plants,-.0184144398402359,-.1096406361480455,7906
598,0,age,-.0000261890506371,-.1096406361480455,7906
598,0,gender,.0014099296928878,-.1096406361480455,7906
598,0,marriage,.0002223124688498,-.1096406361480455,7906
598,0,ln_income,-.0002895446888874,-.1096406361480455,7906
598,0,health,-.0017406940369383,-.1096406361480455,7906
598,0,sportsArea,-.0045141652738202,-.1096406361480455,7906
598,0,year14,-.0185329790216526,-.1096406361480455,7906
598,0,rice10,-.0152185112420284,-.1096406361480455,7906
598,0,ln_gdp_hist,.0206263420124187,-.1096406361480455,7906
598,0,urban2000_10,-.0578299892753561,-.1096406361480455,7906
598,0,diff,-.1096406361480455,-.1096406361480455,7906
598,0,expl,-.1113559344264932,-.1096406361480455,7906
598,0,pr_0,.1205373573794626,-.1096406361480455,7906
598,0,pr_1,.2301779935275081,-.1096406361480455,7906
599,0,edu,-.0039970215357581,-.0452196499926809,16113
599,0,plants,.0211151277077001,-.0452196499926809,16113
599,0,age,.0001060365819911,-.0452196499926809,16113
599,0,gender,.0004241721387286,-.0452196499926809,16113
599,0,marriage,-.0007124776674165,-.0452196499926809,16113
599,0,ln_income,.0000478885725838,-.0452196499926809,16113
599,0,health,-.001134639939043,-.0452196499926809,16113
599,0,sportsArea,.0041167781744706,-.0452196499926809,16113
599,0,year14,-.0066424349083407,-.0452196499926809,16113
599,0,rice10,-.0705392976642557,-.0452196499926809,16113
599,0,ln_gdp_hist,.0396220877909528,-.0452196499926809,16113
599,0,urban2000_10,-.0289742602283555,-.0452196499926809,16113
599,0,diff,-.0452196499926809,-.0452196499926809,16113
599,0,expl,-.0466084051192557,-.0452196499926809,16113
599,0,pr_0,.1582006920415225,-.0452196499926809,16113
599,0,pr_1,.2034203420342034,-.0452196499926809,16113
600,0,edu,-.0070918881166287,-.0457120895378554,19419
600,0,plants,-.0137175663295731,-.0457120895378554,19419
600,0,age,.0006826906206263,-.0457120895378554,19419
600,0,gender,.0000980152367371,-.0457120895378554,19419
600,0,marriage,-.0006177688510725,-.0457120895378554,19419
600,0,ln_income,.0000504551534605,-.0457120895378554,19419
600,0,health,-.0005476339395098,-.0457120895378554,19419
600,0,sportsArea,.0036830268615942,-.0457120895378554,19419
600,0,year14,-.0043779176029899,-.0457120895378554,19419
600,0,rice10,-.0112045649524525,-.0457120895378554,19419
600,0,ln_gdp_hist,.0100544947961469,-.0457120895378554,19419
600,0,urban2000_10,-.0177114189829594,-.0457120895378554,19419
600,0,diff,-.0457120895378554,-.0457120895378554,19419
600,0,expl,-.0408599489368107,-.0457120895378554,19419
600,0,pr_0,.1402671755725191,-.0457120895378554,19419
600,0,pr_1,.1859792651103745,-.0457120895378554,19419
601,0,edu,-.0020365227234138,-.0541074184672685,14761
601,0,plants,-.0145860173917511,-.0541074184672685,14761
601,0,age,-.0008529585818937,-.0541074184672685,14761
601,0,gender,-.0001897515848277,-.0541074184672685,14761
601,0,marriage,-.0016183989456695,-.0541074184672685,14761
601,0,ln_income,.0003087116498499,-.0541074184672685,14761
601,0,health,.0002513668485369,-.0541074184672685,14761
601,0,sportsArea,.0020878223278309,-.0541074184672685,14761
601,0,year14,-.0045894182061639,-.0541074184672685,14761
601,0,rice10,-.0365847112156093,-.0541074184672685,14761
601,0,ln_gdp_hist,.0086425483566702,-.0541074184672685,14761
601,0,urban2000_10,.0013338759353093,-.0541074184672685,14761
601,0,diff,-.0541074184672685,-.0541074184672685,14761
601,0,expl,-.0478022604669058,-.0541074184672685,14761
601,0,pr_0,.1239141543178334,-.0541074184672685,14761
601,0,pr_1,.1780215727851019,-.0541074184672685,14761
602,0,edu,-.0160006938968095,-.0802294265713238,13994
602,0,plants,.0139459250910469,-.0802294265713238,13994
602,0,age,.0022699321310449,-.0802294265713238,13994
602,0,gender,.0007433903717556,-.0802294265713238,13994
602,0,marriage,.0011350278253032,-.0802294265713238,13994
602,0,ln_income,.0002063098720416,-.0802294265713238,13994
602,0,health,-.0021335606889645,-.0802294265713238,13994
602,0,sportsArea,.0022493271815069,-.0802294265713238,13994
602,0,year14,-.0145834375351023,-.0802294265713238,13994
602,0,rice10,-.0484189791737224,-.0802294265713238,13994
602,0,ln_gdp_hist,-.0069566066425121,-.0802294265713238,13994
602,0,urban2000_10,-.0111400109269048,-.0802294265713238,13994
602,0,diff,-.0802294265713238,-.0802294265713238,13994
602,0,expl,-.078713528878344,-.0802294265713238,13994
602,0,pr_0,.1596845736816166,-.0802294265713238,13994
602,0,pr_1,.2399140002529404,-.0802294265713238,13994
603,0,edu,-.0080959482227288,-.0603071809771951,17974
603,0,plants,-.0397792693768471,-.0603071809771951,17974
603,0,age,-.000620237056396,-.0603071809771951,17974
603,0,gender,.0001009362784304,-.0603071809771951,17974
603,0,marriage,.0004889568232034,-.0603071809771951,17974
603,0,ln_income,-.000100335611751,-.0603071809771951,17974
603,0,health,-.0009919091475621,-.0603071809771951,17974
603,0,sportsArea,.0085107482653871,-.0603071809771951,17974
603,0,year14,-.0042319918099595,-.0603071809771951,17974
603,0,rice10,-.0218683516753614,-.0603071809771951,17974
603,0,ln_gdp_hist,.0316698690186061,-.0603071809771951,17974
603,0,urban2000_10,-.019030901889832,-.0603071809771951,17974
603,0,diff,-.0603071809771951,-.0603071809771951,17974
603,0,expl,-.0537871377625268,-.0603071809771951,17974
603,0,pr_0,.1559888579387187,-.0603071809771951,17974
603,0,pr_1,.2162960389159138,-.0603071809771951,17974
604,0,edu,-.012966784120666,-.0978221458204459,11432
604,0,plants,-.0478942816978912,-.0978221458204459,11432
604,0,age,.0031787267971586,-.0978221458204459,11432
604,0,gender,.0005054539652479,-.0978221458204459,11432
604,0,marriage,.0000859188279214,-.0978221458204459,11432
604,0,ln_income,-.0005994948849638,-.0978221458204459,11432
604,0,health,-.0010791929726383,-.0978221458204459,11432
604,0,sportsArea,.0007719644405689,-.0978221458204459,11432
604,0,year14,-.0084193512993256,-.0978221458204459,11432
604,0,rice10,-.0388757369075693,-.0978221458204459,11432
604,0,ln_gdp_hist,-.0004329958482138,-.0978221458204459,11432
604,0,urban2000_10,.0140867245491405,-.0978221458204459,11432
604,0,diff,-.0978221458204459,-.0978221458204459,11432
604,0,expl,-.0916489746279556,-.0978221458204459,11432
604,0,pr_0,.1486517108542941,-.0978221458204459,11432
604,0,pr_1,.24647385667474,-.0978221458204459,11432
605,0,edu,-.0122616493587924,-.0819118208177328,24124
605,0,plants,.0007341245220081,-.0819118208177328,24124
605,0,age,-.0012811494646111,-.0819118208177328,24124
605,0,gender,.0004848852807441,-.0819118208177328,24124
605,0,marriage,-.0008434922181864,-.0819118208177328,24124
605,0,ln_income,.000228384002004,-.0819118208177328,24124
605,0,health,-.0004681296424441,-.0819118208177328,24124
605,0,sportsArea,.0073266119943623,-.0819118208177328,24124
605,0,year14,-.0053595608009442,-.0819118208177328,24124
605,0,rice10,-.0525479793929097,-.0819118208177328,24124
605,0,ln_gdp_hist,-.0080886748086835,-.0819118208177328,24124
605,0,urban2000_10,-.0078709237178314,-.0819118208177328,24124
605,0,diff,-.0819118208177328,-.0819118208177328,24124
605,0,expl,-.0801769655814639,-.0819118208177328,24124
605,0,pr_0,.1301943699731903,-.0819118208177328,24124
605,0,pr_1,.2121061907909231,-.0819118208177328,24124
606,0,edu,-.0062225291349525,-.0655446042812254,16428
606,0,plants,-.0282487218108889,-.0655446042812254,16428
606,0,age,-.0001690226134913,-.0655446042812254,16428
606,0,gender,-.0000119535359772,-.0655446042812254,16428
606,0,marriage,-.0002009107697928,-.0655446042812254,16428
606,0,ln_income,-.0000818735950746,-.0655446042812254,16428
606,0,health,-.0003843368062561,-.0655446042812254,16428
606,0,sportsArea,.0045034289626672,-.0655446042812254,16428
606,0,year14,-.0060730495450625,-.0655446042812254,16428
606,0,rice10,-.0315171704088455,-.0655446042812254,16428
606,0,ln_gdp_hist,.0163918155055909,-.0655446042812254,16428
606,0,urban2000_10,-.0058907706063393,-.0655446042812254,16428
606,0,diff,-.0655446042812254,-.0655446042812254,16428
606,0,expl,-.0579013500350378,-.0655446042812254,16428
606,0,pr_0,.1447761194029851,-.0655446042812254,16428
606,0,pr_1,.2103207236842105,-.0655446042812254,16428
607,0,edu,-.0073743033612016,-.0430957791616529,11969
607,0,plants,-.0109046548945243,-.0430957791616529,11969
607,0,age,.0001100706296314,-.0430957791616529,11969
607,0,gender,-.0002138398873417,-.0430957791616529,11969
607,0,marriage,.0005500501564136,-.0430957791616529,11969
607,0,ln_income,-.0000433144881628,-.0430957791616529,11969
607,0,health,-.0008160788772476,-.0430957791616529,11969
607,0,sportsArea,.004703923327774,-.0430957791616529,11969
607,0,year14,-.0026596368718572,-.0430957791616529,11969
607,0,rice10,-.0466025405661561,-.0430957791616529,11969
607,0,ln_gdp_hist,.0231165437324694,-.0430957791616529,11969
607,0,urban2000_10,.0011772914060342,-.0430957791616529,11969
607,0,diff,-.0430957791616529,-.0430957791616529,11969
607,0,expl,-.0388744433562401,-.0430957791616529,11969
607,0,pr_0,.1581178465451462,-.0430957791616529,11969
607,0,pr_1,.2012136257067991,-.0430957791616529,11969
608,0,edu,-.008570545913406,-.0450425240441266,15026
608,0,plants,.0128674773405115,-.0450425240441266,15026
608,0,age,.0011621317936786,-.0450425240441266,15026
608,0,gender,.0003660558947666,-.0450425240441266,15026
608,0,marriage,-.0005759492281011,-.0450425240441266,15026
608,0,ln_income,.0002123832077233,-.0450425240441266,15026
608,0,health,-.0008485708052012,-.0450425240441266,15026
608,0,sportsArea,.0037955841966809,-.0450425240441266,15026
608,0,year14,-.0076106925663361,-.0450425240441266,15026
608,0,rice10,-.0451673490115258,-.0450425240441266,15026
608,0,ln_gdp_hist,.0214083870895963,-.0450425240441266,15026
608,0,urban2000_10,-.0226939962316996,-.0450425240441266,15026
608,0,diff,-.0450425240441266,-.0450425240441266,15026
608,0,expl,-.0457094812318667,-.0450425240441266,15026
608,0,pr_0,.1610438024231128,-.0450425240441266,15026
608,0,pr_1,.2060863264672394,-.0450425240441266,15026
609,0,edu,-.005950287545472,-.0534644984013608,16352
609,0,plants,.0223038213355845,-.0534644984013608,16352
609,0,age,.0008819193210898,-.0534644984013608,16352
609,0,gender,.0004333017362952,-.0534644984013608,16352
609,0,marriage,-.0007110199141491,-.0534644984013608,16352
609,0,ln_income,.000308461570789,-.0534644984013608,16352
609,0,health,-.0011430485685957,-.0534644984013608,16352
609,0,sportsArea,.0029926588555183,-.0534644984013608,16352
609,0,year14,-.009314168968607,-.0534644984013608,16352
609,0,rice10,-.059393845414887,-.0534644984013608,16352
609,0,ln_gdp_hist,.0125391816907046,-.0534644984013608,16352
609,0,urban2000_10,-.0152536394024755,-.0534644984013608,16352
609,0,diff,-.0534644984013608,-.0534644984013608,16352
609,0,expl,-.052403204127866,-.0534644984013608,16352
609,0,pr_0,.1522893641452562,-.0534644984013608,16352
609,0,pr_1,.205753862546617,-.0534644984013608,16352
610,0,edu,-.0142792954566164,-.1249636028451495,17501
610,0,plants,-.0407898786003364,-.1249636028451495,17501
610,0,age,-.003612068936302,-.1249636028451495,17501
610,0,gender,.0006550289412561,-.1249636028451495,17501
610,0,marriage,.0001476373511618,-.1249636028451495,17501
610,0,ln_income,-.0000127930212048,-.1249636028451495,17501
610,0,health,-.0006704677446514,-.1249636028451495,17501
610,0,sportsArea,.0100561060824719,-.1249636028451495,17501
610,0,year14,-.0074613143516208,-.1249636028451495,17501
610,0,rice10,-.0521015710223587,-.1249636028451495,17501
610,0,ln_gdp_hist,-.0044844624685929,-.1249636028451495,17501
610,0,urban2000_10,-.0002912312855801,-.1249636028451495,17501
610,0,diff,-.1249636028451495,-.1249636028451495,17501
610,0,expl,-.1128314438141221,-.1249636028451495,17501
610,0,pr_0,.1203379024545744,-.1249636028451495,17501
610,0,pr_1,.2453015052997239,-.1249636028451495,17501
611,0,edu,-.0033861882743967,-.03663047303058,17488
611,0,plants,-.0237303216039853,-.03663047303058,17488
611,0,age,.0020545059036376,-.03663047303058,17488
611,0,gender,.0005022054823734,-.03663047303058,17488
611,0,marriage,.0004002382170381,-.03663047303058,17488
611,0,ln_income,-.0000683610607055,-.03663047303058,17488
611,0,health,-.0017092014458225,-.03663047303058,17488
611,0,sportsArea,.0054912310369791,-.03663047303058,17488
611,0,year14,-.0026462633150197,-.03663047303058,17488
611,0,rice10,-.0473740170880768,-.03663047303058,17488
611,0,ln_gdp_hist,.0582542401445495,-.03663047303058,17488
611,0,urban2000_10,-.0242171590090975,-.03663047303058,17488
611,0,diff,-.03663047303058,-.03663047303058,17488
611,0,expl,-.036377029729527,-.03663047303058,17488
611,0,pr_0,.1778550414549345,-.03663047303058,17488
611,0,pr_1,.2144855144855145,-.03663047303058,17488
612,0,edu,-.0160914523780304,-.0856030693752076,16828
612,0,plants,-.0109068635588133,-.0856030693752076,16828
612,0,age,.000803508721972,-.0856030693752076,16828
612,0,gender,.0006993444797522,-.0856030693752076,16828
612,0,marriage,-.0000612580330195,-.0856030693752076,16828
612,0,ln_income,.0000445361454239,-.0856030693752076,16828
612,0,health,-.0009588478174774,-.0856030693752076,16828
612,0,sportsArea,.003366916888493,-.0856030693752076,16828
612,0,year14,-.0083378221090995,-.0856030693752076,16828
612,0,rice10,-.0365343506911849,-.0856030693752076,16828
612,0,ln_gdp_hist,-.0149795267516913,-.0856030693752076,16828
612,0,urban2000_10,-.0015077298000371,-.0856030693752076,16828
612,0,diff,-.0856030693752076,-.0856030693752076,16828
612,0,expl,-.0844915602313019,-.0856030693752076,16828
612,0,pr_0,.1265264586160109,-.0856030693752076,16828
612,0,pr_1,.2121295279912185,-.0856030693752076,16828
613,0,edu,-.0100509007647392,-.1026612183848607,10893
613,0,plants,-.0264745280253025,-.1026612183848607,10893
613,0,age,-.0033559373860051,-.1026612183848607,10893
613,0,gender,.0007477127186897,-.1026612183848607,10893
613,0,marriage,.0011508905179916,-.1026612183848607,10893
613,0,ln_income,-.0004710934460564,-.1026612183848607,10893
613,0,health,-.0005036171878203,-.1026612183848607,10893
613,0,sportsArea,.0054450794078213,-.1026612183848607,10893
613,0,year14,-.0094178878081635,-.1026612183848607,10893
613,0,rice10,-.046593665730137,-.1026612183848607,10893
613,0,ln_gdp_hist,.010551140682428,-.1026612183848607,10893
613,0,urban2000_10,-.0072346249346677,-.1026612183848607,10893
613,0,diff,-.1026612183848607,-.1026612183848607,10893
613,0,expl,-.0862711351209599,-.1026612183848607,10893
613,0,pr_0,.1326692325107539,-.1026612183848607,10893
613,0,pr_1,.2353304508956146,-.1026612183848607,10893
614,0,edu,-.0028309495556438,-.0281756675027516,17831
614,0,plants,-.00139710168428,-.0281756675027516,17831
614,0,age,.0026610580517255,-.0281756675027516,17831
614,0,gender,.0000753744671607,-.0281756675027516,17831
614,0,marriage,.0006383067142897,-.0281756675027516,17831
614,0,ln_income,-.0001568747022167,-.0281756675027516,17831
614,0,health,-.0009220488082058,-.0281756675027516,17831
614,0,sportsArea,.0056940775533831,-.0281756675027516,17831
614,0,year14,-.0050570088016133,-.0281756675027516,17831
614,0,rice10,-.0412021047243955,-.0281756675027516,17831
614,0,ln_gdp_hist,.0785586445060956,-.0281756675027516,17831
614,0,urban2000_10,-.0588361817304539,-.0281756675027516,17831
614,0,diff,-.0281756675027516,-.0281756675027516,17831
614,0,expl,-.0225877586546296,-.0281756675027516,17831
614,0,pr_0,.1883784710318821,-.0281756675027516,17831
614,0,pr_1,.2165541385346337,-.0281756675027516,17831
615,0,edu,-.0110393579011295,-.0558006686572394,21933
615,0,plants,-.0186188112261918,-.0558006686572394,21933
615,0,age,.0009074012054094,-.0558006686572394,21933
615,0,gender,.0002574320432974,-.0558006686572394,21933
615,0,marriage,-.0017899029095685,-.0558006686572394,21933
615,0,ln_income,.0002519447807462,-.0558006686572394,21933
615,0,health,.0000209514005635,-.0558006686572394,21933
615,0,sportsArea,.0003012715989161,-.0558006686572394,21933
615,0,year14,-.0098826307660302,-.0558006686572394,21933
615,0,rice10,-.0049638391669972,-.0558006686572394,21933
615,0,ln_gdp_hist,.0005953393345359,-.0558006686572394,21933
615,0,urban2000_10,-.0086892871188999,-.0558006686572394,21933
615,0,diff,-.0558006686572394,-.0558006686572394,21933
615,0,expl,-.0528931944688836,-.0558006686572394,21933
615,0,pr_0,.1297446514837819,-.0558006686572394,21933
615,0,pr_1,.1855453201410213,-.0558006686572394,21933
616,0,edu,-.0080007442021565,-.0770318082186582,13858
616,0,plants,-.0150565072846665,-.0770318082186582,13858
616,0,age,-.0027953212950753,-.0770318082186582,13858
616,0,gender,.000369055007342,-.0770318082186582,13858
616,0,marriage,-.0003523999727419,-.0770318082186582,13858
616,0,ln_income,-.0001312633303347,-.0770318082186582,13858
616,0,health,.0001405476625579,-.0770318082186582,13858
616,0,sportsArea,.0104364590553613,-.0770318082186582,13858
616,0,year14,-.0035346908333513,-.0770318082186582,13858
616,0,rice10,-.0448862267721603,-.0770318082186582,13858
616,0,ln_gdp_hist,-.0038453137350433,-.0770318082186582,13858
616,0,urban2000_10,-.0007631793094202,-.0770318082186582,13858
616,0,diff,-.0770318082186582,-.0770318082186582,13858
616,0,expl,-.0685575149864314,-.0770318082186582,13858
616,0,pr_0,.1324558947073649,-.0770318082186582,13858
616,0,pr_1,.2094877029260231,-.0770318082186582,13858
617,0,edu,-.0060501101875485,-.0538829988544196,11539
617,0,plants,-.0022866839122244,-.0538829988544196,11539
617,0,age,.0021761782651537,-.0538829988544196,11539
617,0,gender,.0001925276520549,-.0538829988544196,11539
617,0,marriage,-.0010280867226334,-.0538829988544196,11539
617,0,ln_income,.0003467973379695,-.0538829988544196,11539
617,0,health,.0001883916432577,-.0538829988544196,11539
617,0,sportsArea,.0040939981611292,-.0538829988544196,11539
617,0,year14,-.0102640871423711,-.0538829988544196,11539
617,0,rice10,-.0525287812567925,-.0538829988544196,11539
617,0,ln_gdp_hist,.0212922757269104,-.0538829988544196,11539
617,0,urban2000_10,-.0100091381132058,-.0538829988544196,11539
617,0,diff,-.0538829988544196,-.0538829988544196,11539
617,0,expl,-.0539271793830799,-.0538829988544196,11539
617,0,pr_0,.1562366964665815,-.0538829988544196,11539
617,0,pr_1,.2101196953210011,-.0538829988544196,11539
618,0,edu,-.0162950554658928,-.1093422260665525,14490
618,0,plants,-.042801959903267,-.1093422260665525,14490
618,0,age,-.0017976872686004,-.1093422260665525,14490
618,0,gender,.0003164000341383,-.1093422260665525,14490
618,0,marriage,.0001617767430115,-.1093422260665525,14490
618,0,ln_income,.0000525082911252,-.1093422260665525,14490
618,0,health,-.0013580305942609,-.1093422260665525,14490
618,0,sportsArea,.0074655566606526,-.1093422260665525,14490
618,0,year14,-.0101444011636979,-.1093422260665525,14490
618,0,rice10,-.047157771091959,-.1093422260665525,14490
618,0,ln_gdp_hist,.0020001760145171,-.1093422260665525,14490
618,0,urban2000_10,.0086917614341643,-.1093422260665525,14490
618,0,diff,-.1093422260665525,-.1093422260665525,14490
618,0,expl,-.1008334357819359,-.1093422260665525,14490
618,0,pr_0,.1416376857413848,-.1093422260665525,14490
618,0,pr_1,.2509799118079373,-.1093422260665525,14490
619,0,edu,-.0139510950320265,-.0690466306904663,10591
619,0,plants,-.0010012684952193,-.0690466306904663,10591
619,0,age,.00257417733819,-.0690466306904663,10591
619,0,gender,.0009596923510356,-.0690466306904663,10591
619,0,marriage,.001621812995625,-.0690466306904663,10591
619,0,ln_income,.0001023492978861,-.0690466306904663,10591
619,0,health,-.0031411638125731,-.0690466306904663,10591
619,0,sportsArea,-.0000937744664172,-.0690466306904663,10591
619,0,year14,-.0139115616018699,-.0690466306904663,10591
619,0,rice10,-.0415256583533342,-.0690466306904663,10591
619,0,ln_gdp_hist,-.0036507585989302,-.0690466306904663,10591
619,0,urban2000_10,-.0023422627453107,-.0690466306904663,10591
619,0,diff,-.0690466306904663,-.0690466306904663,10591
619,0,expl,-.0743978713642821,-.0690466306904663,10591
619,0,pr_0,.1531755915317559,-.0690466306904663,10591
619,0,pr_1,.2222222222222222,-.0690466306904663,10591
620,0,edu,-.0123407538361547,-.1237506151761066,14569
620,0,plants,-.0369138856727446,-.1237506151761066,14569
620,0,age,-.0027307162476487,-.1237506151761066,14569
620,0,gender,.0005173897842708,-.1237506151761066,14569
620,0,marriage,-.0001988277327943,-.1237506151761066,14569
620,0,ln_income,-.0001942167389596,-.1237506151761066,14569
620,0,health,-.0000501765970111,-.1237506151761066,14569
620,0,sportsArea,.0080972487179477,-.1237506151761066,14569
620,0,year14,-.0065603987044341,-.1237506151761066,14569
620,0,rice10,-.05945453640138,-.1237506151761066,14569
620,0,ln_gdp_hist,-.002918119657717,-.1237506151761066,14569
620,0,urban2000_10,.0000955388760713,-.1237506151761066,14569
620,0,diff,-.1237506151761066,-.1237506151761066,14569
620,0,expl,-.1125794865484304,-.1237506151761066,14569
620,0,pr_0,.1218414676358602,-.1237506151761066,14569
620,0,pr_1,.2455920828119668,-.1237506151761066,14569
621,0,edu,.002146199592576,.0169364962493739,16577
621,0,plants,.0071967779658472,.0169364962493739,16577
621,0,age,-.0015329583775229,.0169364962493739,16577
621,0,gender,-.0009436830127358,.0169364962493739,16577
621,0,marriage,-.0009630649883324,.0169364962493739,16577
621,0,ln_income,-.0000154404875662,.0169364962493739,16577
621,0,health,-.0008824280061189,.0169364962493739,16577
621,0,sportsArea,.0030699313450607,.0169364962493739,16577
621,0,year14,.0024373762848867,.0169364962493739,16577
621,0,rice10,-.0211613890299354,.0169364962493739,16577
621,0,ln_gdp_hist,-.017761939827748,.0169364962493739,16577
621,0,urban2000_10,.0428626537191493,.0169364962493739,16577
621,0,diff,.0169364962493739,.0169364962493739,16577
621,0,expl,.0144091671898598,.0169364962493739,16577
621,0,pr_0,.1799733372833654,.0169364962493739,16577
621,0,pr_1,.1630368410339915,.0169364962493739,16577
622,0,edu,-.0005366160740766,-.0332113810502529,14723
622,0,plants,.0244616521829699,-.0332113810502529,14723
622,0,age,-.0008257567741413,-.0332113810502529,14723
622,0,gender,-.0001664886773852,-.0332113810502529,14723
622,0,marriage,-.0008421614324461,-.0332113810502529,14723
622,0,ln_income,.0004964417627333,-.0332113810502529,14723
622,0,health,.0002556087739332,-.0332113810502529,14723
622,0,sportsArea,.0056883723782748,-.0332113810502529,14723
622,0,year14,-.0020718529623682,-.0332113810502529,14723
622,0,rice10,-.0632254879740372,-.0332113810502529,14723
622,0,ln_gdp_hist,.0076077204957223,-.0332113810502529,14723
622,0,urban2000_10,-.0015185994235126,-.0332113810502529,14723
622,0,diff,-.0332113810502529,-.0332113810502529,14723
622,0,expl,-.0306252589842766,-.0332113810502529,14723
622,0,pr_0,.1427813163481953,-.0332113810502529,14723
622,0,pr_1,.1759926973984482,-.0332113810502529,14723
623,0,edu,-.0118257969212549,-.0799128868027771,6813
623,0,plants,-.0135302927750797,-.0799128868027771,6813
623,0,age,.0016779968752765,-.0799128868027771,6813
623,0,gender,.0005222763705317,-.0799128868027771,6813
623,0,marriage,.0017087656314395,-.0799128868027771,6813
623,0,ln_income,-.0003390124900771,-.0799128868027771,6813
623,0,health,-.0010619422090288,-.0799128868027771,6813
623,0,sportsArea,-.0004103217345987,-.0799128868027771,6813
623,0,year14,-.0134777862316077,-.0799128868027771,6813
623,0,rice10,-.0261001594417274,-.0799128868027771,6813
623,0,ln_gdp_hist,-.0055025775900372,-.0799128868027771,6813
623,0,urban2000_10,-.0048322870981398,-.0799128868027771,6813
623,0,diff,-.0799128868027771,-.0799128868027771,6813
623,0,expl,-.0731347644615533,-.0799128868027771,6813
623,0,pr_0,.1329516539440204,-.0799128868027771,6813
623,0,pr_1,.2128645407467975,-.0799128868027771,6813
624,0,edu,-.0026891201339426,-.0358163308726094,10713
624,0,plants,-.0117833784134991,-.0358163308726094,10713
624,0,age,-.0015114381405355,-.0358163308726094,10713
624,0,gender,.00062444135274,-.0358163308726094,10713
624,0,marriage,.0000276038898383,-.0358163308726094,10713
624,0,ln_income,-.0004481001639648,-.0358163308726094,10713
624,0,health,.0000842883414612,-.0358163308726094,10713
624,0,sportsArea,.0102073563145632,-.0358163308726094,10713
624,0,year14,-.0021285201969639,-.0358163308726094,10713
624,0,rice10,-.0382144409769085,-.0358163308726094,10713
624,0,ln_gdp_hist,-.0031786522225198,-.0358163308726094,10713
624,0,urban2000_10,.0151995689522338,-.0358163308726094,10713
624,0,diff,-.0358163308726094,-.0358163308726094,10713
624,0,expl,-.0336493216192003,-.0358163308726094,10713
624,0,pr_0,.1499798142914816,-.0358163308726094,10713
624,0,pr_1,.185796145164091,-.0358163308726094,10713
625,0,edu,-.0074403236801713,-.0559315083535049,13063
625,0,plants,.0043461673406003,-.0559315083535049,13063
625,0,age,-.0003767679980655,-.0559315083535049,13063
625,0,gender,.0001064933857426,-.0559315083535049,13063
625,0,marriage,-.0016115794728858,-.0559315083535049,13063
625,0,ln_income,.0007577834974832,-.0559315083535049,13063
625,0,health,6.88425422536e-06,-.0559315083535049,13063
625,0,sportsArea,.0050931601221702,-.0559315083535049,13063
625,0,year14,-.0108313720173695,-.0559315083535049,13063
625,0,rice10,-.054082912187916,-.0559315083535049,13063
625,0,ln_gdp_hist,.0080972231566128,-.0559315083535049,13063
625,0,urban2000_10,.0012044626029786,-.0559315083535049,13063
625,0,diff,-.0559315083535049,-.0559315083535049,13063
625,0,expl,-.054639566880112,-.0559315083535049,13063
625,0,pr_0,.1517434352130865,-.0559315083535049,13063
625,0,pr_1,.2076749435665914,-.0559315083535049,13063
626,0,edu,-.0140717568851308,-.1036975360942518,11159
626,0,plants,-.0624724573722408,-.1036975360942518,11159
626,0,age,.0024362737382074,-.1036975360942518,11159
626,0,gender,.0009891031823143,-.1036975360942518,11159
626,0,marriage,.0001596464539685,-.1036975360942518,11159
626,0,ln_income,-.0005567648500819,-.1036975360942518,11159
626,0,health,-.0015571587305383,-.1036975360942518,11159
626,0,sportsArea,.0024188773396296,-.1036975360942518,11159
626,0,year14,-.0101112648472673,-.1036975360942518,11159
626,0,rice10,-.0285093482403495,-.1036975360942518,11159
626,0,ln_gdp_hist,.0000920801578048,-.1036975360942518,11159
626,0,urban2000_10,.0121062137626526,-.1036975360942518,11159
626,0,diff,-.1036975360942518,-.1036975360942518,11159
626,0,expl,-.0991076751494268,-.1036975360942518,11159
626,0,pr_0,.1417736289381564,-.1036975360942518,11159
626,0,pr_1,.2454711650324082,-.1036975360942518,11159
627,0,edu,-.0039096543477862,-.0209447321062722,9833
627,0,plants,.0287780386713808,-.0209447321062722,9833
627,0,age,-.0005222193783416,-.0209447321062722,9833
627,0,gender,.0001926055805866,-.0209447321062722,9833
627,0,marriage,-.0008142741766318,-.0209447321062722,9833
627,0,ln_income,.0006521403297226,-.0209447321062722,9833
627,0,health,-.0002387128635388,-.0209447321062722,9833
627,0,sportsArea,.0031516884459526,-.0209447321062722,9833
627,0,year14,-.005489136468634,-.0209447321062722,9833
627,0,rice10,-.0417769286027979,-.0209447321062722,9833
627,0,ln_gdp_hist,.0017226554327762,-.0209447321062722,9833
627,0,urban2000_10,-.0001143814021864,-.0209447321062722,9833
627,0,diff,-.0209447321062722,-.0209447321062722,9833
627,0,expl,-.018431111026443,-.0209447321062722,9833
627,0,pr_0,.1600166251039069,-.0209447321062722,9833
627,0,pr_1,.1809613572101791,-.0209447321062722,9833
628,0,edu,-.0109169915878,-.0672141682901439,15917
628,0,plants,-.0124463371526975,-.0672141682901439,15917
628,0,age,.0009763713520423,-.0672141682901439,15917
628,0,gender,.0009203986520429,-.0672141682901439,15917
628,0,marriage,.0001120753509176,-.0672141682901439,15917
628,0,ln_income,-.0001478335162766,-.0672141682901439,15917
628,0,health,-.0012095521178088,-.0672141682901439,15917
628,0,sportsArea,.0063574502041874,-.0672141682901439,15917
628,0,year14,-.0054897840771136,-.0672141682901439,15917
628,0,rice10,-.0422230929704774,-.0672141682901439,15917
628,0,ln_gdp_hist,.0061903580275974,-.0672141682901439,15917
628,0,urban2000_10,-.0087640286660559,-.0672141682901439,15917
628,0,diff,-.0672141682901439,-.0672141682901439,15917
628,0,expl,-.0668442086341114,-.0672141682901439,15917
628,0,pr_0,.1422735346358792,-.0672141682901439,15917
628,0,pr_1,.2094877029260231,-.0672141682901439,15917
629,0,edu,-.0096619517802083,-.048949543253744,17555
629,0,plants,-.0005273071623919,-.048949543253744,17555
629,0,age,.0021505675802009,-.048949543253744,17555
629,0,gender,.000382188477937,-.048949543253744,17555
629,0,marriage,.000324361758267,-.048949543253744,17555
629,0,ln_income,.0002003931164609,-.048949543253744,17555
629,0,health,-.0018013338478794,-.048949543253744,17555
629,0,sportsArea,.0048430404646839,-.048949543253744,17555
629,0,year14,-.0075682149842934,-.048949543253744,17555
629,0,rice10,-.0382660958125704,-.048949543253744,17555
629,0,ln_gdp_hist,.0253995191849056,-.048949543253744,17555
629,0,urban2000_10,-.0226315099998366,-.048949543253744,17555
629,0,diff,-.048949543253744,-.048949543253744,17555
629,0,expl,-.0471876670809137,-.048949543253744,17555
629,0,pr_0,.1654888103651355,-.048949543253744,17555
629,0,pr_1,.2144383536188795,-.048949543253744,17555
630,0,edu,-.0176984479010977,-.1095232901929154,8372
630,0,plants,-.0124999657617746,-.1095232901929154,8372
630,0,age,-.0005689968622439,-.1095232901929154,8372
630,0,gender,.000758445141778,-.1095232901929154,8372
630,0,marriage,.0007332927039777,-.1095232901929154,8372
630,0,ln_income,-.0002219269569787,-.1095232901929154,8372
630,0,health,-.0024502010225226,-.1095232901929154,8372
630,0,sportsArea,.0017482991038797,-.1095232901929154,8372
630,0,year14,-.0111302481123179,-.1095232901929154,8372
630,0,rice10,-.0430492837869174,-.1095232901929154,8372
630,0,ln_gdp_hist,-.0107906977612032,-.1095232901929154,8372
630,0,urban2000_10,-.0071620518139702,-.1095232901929154,8372
630,0,diff,-.1095232901929154,-.1095232901929154,8372
630,0,expl,-.1023292591201808,-.1095232901929154,8372
630,0,pr_0,.126346015793252,-.1095232901929154,8372
630,0,pr_1,.2358693059861674,-.1095232901929154,8372
631,0,edu,-.0044391611573597,-.0378639894067321,20183
631,0,plants,.005405106158784,-.0378639894067321,20183
631,0,age,.002958732894264,-.0378639894067321,20183
631,0,gender,-.0000991539075689,-.0378639894067321,20183
631,0,marriage,-.0007431588564158,-.0378639894067321,20183
631,0,ln_income,.0003519205475422,-.0378639894067321,20183
631,0,health,-.0001268543391163,-.0378639894067321,20183
631,0,sportsArea,.0029014348304603,-.0378639894067321,20183
631,0,year14,-.0073939117041838,-.0378639894067321,20183
631,0,rice10,-.0381702193074858,-.0378639894067321,20183
631,0,ln_gdp_hist,.0520260080925747,-.0378639894067321,20183
631,0,urban2000_10,-.0436729003195095,-.0378639894067321,20183
631,0,diff,-.0378639894067321,-.0378639894067321,20183
631,0,expl,-.0310469523613008,-.0378639894067321,20183
631,0,pr_0,.1640803866700585,-.0378639894067321,20183
631,0,pr_1,.2019443760767906,-.0378639894067321,20183
632,0,edu,-.0039909866256347,-.0507151153393649,13292
632,0,plants,-.0042919743547553,-.0507151153393649,13292
632,0,age,-.0006648481612981,-.0507151153393649,13292
632,0,gender,.0000782080097916,-.0507151153393649,13292
632,0,marriage,-.0009079407040741,-.0507151153393649,13292
632,0,ln_income,.0004247311099182,-.0507151153393649,13292
632,0,health,-.0001627274285691,-.0507151153393649,13292
632,0,sportsArea,.0051108929104083,-.0507151153393649,13292
632,0,year14,-.0047787905560706,-.0507151153393649,13292
632,0,rice10,-.0737324792442392,-.0507151153393649,13292
632,0,ln_gdp_hist,.064227498995818,-.0507151153393649,13292
632,0,urban2000_10,-.0282532160325905,-.0507151153393649,13292
632,0,diff,-.0507151153393649,-.0507151153393649,13292
632,0,expl,-.0470601310857631,-.0507151153393649,13292
632,0,pr_0,.1535315985130112,-.0507151153393649,13292
632,0,pr_1,.2042467138523761,-.0507151153393649,13292
633,0,edu,-.0097497550337026,-.0621477040922526,11092
633,0,plants,.0231267836893118,-.0621477040922526,11092
633,0,age,.0008140693633424,-.0621477040922526,11092
633,0,gender,.0010904769787349,-.0621477040922526,11092
633,0,marriage,.001159037733785,-.0621477040922526,11092
633,0,ln_income,.0000950434151976,-.0621477040922526,11092
633,0,health,-.0021490875752547,-.0621477040922526,11092
633,0,sportsArea,.005264418482968,-.0621477040922526,11092
633,0,year14,-.0092011252880823,-.0621477040922526,11092
633,0,rice10,-.0671768991500323,-.0621477040922526,11092
633,0,ln_gdp_hist,.0199515254927101,-.0621477040922526,11092
633,0,urban2000_10,-.0270978649957838,-.0621477040922526,11092
633,0,diff,-.0621477040922526,-.0621477040922526,11092
633,0,expl,-.0638653861943038,-.0621477040922526,11092
633,0,pr_0,.170205237084218,-.0621477040922526,11092
633,0,pr_1,.2323529411764706,-.0621477040922526,11092
634,0,edu,-.0135904350338358,-.0980805368371471,10931
634,0,plants,.0468091939986651,-.0980805368371471,10931
634,0,age,.0008985143178752,-.0980805368371471,10931
634,0,gender,.0001193610231473,-.0980805368371471,10931
634,0,marriage,-.000864691925457,-.0980805368371471,10931
634,0,ln_income,.0010191945942935,-.0980805368371471,10931
634,0,health,-.0012122065906708,-.0980805368371471,10931
634,0,sportsArea,.0024056105065524,-.0980805368371471,10931
634,0,year14,-.0100409846234707,-.0980805368371471,10931
634,0,rice10,-.1387947670571492,-.0980805368371471,10931
634,0,ln_gdp_hist,.0101675937802262,-.0980805368371471,10931
634,0,urban2000_10,-.000984204500952,-.0980805368371471,10931
634,0,diff,-.0980805368371471,-.0980805368371471,10931
634,0,expl,-.1039868567072777,-.0980805368371471,10931
634,0,pr_0,.1438307873090482,-.0980805368371471,10931
634,0,pr_1,.2419113241461953,-.0980805368371471,10931
635,0,edu,-.0064115237300111,-.0622851874713972,13197
635,0,plants,-.0540005853985811,-.0622851874713972,13197
635,0,age,.0009126096603989,-.0622851874713972,13197
635,0,gender,.0008897571877056,-.0622851874713972,13197
635,0,marriage,.0017558928323916,-.0622851874713972,13197
635,0,ln_income,-.0006112194648824,-.0622851874713972,13197
635,0,health,-.0024675995379303,-.0622851874713972,13197
635,0,sportsArea,.0044078156621649,-.0622851874713972,13197
635,0,year14,-.0096037390802697,-.0622851874713972,13197
635,0,rice10,-.0218631143790639,-.0622851874713972,13197
635,0,ln_gdp_hist,-.0006110698080972,-.0622851874713972,13197
635,0,urban2000_10,.0346407837424865,-.0622851874713972,13197
635,0,diff,-.0622851874713972,-.0622851874713972,13197
635,0,expl,-.0529420162676053,-.0622851874713972,13197
635,0,pr_0,.1775303390466658,-.0622851874713972,13197
635,0,pr_1,.239815526518063,-.0622851874713972,13197
636,0,edu,-.0198069989744455,-.1186617279845873,13513
636,0,plants,-.0253108376029028,-.1186617279845873,13513
636,0,age,-.0006070098186099,-.1186617279845873,13513
636,0,gender,.0007987437399956,-.1186617279845873,13513
636,0,marriage,.0017888221528985,-.1186617279845873,13513
636,0,ln_income,-.0000217243442834,-.1186617279845873,13513
636,0,health,-.0023654283381542,-.1186617279845873,13513
636,0,sportsArea,.0050356471355484,-.1186617279845873,13513
636,0,year14,-.0098633707115526,-.1186617279845873,13513
636,0,rice10,-.0518948263887805,-.1186617279845873,13513
636,0,ln_gdp_hist,-.0064468715958025,-.1186617279845873,13513
636,0,urban2000_10,-.0002281704514034,-.1186617279845873,13513
636,0,diff,-.1186617279845873,-.1186617279845873,13513
636,0,expl,-.1090650165733098,-.1186617279845873,13513
636,0,pr_0,.1243104082383229,-.1186617279845873,13513
636,0,pr_1,.2429721362229102,-.1186617279845873,13513
637,0,edu,-.011623464326681,-.0526306920122023,8471
637,0,plants,.0036821677409151,-.0526306920122023,8471
637,0,age,.001926405963734,-.0526306920122023,8471
637,0,gender,.0015087761870977,-.0526306920122023,8471
637,0,marriage,.0010366483311293,-.0526306920122023,8471
637,0,ln_income,-.0004739211686984,-.0526306920122023,8471
637,0,health,-.0023471370368354,-.0526306920122023,8471
637,0,sportsArea,-.005416357037925,-.0526306920122023,8471
637,0,year14,-.0221836298814548,-.0526306920122023,8471
637,0,rice10,-.01859712722852,-.0526306920122023,8471
637,0,ln_gdp_hist,.002621287752069,-.0526306920122023,8471
637,0,urban2000_10,-.0036169152489035,-.0526306920122023,8471
637,0,diff,-.0526306920122023,-.0526306920122023,8471
637,0,expl,-.0535333864092016,-.0526306920122023,8471
637,0,pr_0,.160007538635507,-.0526306920122023,8471
637,0,pr_1,.2126382306477093,-.0526306920122023,8471
638,0,edu,-.0087254943545754,-.0379701930779719,19063
638,0,plants,.0206439458070185,-.0379701930779719,19063
638,0,age,-.0004476525571791,-.0379701930779719,19063
638,0,gender,.0001644434002316,-.0379701930779719,19063
638,0,marriage,-.0011429806624745,-.0379701930779719,19063
638,0,ln_income,.0002800138221219,-.0379701930779719,19063
638,0,health,-.0005486168471175,-.0379701930779719,19063
638,0,sportsArea,.0060283509022652,-.0379701930779719,19063
638,0,year14,-.0058036697604769,-.0379701930779719,19063
638,0,rice10,-.0591466859927924,-.0379701930779719,19063
638,0,ln_gdp_hist,.0315814314845909,-.0379701930779719,19063
638,0,urban2000_10,-.0216389795052049,-.0379701930779719,19063
638,0,diff,-.0379701930779719,-.0379701930779719,19063
638,0,expl,-.0387456427745522,-.0379701930779719,19063
638,0,pr_0,.1521976521976522,-.0379701930779719,19063
638,0,pr_1,.1901678452756241,-.0379701930779719,19063
639,0,edu,-.0138282911628601,-.0812476561031036,19623
639,0,plants,-.0195946073882641,-.0812476561031036,19623
639,0,age,.0002712291183277,-.0812476561031036,19623
639,0,gender,.0004156255219074,-.0812476561031036,19623
639,0,marriage,-.0001631949119192,-.0812476561031036,19623
639,0,ln_income,-.0000960509015483,-.0812476561031036,19623
639,0,health,-.0008931779168029,-.0812476561031036,19623
639,0,sportsArea,.0049944985424407,-.0812476561031036,19623
639,0,year14,-.0081120437141521,-.0812476561031036,19623
639,0,rice10,-.0263644012011615,-.0812476561031036,19623
639,0,ln_gdp_hist,.003356566272531,-.0812476561031036,19623
639,0,urban2000_10,-.0149178435849999,-.0812476561031036,19623
639,0,diff,-.0812476561031036,-.0812476561031036,19623
639,0,expl,-.074957725200668,-.0812476561031036,19623
639,0,pr_0,.1394393072068105,-.0812476561031036,19623
639,0,pr_1,.2206869633099141,-.0812476561031036,19623
640,0,edu,-.0079508194940827,-.0321676541710928,11859
640,0,plants,-.0224089773273763,-.0321676541710928,11859
640,0,age,-.0008623314822285,-.0321676541710928,11859
640,0,gender,8.45282742871e-06,-.0321676541710928,11859
640,0,marriage,-.000300030947925,-.0321676541710928,11859
640,0,ln_income,-.0001700771326309,-.0321676541710928,11859
640,0,health,-.0003314809216754,-.0321676541710928,11859
640,0,sportsArea,.0053376619609697,-.0321676541710928,11859
640,0,year14,-.003231714819458,-.0321676541710928,11859
640,0,rice10,-.0068304816112006,-.0321676541710928,11859
640,0,ln_gdp_hist,-.0139493938982109,-.0321676541710928,11859
640,0,urban2000_10,.02042087434038,-.0321676541710928,11859
640,0,diff,-.0321676541710928,-.0321676541710928,11859
640,0,expl,-.0304293652209935,-.0321676541710928,11859
640,0,pr_0,.1514322203977376,-.0321676541710928,11859
640,0,pr_1,.1835998745688304,-.0321676541710928,11859
641,0,edu,-.0124531419456036,-.0848197202440622,16631
641,0,plants,-.068866820302727,-.0848197202440622,16631
641,0,age,-.0010615913249789,-.0848197202440622,16631
641,0,gender,.0006142161004614,-.0848197202440622,16631
641,0,marriage,.0009053868550853,-.0848197202440622,16631
641,0,ln_income,-.0001584885245413,-.0848197202440622,16631
641,0,health,-.0017669159301195,-.0848197202440622,16631
641,0,sportsArea,.0061054481995926,-.0848197202440622,16631
641,0,year14,-.009031430404733,-.0848197202440622,16631
641,0,rice10,-.0017700295599089,-.0848197202440622,16631
641,0,ln_gdp_hist,-.000727820966441,-.0848197202440622,16631
641,0,urban2000_10,.010717095011777,-.0848197202440622,16631
641,0,diff,-.0848197202440622,-.0848197202440622,16631
641,0,expl,-.0774961989900006,-.0848197202440622,16631
641,0,pr_0,.1553605015673981,-.0848197202440622,16631
641,0,pr_1,.2401802218114603,-.0848197202440622,16631
642,0,edu,-.0144423060784507,-.0857080787324322,9449
642,0,plants,-.0063803269301183,-.0857080787324322,9449
642,0,age,.0024572775517796,-.0857080787324322,9449
642,0,gender,.000671415533764,-.0857080787324322,9449
642,0,marriage,.0016002283343632,-.0857080787324322,9449
642,0,ln_income,.0000886737716814,-.0857080787324322,9449
642,0,health,-.0020574083627843,-.0857080787324322,9449
642,0,sportsArea,-.0009158608207247,-.0857080787324322,9449
642,0,year14,-.017380326900892,-.0857080787324322,9449
642,0,rice10,-.0269656367356417,-.0857080787324322,9449
642,0,ln_gdp_hist,-.0147304114414204,-.0857080787324322,9449
642,0,urban2000_10,-.0013220973221806,-.0857080787324322,9449
642,0,diff,-.0857080787324322,-.0857080787324322,9449
642,0,expl,-.0793157756828377,-.0857080787324322,9449
642,0,pr_0,.1424154589371981,-.0857080787324322,9449
642,0,pr_1,.2281235376696303,-.0857080787324322,9449
643,0,edu,-.0102084403203289,-.0404314092357984,22184
643,0,plants,.0145028914929486,-.0404314092357984,22184
643,0,age,-.0012105332055991,-.0404314092357984,22184
643,0,gender,.0001821854349228,-.0404314092357984,22184
643,0,marriage,-.0017150768189764,-.0404314092357984,22184
643,0,ln_income,.0003438717848317,-.0404314092357984,22184
643,0,health,-.0000999811042887,-.0404314092357984,22184
643,0,sportsArea,.00478073455317,-.0404314092357984,22184
643,0,year14,-.0076480237708724,-.0404314092357984,22184
643,0,rice10,-.0437005565134735,-.0404314092357984,22184
643,0,ln_gdp_hist,.0087389997710191,-.0404314092357984,22184
643,0,urban2000_10,-.0042104650955732,-.0404314092357984,22184
643,0,diff,-.0404314092357984,-.0404314092357984,22184
643,0,expl,-.04024490686456,-.0404314092357984,22184
643,0,pr_0,.1380570785884999,-.0404314092357984,22184
643,0,pr_1,.1784884878242983,-.0404314092357984,22184
644,0,edu,-.0166775216532883,-.0961227694527396,19994
644,0,plants,-.0441762642419275,-.0961227694527396,19994
644,0,age,.0003879253580571,-.0961227694527396,19994
644,0,gender,.0005148335943964,-.0961227694527396,19994
644,0,marriage,.0008115351548625,-.0961227694527396,19994
644,0,ln_income,-.000016341876216,-.0961227694527396,19994
644,0,health,-.0013320363946995,-.0961227694527396,19994
644,0,sportsArea,.0053444632599854,-.0961227694527396,19994
644,0,year14,-.0100329905220588,-.0961227694527396,19994
644,0,rice10,-.020197021590973,-.0961227694527396,19994
644,0,ln_gdp_hist,.0001287659927309,-.0961227694527396,19994
644,0,urban2000_10,-.0002592334712705,-.0961227694527396,19994
644,0,diff,-.0961227694527396,-.0961227694527396,19994
644,0,expl,-.0855377090578845,-.0961227694527396,19994
644,0,pr_0,.1518049984572663,-.0961227694527396,19994
644,0,pr_1,.2479277679100059,-.0961227694527396,19994
645,0,edu,-.0064330386311448,-.0795455547872748,13771
645,0,plants,-.0237188749958104,-.0795455547872748,13771
645,0,age,.0034759535489139,-.0795455547872748,13771
645,0,gender,.0000374898626589,-.0795455547872748,13771
645,0,marriage,-.0010510613235865,-.0795455547872748,13771
645,0,ln_income,.0001259943459876,-.0795455547872748,13771
645,0,health,-.0002233683514245,-.0795455547872748,13771
645,0,sportsArea,-.0002617672845487,-.0795455547872748,13771
645,0,year14,-.0108203054261787,-.0795455547872748,13771
645,0,rice10,-.035705605855415,-.0795455547872748,13771
645,0,ln_gdp_hist,.0081538940506151,-.0795455547872748,13771
645,0,urban2000_10,-.0047069561162687,-.0795455547872748,13771
645,0,diff,-.0795455547872748,-.0795455547872748,13771
645,0,expl,-.0711087970855094,-.0795455547872748,13771
645,0,pr_0,.1313868613138686,-.0795455547872748,13771
645,0,pr_1,.2109324161011434,-.0795455547872748,13771
646,0,edu,-.0048495035840782,-.0393221338900354,16235
646,0,plants,-.015104300889308,-.0393221338900354,16235
646,0,age,.0025315252688631,-.0393221338900354,16235
646,0,gender,-.0000329334760487,-.0393221338900354,16235
646,0,marriage,.0004981529078519,-.0393221338900354,16235
646,0,ln_income,-.0000743843482876,-.0393221338900354,16235
646,0,health,-.001009230939062,-.0393221338900354,16235
646,0,sportsArea,.0046683081491245,-.0393221338900354,16235
646,0,year14,-.0020604741531628,-.0393221338900354,16235
646,0,rice10,-.0335468481104377,-.0393221338900354,16235
646,0,ln_gdp_hist,.0280691519064861,-.0393221338900354,16235
646,0,urban2000_10,-.0127653555093475,-.0393221338900354,16235
646,0,diff,-.0393221338900354,-.0393221338900354,16235
646,0,expl,-.0337563298889552,-.0393221338900354,16235
646,0,pr_0,.1652512384996462,-.0393221338900354,16235
646,0,pr_1,.2045733723896816,-.0393221338900354,16235
647,0,edu,-.0123393861499509,-.0338447830348392,10395
647,0,plants,.0042155493763623,-.0338447830348392,10395
647,0,age,.0007710161109523,-.0338447830348392,10395
647,0,gender,.0004508616672014,-.0338447830348392,10395
647,0,marriage,-.001456013659122,-.0338447830348392,10395
647,0,ln_income,.0008362850995688,-.0338447830348392,10395
647,0,health,-.0008298112014586,-.0338447830348392,10395
647,0,sportsArea,-.0033103922683121,-.0338447830348392,10395
647,0,year14,-.0128097614936657,-.0338447830348392,10395
647,0,rice10,-.0100272421801181,-.0338447830348392,10395
647,0,ln_gdp_hist,.0010083049060021,-.0338447830348392,10395
647,0,urban2000_10,-.0013995778988786,-.0338447830348392,10395
647,0,diff,-.0338447830348392,-.0338447830348392,10395
647,0,expl,-.0347535070067296,-.0338447830348392,10395
647,0,pr_0,.1488372093023256,-.0338447830348392,10395
647,0,pr_1,.1826819923371648,-.0338447830348392,10395
648,0,edu,.0001102985324095,-.0028205104838156,18779
648,0,plants,.018261527543235,-.0028205104838156,18779
648,0,age,-.0000351747867372,-.0028205104838156,18779
648,0,gender,-.0000854466754238,-.0028205104838156,18779
648,0,marriage,-.0000557393993766,-.0028205104838156,18779
648,0,ln_income,-.0000719120378465,-.0028205104838156,18779
648,0,health,-.0013308374989399,-.0028205104838156,18779
648,0,sportsArea,.005583804647788,-.0028205104838156,18779
648,0,year14,.0026640691884636,-.0028205104838156,18779
648,0,rice10,-.05154168603607,-.0028205104838156,18779
648,0,ln_gdp_hist,.036534762277192,-.0028205104838156,18779
648,0,urban2000_10,-.0127060022379269,-.0028205104838156,18779
648,0,diff,-.0028205104838156,-.0028205104838156,18779
648,0,expl,-.0026683349691287,-.0028205104838156,18779
648,0,pr_0,.1767460529836767,-.0028205104838156,18779
648,0,pr_1,.1795665634674923,-.0028205104838156,18779
649,0,edu,.0054957672061537,.013740513346203,14569
649,0,plants,.0109640005961456,.013740513346203,14569
649,0,age,-.0011536527172568,.013740513346203,14569
649,0,gender,-.0005307783059118,.013740513346203,14569
649,0,marriage,-.0007705726738073,.013740513346203,14569
649,0,ln_income,.0002983232044081,.013740513346203,14569
649,0,health,-.0006723282918933,.013740513346203,14569
649,0,sportsArea,.0067981638892951,.013740513346203,14569
649,0,year14,.0068425755807975,.013740513346203,14569
649,0,rice10,-.0684703430676065,.013740513346203,14569
649,0,ln_gdp_hist,.0584849259058123,.013740513346203,14569
649,0,urban2000_10,-.0041476074665309,.013740513346203,14569
649,0,diff,.013740513346203,.013740513346203,14569
649,0,expl,.0132038754765364,.013740513346203,14569
649,0,pr_0,.1807057989005143,.013740513346203,14569
649,0,pr_1,.1669652855543113,.013740513346203,14569
650,0,edu,-.0122735592937358,-.0670393526796732,22766
650,0,plants,.0077931488231112,-.0670393526796732,22766
650,0,age,.001898020076239,-.0670393526796732,22766
650,0,gender,.0005758773311528,-.0670393526796732,22766
650,0,marriage,-.0003943905426411,-.0670393526796732,22766
650,0,ln_income,.0001198081303116,-.0670393526796732,22766
650,0,health,-.0005817634882848,-.0670393526796732,22766
650,0,sportsArea,.0068621102792033,-.0670393526796732,22766
650,0,year14,-.007285257746434,-.0670393526796732,22766
650,0,rice10,-.0620315217858637,-.0670393526796732,22766
650,0,ln_gdp_hist,.0414533503614018,-.0670393526796732,22766
650,0,urban2000_10,-.045828589153236,-.0670393526796732,22766
650,0,diff,-.0670393526796732,-.0670393526796732,22766
650,0,expl,-.0696806069277069,-.0670393526796732,22766
650,0,pr_0,.1651566628916572,-.0670393526796732,22766
650,0,pr_1,.2321960155713304,-.0670393526796732,22766
651,0,edu,-.0172468854056665,-.0967471059985165,8594
651,0,plants,-.0090281947616694,-.0967471059985165,8594
651,0,age,.0018677138764991,-.0967471059985165,8594
651,0,gender,.0018018044579593,-.0967471059985165,8594
651,0,marriage,.0017194906579688,-.0967471059985165,8594
651,0,ln_income,-.0003956874016083,-.0967471059985165,8594
651,0,health,-.0030718199895973,-.0967471059985165,8594
651,0,sportsArea,-.000857766986582,-.0967471059985165,8594
651,0,year14,-.0184154012110683,-.0967471059985165,8594
651,0,rice10,-.0369166175906422,-.0967471059985165,8594
651,0,ln_gdp_hist,-.0142848434350297,-.0967471059985165,8594
651,0,urban2000_10,-.0040237693684433,-.0967471059985165,8594
651,0,diff,-.0967471059985165,-.0967471059985165,8594
651,0,expl,-.0986826756665257,-.0967471059985165,8594
651,0,pr_0,.1344372166370984,-.0967471059985165,8594
651,0,pr_1,.2311843226356149,-.0967471059985165,8594
652,0,edu,-.0147609598469004,-.085586243064326,17885
652,0,plants,.0016942670631209,-.085586243064326,17885
652,0,age,.0010997757835783,-.085586243064326,17885
652,0,gender,.00077631864249,-.085586243064326,17885
652,0,marriage,.0011961089746488,-.085586243064326,17885
652,0,ln_income,-.0000407020967054,-.085586243064326,17885
652,0,health,-.0015938405040731,-.085586243064326,17885
652,0,sportsArea,.0033873358576389,-.085586243064326,17885
652,0,year14,-.0103775791626041,-.085586243064326,17885
652,0,rice10,-.0357754795481623,-.085586243064326,17885
652,0,ln_gdp_hist,-.0103009613092364,-.085586243064326,17885
652,0,urban2000_10,-.0130630246345847,-.085586243064326,17885
652,0,diff,-.085586243064326,-.085586243064326,17885
652,0,expl,-.0777495257585514,-.085586243064326,17885
652,0,pr_0,.1450617283950617,-.085586243064326,17885
652,0,pr_1,.2306479714593877,-.085586243064326,17885
653,0,edu,-.0069148928915917,-.0498149106313104,9760
653,0,plants,-.0053490811867626,-.0498149106313104,9760
653,0,age,.0001981418240968,-.0498149106313104,9760
653,0,gender,.0000979482362515,-.0498149106313104,9760
653,0,marriage,-.0013144386475172,-.0498149106313104,9760
653,0,ln_income,.0013908106748536,-.0498149106313104,9760
653,0,health,-.0002555975305854,-.0498149106313104,9760
653,0,sportsArea,.0029646385576995,-.0498149106313104,9760
653,0,year14,-.0049346856995259,-.0498149106313104,9760
653,0,rice10,-.0436255624112162,-.0498149106313104,9760
653,0,ln_gdp_hist,.0053001324830475,-.0498149106313104,9760
653,0,urban2000_10,.000053123267409,-.0498149106313104,9760
653,0,diff,-.0498149106313104,-.0498149106313104,9760
653,0,expl,-.0525314239662414,-.0498149106313104,9760
653,0,pr_0,.1406389967154374,-.0498149106313104,9760
653,0,pr_1,.1904539073467478,-.0498149106313104,9760
654,0,edu,-.0001156106256995,.0005347749153772,22246
654,0,plants,.0324805033999013,.0005347749153772,22246
654,0,age,-.0005557898689097,.0005347749153772,22246
654,0,gender,-.0002110750368703,.0005347749153772,22246
654,0,marriage,-.0007408957042432,.0005347749153772,22246
654,0,ln_income,.0000993832198934,.0005347749153772,22246
654,0,health,-.0010893931086846,.0005347749153772,22246
654,0,sportsArea,.0047096557713003,.0005347749153772,22246
654,0,year14,.0036543991038325,.0005347749153772,22246
654,0,rice10,-.0608351210219569,.0005347749153772,22246
654,0,ln_gdp_hist,.0389977875122753,.0005347749153772,22246
654,0,urban2000_10,-.0160934420724493,.0005347749153772,22246
654,0,diff,.0005347749153772,.0005347749153772,22246
654,0,expl,.0001696980991735,.0005347749153772,22246
654,0,pr_0,.1686851211072664,.0005347749153772,22246
654,0,pr_1,.1681503461918892,.0005347749153772,22246
655,0,edu,-.0074930008849621,-.0621444677857314,22313
655,0,plants,-.0071922815667944,-.0621444677857314,22313
655,0,age,.0027454276728247,-.0621444677857314,22313
655,0,gender,.0003125661144487,-.0621444677857314,22313
655,0,marriage,-.0006184178207059,-.0621444677857314,22313
655,0,ln_income,-.0000225155549412,-.0621444677857314,22313
655,0,health,-.0002683528099146,-.0621444677857314,22313
655,0,sportsArea,.0062466324622753,-.0621444677857314,22313
655,0,year14,-.007462646995919,-.0621444677857314,22313
655,0,rice10,-.0634556958797176,-.0621444677857314,22313
655,0,ln_gdp_hist,.0523899987390818,-.0621444677857314,22313
655,0,urban2000_10,-.040136164753423,-.0621444677857314,22313
655,0,diff,-.0621444677857314,-.0621444677857314,22313
655,0,expl,-.0650179040943562,-.0621444677857314,22313
655,0,pr_0,.1498102254967627,-.0621444677857314,22313
655,0,pr_1,.2119546932824941,-.0621444677857314,22313
656,0,edu,-.0108715923352878,-.083845877271082,16555
656,0,plants,-.0401717692738678,-.083845877271082,16555
656,0,age,-.0009094104879893,-.083845877271082,16555
656,0,gender,.0007916704215644,-.083845877271082,16555
656,0,marriage,.0018373611393536,-.083845877271082,16555
656,0,ln_income,-.0001966283726084,-.083845877271082,16555
656,0,health,-.001955255413087,-.083845877271082,16555
656,0,sportsArea,.008341856394183,-.083845877271082,16555
656,0,year14,-.0066184630084671,-.083845877271082,16555
656,0,rice10,-.0343384800804602,-.083845877271082,16555
656,0,ln_gdp_hist,.0063261344153386,-.083845877271082,16555
656,0,urban2000_10,.0029148059571433,-.083845877271082,16555
656,0,diff,-.083845877271082,-.083845877271082,16555
656,0,expl,-.0748801297718835,-.083845877271082,16555
656,0,pr_0,.1620509574299731,-.083845877271082,16555
656,0,pr_1,.2458968347010551,-.083845877271082,16555
657,0,edu,-.0024289434125927,-.0512961300964486,19610
657,0,plants,-.0125082405806592,-.0512961300964486,19610
657,0,age,-.0025488314733079,-.0512961300964486,19610
657,0,gender,-.0000931015174079,-.0512961300964486,19610
657,0,marriage,-.0018265641022363,-.0512961300964486,19610
657,0,ln_income,.0003846738224363,-.0512961300964486,19610
657,0,health,.0005380576529197,-.0512961300964486,19610
657,0,sportsArea,.0049293419245638,-.0512961300964486,19610
657,0,year14,-.0042190695146328,-.0512961300964486,19610
657,0,rice10,-.0311561853695978,-.0512961300964486,19610
657,0,ln_gdp_hist,.0147996235494246,-.0512961300964486,19610
657,0,urban2000_10,-.0064364927614828,-.0512961300964486,19610
657,0,diff,-.0512961300964486,-.0512961300964486,19610
657,0,expl,-.0407458399669174,-.0512961300964486,19610
657,0,pr_0,.124179829890644,-.0512961300964486,19610
657,0,pr_1,.1754759599870926,-.0512961300964486,19610
658,0,edu,-.0030720521697861,-.0493012365866692,23813
658,0,plants,-.0421564608685148,-.0493012365866692,23813
658,0,age,-.0008161128940273,-.0493012365866692,23813
658,0,gender,-.0003010566306714,-.0493012365866692,23813
658,0,marriage,-.0012408089869802,-.0493012365866692,23813
658,0,ln_income,.0000426106960248,-.0493012365866692,23813
658,0,health,.0002760669025156,-.0493012365866692,23813
658,0,sportsArea,.0081224810583791,-.0493012365866692,23813
658,0,year14,.0005455278393349,-.0493012365866692,23813
658,0,rice10,-.0234113392546053,-.0493012365866692,23813
658,0,ln_gdp_hist,.0239986680956195,-.0493012365866692,23813
658,0,urban2000_10,-.0085745474225927,-.0493012365866692,23813
658,0,diff,-.0493012365866692,-.0493012365866692,23813
658,0,expl,-.0465812089822407,-.0493012365866692,23813
658,0,pr_0,.1368809597047062,-.0493012365866692,23813
658,0,pr_1,.1861821962913754,-.0493012365866692,23813
659,0,edu,-.0184417351565605,-.0928165826843158,15701
659,0,plants,-.0563455304223035,-.0928165826843158,15701
659,0,age,.0001876494445176,-.0928165826843158,15701
659,0,gender,.0004572978518379,-.0928165826843158,15701
659,0,marriage,.0016633202598563,-.0928165826843158,15701
659,0,ln_income,-.0000548252848346,-.0928165826843158,15701
659,0,health,-.0021046724861735,-.0928165826843158,15701
659,0,sportsArea,.0033554658443321,-.0928165826843158,15701
659,0,year14,-.0097430235503269,-.0928165826843158,15701
659,0,rice10,.0005147858198065,-.0928165826843158,15701
659,0,ln_gdp_hist,-.0016497987283371,-.0928165826843158,15701
659,0,urban2000_10,-.0001399438881639,-.0928165826843158,15701
659,0,diff,-.0928165826843158,-.0928165826843158,15701
659,0,expl,-.0822273752212655,-.0928165826843158,15701
659,0,pr_0,.1414156186019304,-.0928165826843158,15701
659,0,pr_1,.2342322012862462,-.0928165826843158,15701
660,0,edu,-.0028994455232258,-.0265782803671301,10345
660,0,plants,-.0158382313149114,-.0265782803671301,10345
660,0,age,-.0006895022342771,-.0265782803671301,10345
660,0,gender,-.0002027475670112,-.0265782803671301,10345
660,0,marriage,-.0002156913323348,-.0265782803671301,10345
660,0,ln_income,.0000123193892347,-.0265782803671301,10345
660,0,health,-.0009249108370722,-.0265782803671301,10345
660,0,sportsArea,.0086965070931536,-.0265782803671301,10345
660,0,year14,-.0031188917514144,-.0265782803671301,10345
660,0,rice10,-.0191241090148649,-.0265782803671301,10345
660,0,ln_gdp_hist,-.0152311331006284,-.0265782803671301,10345
660,0,urban2000_10,.0246430799092145,-.0265782803671301,10345
660,0,diff,-.0265782803671301,-.0265782803671301,10345
660,0,expl,-.0248277035059339,-.0265782803671301,10345
660,0,pr_0,.1486941870261163,-.0265782803671301,10345
660,0,pr_1,.1752724673932464,-.0265782803671301,10345
661,0,edu,-.0050426954860299,-.0474424020072465,20306
661,0,plants,-.0282606997480205,-.0474424020072465,20306
661,0,age,-.0008961022288535,-.0474424020072465,20306
661,0,gender,-.0002367708826746,-.0474424020072465,20306
661,0,marriage,-.0011281831343207,-.0474424020072465,20306
661,0,ln_income,.0003765997885773,-.0474424020072465,20306
661,0,health,.0005517139165159,-.0474424020072465,20306
661,0,sportsArea,.0064204840912973,-.0474424020072465,20306
661,0,year14,-.0009196794299212,-.0474424020072465,20306
661,0,rice10,-.0364455436665479,-.0474424020072465,20306
661,0,ln_gdp_hist,.0240530813425827,-.0474424020072465,20306
661,0,urban2000_10,-.0028066772494387,-.0474424020072465,20306
661,0,diff,-.0474424020072465,-.0474424020072465,20306
661,0,expl,-.0443396554194759,-.0474424020072465,20306
661,0,pr_0,.1372351160443996,-.0474424020072465,20306
661,0,pr_1,.1846775180516461,-.0474424020072465,20306
662,0,edu,-.0052940978721865,-.0382705132523331,15178
662,0,plants,.0147816618340104,-.0382705132523331,15178
662,0,age,.0014929184314908,-.0382705132523331,15178
662,0,gender,.0001375499871048,-.0382705132523331,15178
662,0,marriage,-.0004035546464749,-.0382705132523331,15178
662,0,ln_income,.0003102599530044,-.0382705132523331,15178
662,0,health,-.0010113914117826,-.0382705132523331,15178
662,0,sportsArea,.0048292123009415,-.0382705132523331,15178
662,0,year14,-.0044037734725844,-.0382705132523331,15178
662,0,rice10,-.0516710699743445,-.0382705132523331,15178
662,0,ln_gdp_hist,.0194420809493092,-.0382705132523331,15178
662,0,urban2000_10,-.0164460173890577,-.0382705132523331,15178
662,0,diff,-.0382705132523331,-.0382705132523331,15178
662,0,expl,-.038127179770529,-.0382705132523331,15178
662,0,pr_0,.1669128508124077,-.0382705132523331,15178
662,0,pr_1,.2051833640647408,-.0382705132523331,15178
663,0,edu,-.0025634824291199,-.0353091424652362,17316
663,0,plants,-.0192798387139438,-.0353091424652362,17316
663,0,age,.0004445531776233,-.0353091424652362,17316
663,0,gender,-.0003934750331175,-.0353091424652362,17316
663,0,marriage,-.0005745327262945,-.0353091424652362,17316
663,0,ln_income,.0003119427185393,-.0353091424652362,17316
663,0,health,-.0001079591226924,-.0353091424652362,17316
663,0,sportsArea,.0074866020262172,-.0353091424652362,17316
663,0,year14,-.0028469314118902,-.0353091424652362,17316
663,0,rice10,-.0463353815755946,-.0353091424652362,17316
663,0,ln_gdp_hist,.0487075764310275,-.0353091424652362,17316
663,0,urban2000_10,-.015599670392492,-.0353091424652362,17316
663,0,diff,-.0353091424652362,-.0353091424652362,17316
663,0,expl,-.0307894531276905,-.0353091424652362,17316
663,0,pr_0,.1564442602569416,-.0353091424652362,17316
663,0,pr_1,.1917534027221778,-.0353091424652362,17316
664,0,edu,-.0173146973412944,-.1086558648909242,16212
664,0,plants,-.0359584422612477,-.1086558648909242,16212
664,0,age,.0084525364447132,-.1086558648909242,16212
664,0,gender,.000843732055521,-.1086558648909242,16212
664,0,marriage,-.0017968679394926,-.1086558648909242,16212
664,0,ln_income,-.0000816094998402,-.1086558648909242,16212
664,0,health,-.000268458550014,-.1086558648909242,16212
664,0,sportsArea,.002324527443012,-.1086558648909242,16212
664,0,year14,-.0074125977513696,-.1086558648909242,16212
664,0,rice10,-.0614695379464146,-.1086558648909242,16212
664,0,ln_gdp_hist,-.0039488300140032,-.1086558648909242,16212
664,0,urban2000_10,.0108553166704945,-.1086558648909242,16212
664,0,diff,-.1086558648909242,-.1086558648909242,16212
664,0,expl,-.106107672759956,-.1086558648909242,16212
664,0,pr_0,.1396054628224583,-.1086558648909242,16212
664,0,pr_1,.2482613277133825,-.1086558648909242,16212
665,0,edu,-.0055198240045699,-.0834066576085936,16181
665,0,plants,-.0313648902305707,-.0834066576085936,16181
665,0,age,.0006435738237734,-.0834066576085936,16181
665,0,gender,.0002752047777711,-.0834066576085936,16181
665,0,marriage,-.0006070147449783,-.0834066576085936,16181
665,0,ln_income,.0001916378575035,-.0834066576085936,16181
665,0,health,-.0000562451151045,-.0834066576085936,16181
665,0,sportsArea,.0062043289926675,-.0834066576085936,16181
665,0,year14,-.0038049444253065,-.0834066576085936,16181
665,0,rice10,-.0521176591628537,-.0834066576085936,16181
665,0,ln_gdp_hist,.0150354913238633,-.0834066576085936,16181
665,0,urban2000_10,-.0082438533243596,-.0834066576085936,16181
665,0,diff,-.0834066576085936,-.0834066576085936,16181
665,0,expl,-.0794764099592885,-.0834066576085936,16181
665,0,pr_0,.1406919275123558,-.0834066576085936,16181
665,0,pr_1,.2240985851209494,-.0834066576085936,16181
666,0,edu,-.0031057837615029,-.0454468907567567,19072
666,0,plants,.0047201923063697,-.0454468907567567,19072
666,0,age,-.0023651130459637,-.0454468907567567,19072
666,0,gender,-.0001189031892842,-.0454468907567567,19072
666,0,marriage,-.0012245935946974,-.0454468907567567,19072
666,0,ln_income,.0000485997842481,-.0454468907567567,19072
666,0,health,.0006737368092961,-.0454468907567567,19072
666,0,sportsArea,.0068382508124678,-.0454468907567567,19072
666,0,year14,-.0011985885997676,-.0454468907567567,19072
666,0,rice10,-.0427584605503921,-.0454468907567567,19072
666,0,ln_gdp_hist,.0005464590532211,-.0454468907567567,19072
666,0,urban2000_10,-.0005848413277265,-.0454468907567567,19072
666,0,diff,-.0454468907567567,-.0454468907567567,19072
666,0,expl,-.0386163987412951,-.0454468907567567,19072
666,0,pr_0,.1212997996884042,-.0454468907567567,19072
666,0,pr_1,.1667466904451609,-.0454468907567567,19072
667,0,edu,-.0066717342268305,-.0660489844483979,17904
667,0,plants,-.0125548629535309,-.0660489844483979,17904
667,0,age,.000512611902999,-.0660489844483979,17904
667,0,gender,.000266502436932,-.0660489844483979,17904
667,0,marriage,-.0001243595340619,-.0660489844483979,17904
667,0,ln_income,.0000884944401599,-.0660489844483979,17904
667,0,health,-.000307891442415,-.0660489844483979,17904
667,0,sportsArea,.0059098073995885,-.0660489844483979,17904
667,0,year14,-.0050543006918603,-.0660489844483979,17904
667,0,rice10,-.0599578699175239,-.0660489844483979,17904
667,0,ln_gdp_hist,.037954818483388,-.0660489844483979,17904
667,0,urban2000_10,-.0218825673952628,-.0660489844483979,17904
667,0,diff,-.0660489844483979,-.0660489844483979,17904
667,0,expl,-.0616143153951978,-.0660489844483979,17904
667,0,pr_0,.1580496006725515,-.0660489844483979,17904
667,0,pr_1,.2240985851209494,-.0660489844483979,17904
668,0,edu,-.0112046051188132,-.0526108986839945,14212
668,0,plants,.0106416357554296,-.0526108986839945,14212
668,0,age,.0030467567554084,-.0526108986839945,14212
668,0,gender,.0013742903016909,-.0526108986839945,14212
668,0,marriage,.0025881899413985,-.0526108986839945,14212
668,0,ln_income,-.0003824883557689,-.0526108986839945,14212
668,0,health,-.0028047360083983,-.0526108986839945,14212
668,0,sportsArea,.0031385419408854,-.0526108986839945,14212
668,0,year14,-.0136465252176739,-.0526108986839945,14212
668,0,rice10,-.0214622076311634,-.0526108986839945,14212
668,0,ln_gdp_hist,.0142117920257017,-.0526108986839945,14212
668,0,urban2000_10,-.0314540286714908,-.0526108986839945,14212
668,0,diff,-.0526108986839945,-.0526108986839945,14212
668,0,expl,-.0459814420947217,-.0526108986839945,14212
668,0,pr_0,.1808510638297872,-.0526108986839945,14212
668,0,pr_1,.2334619625137817,-.0526108986839945,14212
669,0,edu,-.0073239124630415,-.0293902512708407,10883
669,0,plants,.0002155722720412,-.0293902512708407,10883
669,0,age,.0004894134854813,-.0293902512708407,10883
669,0,gender,.0000315419876711,-.0293902512708407,10883
669,0,marriage,-.0004730044120993,-.0293902512708407,10883
669,0,ln_income,.0002659038782274,-.0293902512708407,10883
669,0,health,-.0001688806732329,-.0293902512708407,10883
669,0,sportsArea,.0026419718189198,-.0293902512708407,10883
669,0,year14,-.0094191043849106,-.0293902512708407,10883
669,0,rice10,-.0060036794148033,-.0293902512708407,10883
669,0,ln_gdp_hist,.0028705121300202,-.0293902512708407,10883
669,0,urban2000_10,-.0088152788801452,-.0293902512708407,10883
669,0,diff,-.0293902512708407,-.0293902512708407,10883
669,0,expl,-.0256953303198197,-.0293902512708407,10883
669,0,pr_0,.1351758793969849,-.0293902512708407,10883
669,0,pr_1,.1645661306678256,-.0293902512708407,10883
670,0,edu,-.0095748513697041,-.0790856845215767,12643
670,0,plants,.0073218896083019,-.0790856845215767,12643
670,0,age,.0009356905558277,-.0790856845215767,12643
670,0,gender,.0009418652174691,-.0790856845215767,12643
670,0,marriage,.00042247187181,-.0790856845215767,12643
670,0,ln_income,-.00001308269459,-.0790856845215767,12643
670,0,health,-.0014848889933462,-.0790856845215767,12643
670,0,sportsArea,.0028350563856466,-.0790856845215767,12643
670,0,year14,-.0133703902994549,-.0790856845215767,12643
670,0,rice10,-.0532076840522832,-.0790856845215767,12643
670,0,ln_gdp_hist,-.0048368507245137,-.0790856845215767,12643
670,0,urban2000_10,-.0034227660282934,-.0790856845215767,12643
670,0,diff,-.0790856845215767,-.0790856845215767,12643
670,0,expl,-.0734097585385979,-.0790856845215767,12643
670,0,pr_0,.1518388791593695,-.0790856845215767,12643
670,0,pr_1,.2309245636809462,-.0790856845215767,12643
671,0,edu,-.0042322005431736,-.0421318402624914,23436
671,0,plants,-.0071157611289526,-.0421318402624914,23436
671,0,age,.001068554046878,-.0421318402624914,23436
671,0,gender,.0003126383113468,-.0421318402624914,23436
671,0,marriage,-.0002942623102632,-.0421318402624914,23436
671,0,ln_income,.0000202641774938,-.0421318402624914,23436
671,0,health,-.0006587298377408,-.0421318402624914,23436
671,0,sportsArea,.0046276537353161,-.0421318402624914,23436
671,0,year14,-.0042850452703877,-.0421318402624914,23436
671,0,rice10,-.0564971331979316,-.0421318402624914,23436
671,0,ln_gdp_hist,.0659365673770366,-.0421318402624914,23436
671,0,urban2000_10,-.0382546649138416,-.0421318402624914,23436
671,0,diff,-.0421318402624914,-.0421318402624914,23436
671,0,expl,-.0393093027605883,-.0421318402624914,23436
671,0,pr_0,.1612200435729848,-.0421318402624914,23436
671,0,pr_1,.2033518838354762,-.0421318402624914,23436
672,0,edu,-.0028907076370519,-.0295811140267535,13971
672,0,plants,-.0097100030441094,-.0295811140267535,13971
672,0,age,-.0021833011045607,-.0295811140267535,13971
672,0,gender,-.000298223340333,-.0295811140267535,13971
672,0,marriage,-.0020724564740938,-.0295811140267535,13971
672,0,ln_income,.0007697817736027,-.0295811140267535,13971
672,0,health,.0006187687645262,-.0295811140267535,13971
672,0,sportsArea,.0035190806757463,-.0295811140267535,13971
672,0,year14,-.0049073694821037,-.0295811140267535,13971
672,0,rice10,-.0220467193794674,-.0295811140267535,13971
672,0,ln_gdp_hist,.0082787094525255,-.0295811140267535,13971
672,0,urban2000_10,.0000703462049511,-.0295811140267535,13971
672,0,diff,-.0295811140267535,-.0295811140267535,13971
672,0,expl,-.0310457837587088,-.0295811140267535,13971
672,0,pr_0,.1400204708290686,-.0295811140267535,13971
672,0,pr_1,.1696015848558221,-.0295811140267535,13971
673,0,edu,-.0000459426968662,-.0136003297942246,17425
673,0,plants,-.0059710961731279,-.0136003297942246,17425
673,0,age,-.000254983680667,-.0136003297942246,17425
673,0,gender,-.0004153551110162,-.0136003297942246,17425
673,0,marriage,-.0002429084223838,-.0136003297942246,17425
673,0,ln_income,.0001177230989608,-.0136003297942246,17425
673,0,health,.0000167904136863,-.0136003297942246,17425
673,0,sportsArea,.0090665554134465,-.0136003297942246,17425
673,0,year14,.0028040826044346,-.0136003297942246,17425
673,0,rice10,-.0300786907130949,-.0136003297942246,17425
673,0,ln_gdp_hist,.0315440958298926,-.0136003297942246,17425
673,0,urban2000_10,-.0181549373203513,-.0136003297942246,17425
673,0,diff,-.0136003297942246,-.0136003297942246,17425
673,0,expl,-.0112883668586428,-.0136003297942246,17425
673,0,pr_0,.1716334304279633,-.0136003297942246,17425
673,0,pr_1,.1852337602221879,-.0136003297942246,17425
674,0,edu,-.0046628623664531,-.0167135024130271,11717
674,0,plants,.0083298980852848,-.0167135024130271,11717
674,0,age,-.0000624569441491,-.0167135024130271,11717
674,0,gender,.0005483867495062,-.0167135024130271,11717
674,0,marriage,.0000373004539814,-.0167135024130271,11717
674,0,ln_income,.0001572447749257,-.0167135024130271,11717
674,0,health,-.000878205820687,-.0167135024130271,11717
674,0,sportsArea,.0047172094002446,-.0167135024130271,11717
674,0,year14,-.0040052834857517,-.0167135024130271,11717
674,0,rice10,-.0330329003435896,-.0167135024130271,11717
674,0,ln_gdp_hist,-.0029082991131024,-.0167135024130271,11717
674,0,urban2000_10,.0141133666196541,-.0167135024130271,11717
674,0,diff,-.0167135024130271,-.0167135024130271,11717
674,0,expl,-.0177121370373175,-.0167135024130271,11717
674,0,pr_0,.1534662867996201,-.0167135024130271,11717
674,0,pr_1,.1701797892126472,-.0167135024130271,11717
675,0,edu,-.0097230751692621,-.0649311475821938,21707
675,0,plants,-.0534935784081603,-.0649311475821938,21707
675,0,age,.0023307319917431,-.0649311475821938,21707
675,0,gender,.0002962593800346,-.0649311475821938,21707
675,0,marriage,.0004084048795179,-.0649311475821938,21707
675,0,ln_income,-.000339882705175,-.0649311475821938,21707
675,0,health,-.0010849353567944,-.0649311475821938,21707
675,0,sportsArea,.0080973941832653,-.0649311475821938,21707
675,0,year14,-.0048537115182698,-.0649311475821938,21707
675,0,rice10,-.0095820087272163,-.0649311475821938,21707
675,0,ln_gdp_hist,.0370701094424923,-.0649311475821938,21707
675,0,urban2000_10,-.0345832564261313,-.0649311475821938,21707
675,0,diff,-.0649311475821938,-.0649311475821938,21707
675,0,expl,-.0654247053283227,-.0649311475821938,21707
675,0,pr_0,.1636631114380287,-.0649311475821938,21707
675,0,pr_1,.2285942590202225,-.0649311475821938,21707
676,0,edu,-.0089520880368245,-.0497827735270447,13036
676,0,plants,-.0213045225740938,-.0497827735270447,13036
676,0,age,.0026774997328986,-.0497827735270447,13036
676,0,gender,.0001537816527975,-.0497827735270447,13036
676,0,marriage,.0007525618928898,-.0497827735270447,13036
676,0,ln_income,.0000643205381757,-.0497827735270447,13036
676,0,health,-.0028297672174382,-.0497827735270447,13036
676,0,sportsArea,.0063717230777608,-.0497827735270447,13036
676,0,year14,-.0005531807111623,-.0497827735270447,13036
676,0,rice10,-.0445210912527021,-.0497827735270447,13036
676,0,ln_gdp_hist,.0143027718537472,-.0497827735270447,13036
676,0,urban2000_10,.0031603320348094,-.0497827735270447,13036
676,0,diff,-.0497827735270447,-.0497827735270447,13036
676,0,expl,-.0506514318410206,-.0497827735270447,13036
676,0,pr_0,.1533115290269828,-.0497827735270447,13036
676,0,pr_1,.2030943025540275,-.0497827735270447,13036
677,0,edu,-.0080139003982688,-.0616907228523407,13527
677,0,plants,-.0308605569277,-.0616907228523407,13527
677,0,age,.0019538665217302,-.0616907228523407,13527
677,0,gender,-.0000903839441553,-.0616907228523407,13527
677,0,marriage,3.58408615313e-07,-.0616907228523407,13527
677,0,ln_income,.0000267551004973,-.0616907228523407,13527
677,0,health,-.0016647490782688,-.0616907228523407,13527
677,0,sportsArea,.004217112156824,-.0616907228523407,13527
677,0,year14,-.0033953446060606,-.0616907228523407,13527
677,0,rice10,-.0374012964849318,-.0616907228523407,13527
677,0,ln_gdp_hist,.0146587754588362,-.0616907228523407,13527
677,0,urban2000_10,.0028387523138184,-.0616907228523407,13527
677,0,diff,-.0616907228523407,-.0616907228523407,13527
677,0,expl,-.0577717442407507,-.0616907228523407,13527
677,0,pr_0,.143194621115755,-.0616907228523407,13527
677,0,pr_1,.2048853439680957,-.0616907228523407,13527
678,0,edu,-.0116232238180409,-.0702876248741093,11786
678,0,plants,.0242285094491284,-.0702876248741093,11786
678,0,age,.0003338310581044,-.0702876248741093,11786
678,0,gender,.0005116575791578,-.0702876248741093,11786
678,0,marriage,.0008635904557449,-.0702876248741093,11786
678,0,ln_income,-.0001531999261192,-.0702876248741093,11786
678,0,health,-.0004709101399115,-.0702876248741093,11786
678,0,sportsArea,.0019110505426632,-.0702876248741093,11786
678,0,year14,-.0105757765435259,-.0702876248741093,11786
678,0,rice10,-.0926864896149982,-.0702876248741093,11786
678,0,ln_gdp_hist,.0212983620775468,-.0702876248741093,11786
678,0,urban2000_10,-.0026212215390622,-.0702876248741093,11786
678,0,diff,-.0702876248741093,-.0702876248741093,11786
678,0,expl,-.0690712170976205,-.0702876248741093,11786
678,0,pr_0,.1602564102564103,-.0702876248741093,11786
678,0,pr_1,.2305440351305196,-.0702876248741093,11786
679,0,edu,-.0103173923276091,-.0689252951613798,18308
679,0,plants,-.01451847739417,-.0689252951613798,18308
679,0,age,.0002839140649985,-.0689252951613798,18308
679,0,gender,.0003285532812528,-.0689252951613798,18308
679,0,marriage,-.0002460410579613,-.0689252951613798,18308
679,0,ln_income,-.0000101372228269,-.0689252951613798,18308
679,0,health,-.0005285298491638,-.0689252951613798,18308
679,0,sportsArea,.0061275902646475,-.0689252951613798,18308
679,0,year14,-.008521317153168,-.0689252951613798,18308
679,0,rice10,-.0435237159541018,-.0689252951613798,18308
679,0,ln_gdp_hist,.0225221854957266,-.0689252951613798,18308
679,0,urban2000_10,-.0152829128995395,-.0689252951613798,18308
679,0,diff,-.0689252951613798,-.0689252951613798,18308
679,0,expl,-.0636875544903822,-.0689252951613798,18308
679,0,pr_0,.1541429050654143,-.0689252951613798,18308
679,0,pr_1,.2230682002267941,-.0689252951613798,18308
680,0,edu,-.0155287184148389,-.1229709661614326,23655
680,0,plants,-.0486186164513946,-.1229709661614326,23655
680,0,age,-.0033102488604481,-.1229709661614326,23655
680,0,gender,.00019780897049,-.1229709661614326,23655
680,0,marriage,-.0008427651661251,-.1229709661614326,23655
680,0,ln_income,-.0001136219334546,-.1229709661614326,23655
680,0,health,-.0002661766219974,-.1229709661614326,23655
680,0,sportsArea,.0059818726154804,-.1229709661614326,23655
680,0,year14,-.0066604497245862,-.1229709661614326,23655
680,0,rice10,-.0454973824314201,-.1229709661614326,23655
680,0,ln_gdp_hist,-.0011643747937849,-.1229709661614326,23655
680,0,urban2000_10,-.0007355209377733,-.1229709661614326,23655
680,0,diff,-.1229709661614326,-.1229709661614326,23655
680,0,expl,-.1164651210184055,-.1229709661614326,23655
680,0,pr_0,.1320099255583126,-.1229709661614326,23655
680,0,pr_1,.2549808917197452,-.1229709661614326,23655
681,0,edu,-.0028805673416803,-.0263472920365697,19129
681,0,plants,-.0251795600723602,-.0263472920365697,19129
681,0,age,-.0009813150236854,-.0263472920365697,19129
681,0,gender,-.0003430262256748,-.0263472920365697,19129
681,0,marriage,-.0019986432080246,-.0263472920365697,19129
681,0,ln_income,.0001248456030934,-.0263472920365697,19129
681,0,health,-.0000561755058009,-.0263472920365697,19129
681,0,sportsArea,.004970654962276,-.0263472920365697,19129
681,0,year14,-.0012554633296673,-.0263472920365697,19129
681,0,rice10,-.0250410769349921,-.0263472920365697,19129
681,0,ln_gdp_hist,.0129991955788313,-.0263472920365697,19129
681,0,urban2000_10,.0122593309270075,-.0263472920365697,19129
681,0,diff,-.0263472920365697,-.0263472920365697,19129
681,0,expl,-.0274351026380929,-.0263472920365697,19129
681,0,pr_0,.1433453960595094,-.0263472920365697,19129
681,0,pr_1,.1696926880960791,-.0263472920365697,19129
682,0,edu,-.0015846990903292,-.0524632859868518,27469
682,0,plants,-.040574397452209,-.0524632859868518,27469
682,0,age,-.0003815140040017,-.0524632859868518,27469
682,0,gender,-.0001320745225636,-.0524632859868518,27469
682,0,marriage,-.0002968686934306,-.0524632859868518,27469
682,0,ln_income,.0001141120542413,-.0524632859868518,27469
682,0,health,.0003567985847458,-.0524632859868518,27469
682,0,sportsArea,.0086464849132487,-.0524632859868518,27469
682,0,year14,-.0007139105955,-.0524632859868518,27469
682,0,rice10,-.0521440769031595,-.0524632859868518,27469
682,0,ln_gdp_hist,.0654807094827439,-.0524632859868518,27469
682,0,urban2000_10,-.0250441832403727,-.0524632859868518,27469
682,0,diff,-.0524632859868518,-.0524632859868518,27469
682,0,expl,-.0464314267987451,-.0524632859868518,27469
682,0,pr_0,.1496282527881041,-.0524632859868518,27469
682,0,pr_1,.2020915387749559,-.0524632859868518,27469
683,0,edu,-.0091993733069642,-.0662644442172002,17134
683,0,plants,-.0215876097048212,-.0662644442172002,17134
683,0,age,-.0005683413102082,-.0662644442172002,17134
683,0,gender,.0002596389215175,-.0662644442172002,17134
683,0,marriage,.0002436102228952,-.0662644442172002,17134
683,0,ln_income,-2.13059459549e-06,-.0662644442172002,17134
683,0,health,-.0014077151003899,-.0662644442172002,17134
683,0,sportsArea,.0081122894374595,-.0662644442172002,17134
683,0,year14,-.0015910780052271,-.0662644442172002,17134
683,0,rice10,-.0344677041994897,-.0662644442172002,17134
683,0,ln_gdp_hist,.0063183085968432,-.0662644442172002,17134
683,0,urban2000_10,-.0046148304075916,-.0662644442172002,17134
683,0,diff,-.0662644442172002,-.0662644442172002,17134
683,0,expl,-.0584698479679059,-.0662644442172002,17134
683,0,pr_0,.1468531468531468,-.0662644442172002,17134
683,0,pr_1,.213117591070347,-.0662644442172002,17134
684,0,edu,-.0149023821276083,-.0817594156449885,10183
684,0,plants,-.0089656636774786,-.0817594156449885,10183
684,0,age,-.0005847777618874,-.0817594156449885,10183
684,0,gender,.0005627923026495,-.0817594156449885,10183
684,0,marriage,.0013813316979562,-.0817594156449885,10183
684,0,ln_income,-.0000717443680355,-.0817594156449885,10183
684,0,health,-.0007718046647366,-.0817594156449885,10183
684,0,sportsArea,-.0008509736108691,-.0817594156449885,10183
684,0,year14,-.0105531751429617,-.0817594156449885,10183
684,0,rice10,-.0299423003583509,-.0817594156449885,10183
684,0,ln_gdp_hist,.0033328478617588,-.0817594156449885,10183
684,0,urban2000_10,-.0097238662447375,-.0817594156449885,10183
684,0,diff,-.0817594156449885,-.0817594156449885,10183
684,0,expl,-.070786091595627,-.0817594156449885,10183
684,0,pr_0,.1379256237250902,-.0817594156449885,10183
684,0,pr_1,.2196850393700787,-.0817594156449885,10183
685,0,edu,-.0091518430649494,-.0763928221685438,11772
685,0,plants,.0051674662154079,-.0763928221685438,11772
685,0,age,.0006635097285295,-.0763928221685438,11772
685,0,gender,.0001675306449049,-.0763928221685438,11772
685,0,marriage,.0008988917831358,-.0763928221685438,11772
685,0,ln_income,-.0000929698467391,-.0763928221685438,11772
685,0,health,-.0006829969380222,-.0763928221685438,11772
685,0,sportsArea,.0020875648003633,-.0763928221685438,11772
685,0,year14,-.0103706792920733,-.0763928221685438,11772
685,0,rice10,-.0572331798985139,-.0763928221685438,11772
685,0,ln_gdp_hist,.0011642148925053,-.0763928221685438,11772
685,0,urban2000_10,-.0033045034757067,-.0763928221685438,11772
685,0,diff,-.0763928221685438,-.0763928221685438,11772
685,0,expl,-.0706015867519302,-.0763928221685438,11772
685,0,pr_0,.1553864637565078,-.0763928221685438,11772
685,0,pr_1,.2317792859250516,-.0763928221685438,11772
686,0,edu,-.0106262388819233,-.0609433702593724,17181
686,0,plants,-.024726559281607,-.0609433702593724,17181
686,0,age,-.0003864416121841,-.0609433702593724,17181
686,0,gender,.0001803036044469,-.0609433702593724,17181
686,0,marriage,-.0011949791123488,-.0609433702593724,17181
686,0,ln_income,.0001083926256832,-.0609433702593724,17181
686,0,health,.0000573709106776,-.0609433702593724,17181
686,0,sportsArea,.004735749060248,-.0609433702593724,17181
686,0,year14,-.0043407678209182,-.0609433702593724,17181
686,0,rice10,-.0154272755535069,-.0609433702593724,17181
686,0,ln_gdp_hist,-.0009411749742901,-.0609433702593724,17181
686,0,urban2000_10,-.0041764797590539,-.0609433702593724,17181
686,0,diff,-.0609433702593724,-.0609433702593724,17181
686,0,expl,-.056834614416716,-.0609433702593724,17181
686,0,pr_0,.1239305793204595,-.0609433702593724,17181
686,0,pr_1,.1848739495798319,-.0609433702593724,17181
687,0,edu,-.0107036662939393,-.0390470044880326,17593
687,0,plants,.0174476393923359,-.0390470044880326,17593
687,0,age,.0004830764603253,-.0390470044880326,17593
687,0,gender,.0001047404052628,-.0390470044880326,17593
687,0,marriage,-.0010882709579945,-.0390470044880326,17593
687,0,ln_income,.0002897089595927,-.0390470044880326,17593
687,0,health,-.0009425200223519,-.0390470044880326,17593
687,0,sportsArea,.002131948572314,-.0390470044880326,17593
687,0,year14,-.0062304072456513,-.0390470044880326,17593
687,0,rice10,-.0356826911904153,-.0390470044880326,17593
687,0,ln_gdp_hist,-.0054857165517003,-.0390470044880326,17593
687,0,urban2000_10,-.0003383479769559,-.0390470044880326,17593
687,0,diff,-.0390470044880326,-.0390470044880326,17593
687,0,expl,-.0401950728293849,-.0390470044880326,17593
687,0,pr_0,.1426860564585115,-.0390470044880326,17593
687,0,pr_1,.1817330609465441,-.0390470044880326,17593
688,0,edu,-.0069492585292337,-.0483240902024992,19701
688,0,plants,-.0072286184587877,-.0483240902024992,19701
688,0,age,.0015076405725357,-.0483240902024992,19701
688,0,gender,-.0001219544711665,-.0483240902024992,19701
688,0,marriage,.0001740028979473,-.0483240902024992,19701
688,0,ln_income,-.0002327100854826,-.0483240902024992,19701
688,0,health,-.0009602665483462,-.0483240902024992,19701
688,0,sportsArea,.0072666575357245,-.0483240902024992,19701
688,0,year14,-.0058975262316994,-.0483240902024992,19701
688,0,rice10,-.0671667981077666,-.0483240902024992,19701
688,0,ln_gdp_hist,.0825479543538299,-.0483240902024992,19701
688,0,urban2000_10,-.0519897310146412,-.0483240902024992,19701
688,0,diff,-.0483240902024992,-.0483240902024992,19701
688,0,expl,-.0490600624556326,-.0483240902024992,19701
688,0,pr_0,.1740976645435244,-.0483240902024992,19701
688,0,pr_1,.2224217547460236,-.0483240902024992,19701
689,0,edu,-.0133004312243477,-.0364054383873814,13796
689,0,plants,.0278830097185793,-.0364054383873814,13796
689,0,age,.0024576312435198,-.0364054383873814,13796
689,0,gender,.0000325928108217,-.0364054383873814,13796
689,0,marriage,-.001355954558732,-.0364054383873814,13796
689,0,ln_income,.0006698702637536,-.0364054383873814,13796
689,0,health,-.0007350704585764,-.0364054383873814,13796
689,0,sportsArea,-.0003867838113751,-.0364054383873814,13796
689,0,year14,-.0089214304838205,-.0364054383873814,13796
689,0,rice10,-.0294004188963849,-.0364054383873814,13796
689,0,ln_gdp_hist,-.0024703261064005,-.0364054383873814,13796
689,0,urban2000_10,-.0116267589687585,-.0364054383873814,13796
689,0,diff,-.0364054383873814,-.0364054383873814,13796
689,0,expl,-.0371386150667345,-.0364054383873814,13796
689,0,pr_0,.1615902532863097,-.0364054383873814,13796
689,0,pr_1,.1979956916736911,-.0364054383873814,13796
690,0,edu,-.0171205797356229,-.0857966112267514,10355
690,0,plants,-.0098375062695112,-.0857966112267514,10355
690,0,age,.0038725508132698,-.0857966112267514,10355
690,0,gender,.0010608795570349,-.0857966112267514,10355
690,0,marriage,.0017357234099516,-.0857966112267514,10355
690,0,ln_income,-.0000304428843072,-.0857966112267514,10355
690,0,health,-.0046249246020572,-.0857966112267514,10355
690,0,sportsArea,.0001178716746569,-.0857966112267514,10355
690,0,year14,-.0116449416078834,-.0857966112267514,10355
690,0,rice10,-.0629590691901721,-.0857966112267514,10355
690,0,ln_gdp_hist,.0079355470858948,-.0857966112267514,10355
690,0,urban2000_10,.003898096265692,-.0857966112267514,10355
690,0,diff,-.0857966112267514,-.0857966112267514,10355
690,0,expl,-.0874809605603912,-.0857966112267514,10355
690,0,pr_0,.1609887498019331,-.0857966112267514,10355
690,0,pr_1,.2467853610286845,-.0857966112267514,10355
691,0,edu,-.002159347633273,-.0272966327813182,10864
691,0,plants,.0088081206514566,-.0272966327813182,10864
691,0,age,-.0004183250034176,-.0272966327813182,10864
691,0,gender,.0000323432280912,-.0272966327813182,10864
691,0,marriage,-.0000794713915533,-.0272966327813182,10864
691,0,ln_income,.0002717158936155,-.0272966327813182,10864
691,0,health,-.000133914002891,-.0272966327813182,10864
691,0,sportsArea,.0079290116065938,-.0272966327813182,10864
691,0,year14,-.000157615798135,-.0272966327813182,10864
691,0,rice10,-.0460080501933096,-.0272966327813182,10864
691,0,ln_gdp_hist,.0014807308962641,-.0272966327813182,10864
691,0,urban2000_10,-.0000767941364337,-.0272966327813182,10864
691,0,diff,-.0272966327813182,-.0272966327813182,10864
691,0,expl,-.0305190954193823,-.0272966327813182,10864
691,0,pr_0,.1533964365256125,-.0272966327813182,10864
691,0,pr_1,.1806930693069307,-.0272966327813182,10864
692,0,edu,-.0104893077264014,-.0821970393714799,12952
692,0,plants,-.021368548044751,-.0821970393714799,12952
692,0,age,-.0004792701378495,-.0821970393714799,12952
692,0,gender,.0010178970077423,-.0821970393714799,12952
692,0,marriage,.0012383779845523,-.0821970393714799,12952
692,0,ln_income,-.000072615814343,-.0821970393714799,12952
692,0,health,-.0025853461421633,-.0821970393714799,12952
692,0,sportsArea,.0064464931920623,-.0821970393714799,12952
692,0,year14,-.0098817525420802,-.0821970393714799,12952
692,0,rice10,-.0640689108901745,-.0821970393714799,12952
692,0,ln_gdp_hist,.0205520878886556,-.0821970393714799,12952
692,0,urban2000_10,.0042535392002325,-.0821970393714799,12952
692,0,diff,-.0821970393714799,-.0821970393714799,12952
692,0,expl,-.0756546883770237,-.0821970393714799,12952
692,0,pr_0,.1624638823220383,-.0821970393714799,12952
692,0,pr_1,.2446609216935182,-.0821970393714799,12952
693,0,edu,-.0046681783186744,-.0524262662162618,17297
693,0,plants,-.0205412587232457,-.0524262662162618,17297
693,0,age,.00182325144885,-.0524262662162618,17297
693,0,gender,-.0000211602309473,-.0524262662162618,17297
693,0,marriage,.0000662523092151,-.0524262662162618,17297
693,0,ln_income,.0000219865991297,-.0524262662162618,17297
693,0,health,-.0011550009124002,-.0524262662162618,17297
693,0,sportsArea,.0073625011479154,-.0524262662162618,17297
693,0,year14,-.004307234284933,-.0524262662162618,17297
693,0,rice10,-.0611314865650442,-.0524262662162618,17297
693,0,ln_gdp_hist,.0636349986359096,-.0524262662162618,17297
693,0,urban2000_10,-.0332267716853255,-.0524262662162618,17297
693,0,diff,-.0524262662162618,-.0524262662162618,17297
693,0,expl,-.0521150131177505,-.0524262662162618,17297
693,0,pr_0,.1686474250141483,-.0524262662162618,17297
693,0,pr_1,.2210736912304101,-.0524262662162618,17297
694,0,edu,-.0093578565711089,-.0426680406249039,9935
694,0,plants,-.0143325290586859,-.0426680406249039,9935
694,0,age,-.0005114284249127,-.0426680406249039,9935
694,0,gender,.0002606025848961,-.0426680406249039,9935
694,0,marriage,-.0016356625981168,-.0426680406249039,9935
694,0,ln_income,.0009957607970616,-.0426680406249039,9935
694,0,health,-.0003906511113918,-.0426680406249039,9935
694,0,sportsArea,.0029300882158599,-.0426680406249039,9935
694,0,year14,-.0099812849811799,-.0426680406249039,9935
694,0,rice10,-.0109021190670881,-.0426680406249039,9935
694,0,ln_gdp_hist,.0024446600571467,-.0426680406249039,9935
694,0,urban2000_10,-.0036372326444773,-.0426680406249039,9935
694,0,diff,-.0426680406249039,-.0426680406249039,9935
694,0,expl,-.0440995312087786,-.0426680406249039,9935
694,0,pr_0,.140433132395624,-.0426680406249039,9935
694,0,pr_1,.1831011730205279,-.0426680406249039,9935
695,0,edu,-.0011097971826409,-.0013515316699984,16468
695,0,plants,.0164279001682137,-.0013515316699984,16468
695,0,age,-.0002905206920257,-.0013515316699984,16468
695,0,gender,-.0004033922791061,-.0013515316699984,16468
695,0,marriage,-.0005495632694753,-.0013515316699984,16468
695,0,ln_income,.0002136824829244,-.0013515316699984,16468
695,0,health,-.0007735209311193,-.0013515316699984,16468
695,0,sportsArea,.0047407080793148,-.0013515316699984,16468
695,0,year14,-.0020141517092243,-.0013515316699984,16468
695,0,rice10,-.0321288784003249,-.0013515316699984,16468
695,0,ln_gdp_hist,.0200343693696662,-.0013515316699984,16468
695,0,urban2000_10,-.0007476324910017,-.0013515316699984,16468
695,0,diff,-.0013515316699984,-.0013515316699984,16468
695,0,expl,.0034364428501414,-.0013515316699984,16468
695,0,pr_0,.1673859432799014,-.0013515316699984,16468
695,0,pr_1,.1687374749498998,-.0013515316699984,16468
696,0,edu,-.0078754581514449,-.038640504150193,11659
696,0,plants,-.0332010596090908,-.038640504150193,11659
696,0,age,.0042741624640641,-.038640504150193,11659
696,0,gender,.0011205461020207,-.038640504150193,11659
696,0,marriage,.0032299332541526,-.038640504150193,11659
696,0,ln_income,-.0005526011748525,-.038640504150193,11659
696,0,health,-.004264629217505,-.038640504150193,11659
696,0,sportsArea,.0015714211649362,-.038640504150193,11659
696,0,year14,-.0036438018139389,-.038640504150193,11659
696,0,rice10,-.0245307460249214,-.038640504150193,11659
696,0,ln_gdp_hist,.0045641694017611,-.038640504150193,11659
696,0,urban2000_10,.0205132393687933,-.038640504150193,11659
696,0,diff,-.038640504150193,-.038640504150193,11659
696,0,expl,-.039074782283461,-.038640504150193,11659
696,0,pr_0,.1887893014653578,-.038640504150193,11659
696,0,pr_1,.2274298056155508,-.038640504150193,11659
697,0,edu,-.0180096657899178,-.1172176498064344,15079
697,0,plants,-.0554768169419717,-.1172176498064344,15079
697,0,age,-.0040623418795677,-.1172176498064344,15079
697,0,gender,.0005997065112153,-.1172176498064344,15079
697,0,marriage,-.000121900255071,-.1172176498064344,15079
697,0,ln_income,7.94907875841e-06,-.1172176498064344,15079
697,0,health,-.0005646827731864,-.1172176498064344,15079
697,0,sportsArea,.0065042959684233,-.1172176498064344,15079
697,0,year14,-.0062081162734481,-.1172176498064344,15079
697,0,rice10,-.0207356537236837,-.1172176498064344,15079
697,0,ln_gdp_hist,-.0007856644861598,-.1172176498064344,15079
697,0,urban2000_10,-.0039895712225941,-.1172176498064344,15079
697,0,diff,-.1172176498064344,-.1172176498064344,15079
697,0,expl,-.1028542625295771,-.1172176498064344,15079
697,0,pr_0,.1233362910381544,-.1172176498064344,15079
697,0,pr_1,.2405539408445888,-.1172176498064344,15079
698,0,edu,-.0078521962912351,-.0700287932881002,15288
698,0,plants,-.0540998108902591,-.0700287932881002,15288
698,0,age,-.0011016628545647,-.0700287932881002,15288
698,0,gender,.0009603740902389,-.0700287932881002,15288
698,0,marriage,.0019586333223455,-.0700287932881002,15288
698,0,ln_income,-.0001897363967956,-.0700287932881002,15288
698,0,health,-.0016656312099059,-.0700287932881002,15288
698,0,sportsArea,.0095458102141498,-.0700287932881002,15288
698,0,year14,-.0059628738278904,-.0700287932881002,15288
698,0,rice10,-.0212368800689485,-.0700287932881002,15288
698,0,ln_gdp_hist,-.0078873225335186,-.0700287932881002,15288
698,0,urban2000_10,.0294369701702098,-.0700287932881002,15288
698,0,diff,-.0700287932881002,-.0700287932881002,15288
698,0,expl,-.058069519412101,-.0700287932881002,15288
698,0,pr_0,.167627202371151,-.0700287932881002,15288
698,0,pr_1,.2376559956592512,-.0700287932881002,15288
699,0,edu,-.0200946672973984,-.1119508150634979,16034
699,0,plants,-.021603870792094,-.1119508150634979,16034
699,0,age,.0037239012143705,-.1119508150634979,16034
699,0,gender,.0010927452776153,-.1119508150634979,16034
699,0,marriage,-.0004972875137496,-.1119508150634979,16034
699,0,ln_income,-.0000877812618533,-.1119508150634979,16034
699,0,health,-.0009676153009027,-.1119508150634979,16034
699,0,sportsArea,.0019632095720315,-.1119508150634979,16034
699,0,year14,-.0134354291182512,-.1119508150634979,16034
699,0,rice10,-.0464710870435726,-.1119508150634979,16034
699,0,ln_gdp_hist,-.0172695170349405,-.1119508150634979,16034
699,0,urban2000_10,-.0031950498287273,-.1119508150634979,16034
699,0,diff,-.1119508150634979,-.1119508150634979,16034
699,0,expl,-.1168079606287963,-.1119508150634979,16034
699,0,pr_0,.1427430624875225,-.1119508150634979,16034
699,0,pr_1,.2546938775510204,-.1119508150634979,16034
700,0,edu,-.0087801267344,-.0470023141902474,16717
700,0,plants,.0030112334343092,-.0470023141902474,16717
700,0,age,.0006487847207338,-.0470023141902474,16717
700,0,gender,.0001305645625179,-.0470023141902474,16717
700,0,marriage,-.0000300403564879,-.0470023141902474,16717
700,0,ln_income,.0001242889219266,-.0470023141902474,16717
700,0,health,-.0006619453707281,-.0470023141902474,16717
700,0,sportsArea,.0034090074022391,-.0470023141902474,16717
700,0,year14,-.0078162180375496,-.0470023141902474,16717
700,0,rice10,-.0188635706051012,-.0470023141902474,16717
700,0,ln_gdp_hist,.0044610968542843,-.0470023141902474,16717
700,0,urban2000_10,-.0140567706075196,-.0470023141902474,16717
700,0,diff,-.0470023141902474,-.0470023141902474,16717
700,0,expl,-.0383256809743328,-.0470023141902474,16717
700,0,pr_0,.1509933774834437,-.0470023141902474,16717
700,0,pr_1,.1979956916736911,-.0470023141902474,16717
701,0,edu,-.0065466366969892,-.0425584135982957,18572
701,0,plants,-.0044828872165584,-.0425584135982957,18572
701,0,age,.0010802570510474,-.0425584135982957,18572
701,0,gender,.0003559606654008,-.0425584135982957,18572
701,0,marriage,.0003101042828483,-.0425584135982957,18572
701,0,ln_income,.0000533779305271,-.0425584135982957,18572
701,0,health,-.0016107573575392,-.0425584135982957,18572
701,0,sportsArea,.0059241854694233,-.0425584135982957,18572
701,0,year14,-.0031862184820095,-.0425584135982957,18572
701,0,rice10,-.0537394863535248,-.0425584135982957,18572
701,0,ln_gdp_hist,.0432617912480921,-.0425584135982957,18572
701,0,urban2000_10,-.023187002426915,-.0425584135982957,18572
701,0,diff,-.0425584135982957,-.0425584135982957,18572
701,0,expl,-.0417919764006435,-.0425584135982957,18572
701,0,pr_0,.1710931942138961,-.0425584135982957,18572
701,0,pr_1,.2136516078121918,-.0425584135982957,18572
702,0,edu,-.0171018263185406,-.1002612426134277,10439
702,0,plants,-.0116735045116641,-.1002612426134277,10439
702,0,age,.0011498581887722,-.1002612426134277,10439
702,0,gender,.0005531035173379,-.1002612426134277,10439
702,0,marriage,-.0002487623632228,-.1002612426134277,10439
702,0,ln_income,-.0001590433885788,-.1002612426134277,10439
702,0,health,.0000245862639834,-.1002612426134277,10439
702,0,sportsArea,-.00179237406631,-.1002612426134277,10439
702,0,year14,-.0153105103852573,-.1002612426134277,10439
702,0,rice10,-.0478056424482569,-.1002612426134277,10439
702,0,ln_gdp_hist,.0008661267824188,-.1002612426134277,10439
702,0,urban2000_10,.000110284111622,-.1002612426134277,10439
702,0,diff,-.1002612426134277,-.1002612426134277,10439
702,0,expl,-.0914055623054884,-.1002612426134277,10439
702,0,pr_0,.1416218742696892,-.1002612426134277,10439
702,0,pr_1,.2418831168831169,-.1002612426134277,10439
703,0,edu,-.0019411650796889,-.0395222814201156,19393
703,0,plants,-.0170989057048245,-.0395222814201156,19393
703,0,age,-.0008798914073706,-.0395222814201156,19393
703,0,gender,-.000103793383556,-.0395222814201156,19393
703,0,marriage,-.0005227698563669,-.0395222814201156,19393
703,0,ln_income,.0000121077857417,-.0395222814201156,19393
703,0,health,-.0001242032300389,-.0395222814201156,19393
703,0,sportsArea,.0072435777153867,-.0395222814201156,19393
703,0,year14,-.0005405712856513,-.0395222814201156,19393
703,0,rice10,-.0270634695623679,-.0395222814201156,19393
703,0,ln_gdp_hist,.0107360334517546,-.0395222814201156,19393
703,0,urban2000_10,-.0032748313998535,-.0395222814201156,19393
703,0,diff,-.0395222814201156,-.0395222814201156,19393
703,0,expl,-.0334988565308667,-.0395222814201156,19393
703,0,pr_0,.1459430023597749,-.0395222814201156,19393
703,0,pr_1,.1854652837798905,-.0395222814201156,19393
704,0,edu,-.0029483367593283,-.0074081290072117,14903
704,0,plants,.0082916485114494,-.0074081290072117,14903
704,0,age,.0020608983942475,-.0074081290072117,14903
704,0,gender,-.000197241075853,-.0074081290072117,14903
704,0,marriage,.0010371512442607,-.0074081290072117,14903
704,0,ln_income,.0000951415545344,-.0074081290072117,14903
704,0,health,-.001750755317646,-.0074081290072117,14903
704,0,sportsArea,.0046998938186003,-.0074081290072117,14903
704,0,year14,.0018194476384603,-.0074081290072117,14903
704,0,rice10,-.0385036924403532,-.0074081290072117,14903
704,0,ln_gdp_hist,.0071135922260558,-.0074081290072117,14903
704,0,urban2000_10,.0164061979857506,-.0074081290072117,14903
704,0,diff,-.0074081290072117,-.0074081290072117,14903
704,0,expl,-.0018940654885091,-.0074081290072117,14903
704,0,pr_0,.1692874344808046,-.0074081290072117,14903
704,0,pr_1,.1766955634880163,-.0074081290072117,14903
705,0,edu,-.0053292991690725,-.0254020065417574,13547
705,0,plants,-.0137053004018398,-.0254020065417574,13547
705,0,age,.0021405750087411,-.0254020065417574,13547
705,0,gender,.0003070825870267,-.0254020065417574,13547
705,0,marriage,-.0002031770157733,-.0254020065417574,13547
705,0,ln_income,.0000213340557993,-.0254020065417574,13547
705,0,health,-.0025572729331236,-.0254020065417574,13547
705,0,sportsArea,.005241071000157,-.0254020065417574,13547
705,0,year14,.000020544762841,-.0254020065417574,13547
705,0,rice10,-.0374037218665878,-.0254020065417574,13547
705,0,ln_gdp_hist,.0121101546344349,-.0254020065417574,13547
705,0,urban2000_10,.0085376482005977,-.0254020065417574,13547
705,0,diff,-.0254020065417574,-.0254020065417574,13547
705,0,expl,-.0308227657453376,-.0254020065417574,13547
705,0,pr_0,.1646286907247241,-.0254020065417574,13547
705,0,pr_1,.1900306972664815,-.0254020065417574,13547
706,0,edu,-.007627962472546,-.0428732587994641,12388
706,0,plants,-.0092567624401659,-.0428732587994641,12388
706,0,age,-.0003584404027774,-.0428732587994641,12388
706,0,gender,.0004064703578821,-.0428732587994641,12388
706,0,marriage,.0007839046579187,-.0428732587994641,12388
706,0,ln_income,-.0004535262498693,-.0428732587994641,12388
706,0,health,-.0007045735566353,-.0428732587994641,12388
706,0,sportsArea,.0073389895697505,-.0428732587994641,12388
706,0,year14,.0004623262454866,-.0428732587994641,12388
706,0,rice10,-.0474874313279882,-.0428732587994641,12388
706,0,ln_gdp_hist,.0035053777917226,-.0428732587994641,12388
706,0,urban2000_10,.0123238864369387,-.0428732587994641,12388
706,0,diff,-.0428732587994641,-.0428732587994641,12388
706,0,expl,-.0410832184571268,-.0428732587994641,12388
706,0,pr_0,.1498100235208974,-.0428732587994641,12388
706,0,pr_1,.1926832823203615,-.0428732587994641,12388
707,0,edu,-.0047543251446711,-.0235456831192445,11552
707,0,plants,.0168128341936741,-.0235456831192445,11552
707,0,age,.0007014704794801,-.0235456831192445,11552
707,0,gender,.000030152327643,-.0235456831192445,11552
707,0,marriage,.000297908511946,-.0235456831192445,11552
707,0,ln_income,.000112216286613,-.0235456831192445,11552
707,0,health,-.0010545178852275,-.0235456831192445,11552
707,0,sportsArea,.0042058313082423,-.0235456831192445,11552
707,0,year14,-.0019554308488532,-.0235456831192445,11552
707,0,rice10,-.0364822756688866,-.0235456831192445,11552
707,0,ln_gdp_hist,.0219538013326386,-.0235456831192445,11552
707,0,urban2000_10,-.0159134683865309,-.0235456831192445,11552
707,0,diff,-.0235456831192445,-.0235456831192445,11552
707,0,expl,-.0163285468651285,-.0235456831192445,11552
707,0,pr_0,.1726849155503786,-.0235456831192445,11552
707,0,pr_1,.1962305986696231,-.0235456831192445,11552
708,0,edu,-.0192696374413728,-.1027166408519902,13363
708,0,plants,-.0142891073530983,-.1027166408519902,13363
708,0,age,.0035048420749609,-.1027166408519902,13363
708,0,gender,.0007746073866071,-.1027166408519902,13363
708,0,marriage,.0006599731913899,-.1027166408519902,13363
708,0,ln_income,.0001296156326182,-.1027166408519902,13363
708,0,health,-.0024874629609303,-.1027166408519902,13363
708,0,sportsArea,.0022441611307215,-.1027166408519902,13363
708,0,year14,-.013529978359896,-.1027166408519902,13363
708,0,rice10,-.0621044856493636,-.1027166408519902,13363
708,0,ln_gdp_hist,-.0023375894978313,-.1027166408519902,13363
708,0,urban2000_10,.0048325741263225,-.1027166408519902,13363
708,0,diff,-.1027166408519902,-.1027166408519902,13363
708,0,expl,-.1019018299856774,-.1027166408519902,13363
708,0,pr_0,.1484668335419274,-.1027166408519902,13363
708,0,pr_1,.2511834743939176,-.1027166408519902,13363
709,0,edu,-.0116691655015265,-.0829434918755406,13215
709,0,plants,-.0188715111278157,-.0829434918755406,13215
709,0,age,.0000647842540553,-.0829434918755406,13215
709,0,gender,.0006642240682526,-.0829434918755406,13215
709,0,marriage,.0012813393720634,-.0829434918755406,13215
709,0,ln_income,-.0000363916882004,-.0829434918755406,13215
709,0,health,-.001562719070003,-.0829434918755406,13215
709,0,sportsArea,.0048059054083513,-.0829434918755406,13215
709,0,year14,-.0128129096065761,-.0829434918755406,13215
709,0,rice10,-.0361703226168777,-.0829434918755406,13215
709,0,ln_gdp_hist,-.0007038512414426,-.0829434918755406,13215
709,0,urban2000_10,.0014197876501746,-.0829434918755406,13215
709,0,diff,-.0829434918755406,-.0829434918755406,13215
709,0,expl,-.0736219566602077,-.0829434918755406,13215
709,0,pr_0,.1577181208053691,-.0829434918755406,13215
709,0,pr_1,.2406616126809097,-.0829434918755406,13215
710,0,edu,-.0057568669899596,-.0388805087374262,19072
710,0,plants,.0183700586285633,-.0388805087374262,19072
710,0,age,.0010973766913153,-.0388805087374262,19072
710,0,gender,.0001606209809291,-.0388805087374262,19072
710,0,marriage,.0006398690316508,-.0388805087374262,19072
710,0,ln_income,.0000121800617092,-.0388805087374262,19072
710,0,health,-.0015776568148429,-.0388805087374262,19072
710,0,sportsArea,.0043474773260469,-.0388805087374262,19072
710,0,year14,-.004327976577222,-.0388805087374262,19072
710,0,rice10,-.0477324616558764,-.0388805087374262,19072
710,0,ln_gdp_hist,.0242309577882565,-.0388805087374262,19072
710,0,urban2000_10,-.0243514463771403,-.0388805087374262,19072
710,0,diff,-.0388805087374262,-.0388805087374262,19072
710,0,expl,-.0348020972116652,-.0388805087374262,19072
710,0,pr_0,.1633456628087341,-.0388805087374262,19072
710,0,pr_1,.2022261715461603,-.0388805087374262,19072
711,0,edu,-.0081690173722936,-.0421690744660008,19534
711,0,plants,.0158115270189693,-.0421690744660008,19534
711,0,age,.0001312276643774,-.0421690744660008,19534
711,0,gender,.0002723619147268,-.0421690744660008,19534
711,0,marriage,-.0007080110721791,-.0421690744660008,19534
711,0,ln_income,.0001908175232621,-.0421690744660008,19534
711,0,health,-.0005286473261307,-.0421690744660008,19534
711,0,sportsArea,.0049738150048076,-.0421690744660008,19534
711,0,year14,-.0045373931923664,-.0421690744660008,19534
711,0,rice10,-.0462659992108121,-.0421690744660008,19534
711,0,ln_gdp_hist,.0156811871387425,-.0421690744660008,19534
711,0,urban2000_10,-.0169487845454875,-.0421690744660008,19534
711,0,diff,-.0421690744660008,-.0421690744660008,19534
711,0,expl,-.0400527291055418,-.0421690744660008,19534
711,0,pr_0,.1499276876104773,-.0421690744660008,19534
711,0,pr_1,.1920967620764781,-.0421690744660008,19534
712,0,edu,-.0012423367883193,-.0241826460051047,13699
712,0,plants,-.0138861582041929,-.0241826460051047,13699
712,0,age,-.0007722237128318,-.0241826460051047,13699
712,0,gender,-.0003397761239624,-.0241826460051047,13699
712,0,marriage,-.0004978311097824,-.0241826460051047,13699
712,0,ln_income,-.000233003478112,-.0241826460051047,13699
712,0,health,-.0012690852015174,-.0241826460051047,13699
712,0,sportsArea,.0021911205082851,-.0241826460051047,13699
712,0,year14,-.0059911849468877,-.0241826460051047,13699
712,0,rice10,-.0175385958354066,-.0241826460051047,13699
712,0,ln_gdp_hist,-.0116351679162613,-.0241826460051047,13699
712,0,urban2000_10,.027854915919647,-.0241826460051047,13699
712,0,diff,-.0241826460051047,-.0241826460051047,13699
712,0,expl,-.0233415632472105,-.0241826460051047,13699
712,0,pr_0,.1525300855444396,-.0241826460051047,13699
712,0,pr_1,.1767127315495443,-.0241826460051047,13699
713,0,edu,-.0092205117148054,-.0455928852528854,15601
713,0,plants,.0183892341047372,-.0455928852528854,15601
713,0,age,.0010663899404726,-.0455928852528854,15601
713,0,gender,.000513063026009,-.0455928852528854,15601
713,0,marriage,-.0001646452974728,-.0455928852528854,15601
713,0,ln_income,.0001186649814609,-.0455928852528854,15601
713,0,health,-.0013111473449008,-.0455928852528854,15601
713,0,sportsArea,.0050271129765545,-.0455928852528854,15601
713,0,year14,-.0072211609046627,-.0455928852528854,15601
713,0,rice10,-.0458157076848058,-.0455928852528854,15601
713,0,ln_gdp_hist,.0050715929676493,-.0455928852528854,15601
713,0,urban2000_10,-.0114623493609276,-.0455928852528854,15601
713,0,diff,-.0455928852528854,-.0455928852528854,15601
713,0,expl,-.0451420338498763,-.0455928852528854,15601
713,0,pr_0,.1550400261395197,-.0455928852528854,15601
713,0,pr_1,.2006329113924051,-.0455928852528854,15601
714,0,edu,-.0005051539083637,-.0276692037516877,15844
714,0,plants,-.0010956912898288,-.0276692037516877,15844
714,0,age,-.0002831454895422,-.0276692037516877,15844
714,0,gender,-.000287603419315,-.0276692037516877,15844
714,0,marriage,-.0012334858975125,-.0276692037516877,15844
714,0,ln_income,.000465787976263,-.0276692037516877,15844
714,0,health,-.0003161943147746,-.0276692037516877,15844
714,0,sportsArea,.0048170883797451,-.0276692037516877,15844
714,0,year14,-.0000568374781794,-.0276692037516877,15844
714,0,rice10,-.0536195715074371,-.0276692037516877,15844
714,0,ln_gdp_hist,.0287768331263772,-.0276692037516877,15844
714,0,urban2000_10,-.00401051364535,-.0276692037516877,15844
714,0,diff,-.0276692037516877,-.0276692037516877,15844
714,0,expl,-.0274475243408444,-.0276692037516877,15844
714,0,pr_0,.1508746355685131,-.0276692037516877,15844
714,0,pr_1,.1785438393202008,-.0276692037516877,15844
715,0,edu,-.0122197369654714,-.0531929338013318,19900
715,0,plants,-.010778926432544,-.0531929338013318,19900
715,0,age,-.0004794588234423,-.0531929338013318,19900
715,0,gender,.0001270335505224,-.0531929338013318,19900
715,0,marriage,.0002295107945224,-.0531929338013318,19900
715,0,ln_income,.0000455730838585,-.0531929338013318,19900
715,0,health,-.0003520203258418,-.0531929338013318,19900
715,0,sportsArea,.0055241737854513,-.0531929338013318,19900
715,0,year14,-.0067337129054579,-.0531929338013318,19900
715,0,rice10,-.012718966635243,-.0531929338013318,19900
715,0,ln_gdp_hist,-.0065818781723189,-.0531929338013318,19900
715,0,urban2000_10,-.0012445476559077,-.0531929338013318,19900
715,0,diff,-.0531929338013318,-.0531929338013318,19900
715,0,expl,-.0451535957232492,-.0531929338013318,19900
715,0,pr_0,.1404255319148936,-.0531929338013318,19900
715,0,pr_1,.1936184657162254,-.0531929338013318,19900
716,0,edu,-.0052934516182463,-.0658437631788651,11317
716,0,plants,-.000961037857101,-.0658437631788651,11317
716,0,age,-.0015534273236246,-.0658437631788651,11317
716,0,gender,-1.70707989120e-06,-.0658437631788651,11317
716,0,marriage,-.0001339503257933,-.0658437631788651,11317
716,0,ln_income,.0000858105366452,-.0658437631788651,11317
716,0,health,-.0003096644142181,-.0658437631788651,11317
716,0,sportsArea,.001947552255343,-.0658437631788651,11317
716,0,year14,-.0052229782260937,-.0658437631788651,11317
716,0,rice10,-.0470013962125969,-.0658437631788651,11317
716,0,ln_gdp_hist,.0010048255619695,-.0658437631788651,11317
716,0,urban2000_10,-.0003716518279285,-.0658437631788651,11317
716,0,diff,-.0658437631788651,-.0658437631788651,11317
716,0,expl,-.0576943338598228,-.0658437631788651,11317
716,0,pr_0,.1322751322751323,-.0658437631788651,11317
716,0,pr_1,.1981188954539974,-.0658437631788651,11317
717,0,edu,-.0142053223796947,-.0987028709789,9207
717,0,plants,.0135081602883274,-.0987028709789,9207
717,0,age,.0008400292938094,-.0987028709789,9207
717,0,gender,.0004359558416801,-.0987028709789,9207
717,0,marriage,.0002732911555615,-.0987028709789,9207
717,0,ln_income,.0001167926885167,-.0987028709789,9207
717,0,health,-.0013456866480471,-.0987028709789,9207
717,0,sportsArea,.0010195391470082,-.0987028709789,9207
717,0,year14,-.0144169478809354,-.0987028709789,9207
717,0,rice10,-.0493548478829814,-.0987028709789,9207
717,0,ln_gdp_hist,-.02915361946759,-.0987028709789,9207
717,0,urban2000_10,.0048259572123479,-.0987028709789,9207
717,0,diff,-.0987028709789,-.0987028709789,9207
717,0,expl,-.0874888822676895,-.0987028709789,9207
717,0,pr_0,.1186440677966102,-.0987028709789,9207
717,0,pr_1,.2173469387755102,-.0987028709789,9207
718,0,edu,-.0044871760747911,-.0145130256574942,11653
718,0,plants,.0128320871738684,-.0145130256574942,11653
718,0,age,1.38223665054e-06,-.0145130256574942,11653
718,0,gender,-.0003951062129516,-.0145130256574942,11653
718,0,marriage,-.0007549977981843,-.0145130256574942,11653
718,0,ln_income,.0004210938172554,-.0145130256574942,11653
718,0,health,-.0009407970006511,-.0145130256574942,11653
718,0,sportsArea,.0025898746557935,-.0145130256574942,11653
718,0,year14,-.0046762390149779,-.0145130256574942,11653
718,0,rice10,-.0249436814460764,-.0145130256574942,11653
718,0,ln_gdp_hist,-.010792622156517,-.0145130256574942,11653
718,0,urban2000_10,.0139933447671761,-.0145130256574942,11653
718,0,diff,-.0145130256574942,-.0145130256574942,11653
718,0,expl,-.0171199912543912,-.0145130256574942,11653
718,0,pr_0,.1593520436993784,-.0145130256574942,11653
718,0,pr_1,.1738650693568726,-.0145130256574942,11653
719,0,edu,-.0134531305983204,-.1151860144678547,10732
719,0,plants,-.0148485346143689,-.1151860144678547,10732
719,0,age,-.0005151403356332,-.1151860144678547,10732
719,0,gender,.0011197438760723,-.1151860144678547,10732
719,0,marriage,-.0004452788226013,-.1151860144678547,10732
719,0,ln_income,-.0002329138948447,-.1151860144678547,10732
719,0,health,-.0006072660978168,-.1151860144678547,10732
719,0,sportsArea,.0028252864821766,-.1151860144678547,10732
719,0,year14,-.0094954240484892,-.1151860144678547,10732
719,0,rice10,-.0713016399967715,-.1151860144678547,10732
719,0,ln_gdp_hist,-.0013307932769839,-.1151860144678547,10732
719,0,urban2000_10,-.0000119907634974,-.1151860144678547,10732
719,0,diff,-.1151860144678547,-.1151860144678547,10732
719,0,expl,-.1082660895926849,-.1151860144678547,10732
719,0,pr_0,.1289555079704973,-.1151860144678547,10732
719,0,pr_1,.244141522438352,-.1151860144678547,10732
720,0,edu,-.0077480884504222,-.0416467118541802,13122
720,0,plants,.0015498283036707,-.0416467118541802,13122
720,0,age,.0010026995012511,-.0416467118541802,13122
720,0,gender,.0002132178573972,-.0416467118541802,13122
720,0,marriage,-.0003788621542565,-.0416467118541802,13122
720,0,ln_income,.0000282432637656,-.0416467118541802,13122
720,0,health,-.0014221415618301,-.0416467118541802,13122
720,0,sportsArea,.0035183469228023,-.0416467118541802,13122
720,0,year14,-.0033788838855569,-.0416467118541802,13122
720,0,rice10,-.0474791481936481,-.0416467118541802,13122
720,0,ln_gdp_hist,.0114284830742268,-.0416467118541802,13122
720,0,urban2000_10,-.0029379167728497,-.0416467118541802,13122
720,0,diff,-.0416467118541802,-.0416467118541802,13122
720,0,expl,-.0455314331347775,-.0416467118541802,13122
720,0,pr_0,.1538026042649557,-.0416467118541802,13122
720,0,pr_1,.1954493161191359,-.0416467118541802,13122
721,0,edu,-.0069929305287465,-.0631053552544073,14349
721,0,plants,-.0477465318196187,-.0631053552544073,14349
721,0,age,.0015638852989193,-.0631053552544073,14349
721,0,gender,.0007557222182197,-.0631053552544073,14349
721,0,marriage,.0016584588482771,-.0631053552544073,14349
721,0,ln_income,-.0005522419442849,-.0631053552544073,14349
721,0,health,-.0018416271712257,-.0631053552544073,14349
721,0,sportsArea,.0032206075363264,-.0631053552544073,14349
721,0,year14,-.0087049951413137,-.0631053552544073,14349
721,0,rice10,-.0220314987003978,-.0631053552544073,14349
721,0,ln_gdp_hist,-.012568789315971,-.0631053552544073,14349
721,0,urban2000_10,.0328214536539512,-.0631053552544073,14349
721,0,diff,-.0631053552544073,-.0631053552544073,14349
721,0,expl,-.0604362916614841,-.0631053552544073,14349
721,0,pr_0,.1744402985074627,-.0631053552544073,14349
721,0,pr_1,.23754565376187,-.0631053552544073,14349
722,0,edu,-.0067723769766347,-.0286477854793391,12016
722,0,plants,.0069949555739223,-.0286477854793391,12016
722,0,age,.000388922492667,-.0286477854793391,12016
722,0,gender,-.0002529159192904,-.0286477854793391,12016
722,0,marriage,-.0008545154264312,-.0286477854793391,12016
722,0,ln_income,.0001051501772346,-.0286477854793391,12016
722,0,health,-.0005515956272296,-.0286477854793391,12016
722,0,sportsArea,.0011284817875202,-.0286477854793391,12016
722,0,year14,-.0055391689590293,-.0286477854793391,12016
722,0,rice10,-.0391442317300834,-.0286477854793391,12016
722,0,ln_gdp_hist,.0135717250765057,-.0286477854793391,12016
722,0,urban2000_10,-.000187781266987,-.0286477854793391,12016
722,0,diff,-.0286477854793391,-.0286477854793391,12016
722,0,expl,-.0310707878007792,-.0286477854793391,12016
722,0,pr_0,.1584215591915303,-.0286477854793391,12016
722,0,pr_1,.1870693446708694,-.0286477854793391,12016
723,0,edu,-.0058754552889998,-.0475159474619217,20503
723,0,plants,-.0003189753328641,-.0475159474619217,20503
723,0,age,-.0001001314847943,-.0475159474619217,20503
723,0,gender,.000025148533813,-.0475159474619217,20503
723,0,marriage,-.0002841334069411,-.0475159474619217,20503
723,0,ln_income,.0001188709522321,-.0475159474619217,20503
723,0,health,-.0001551553186849,-.0475159474619217,20503
723,0,sportsArea,.0087321219085158,-.0475159474619217,20503
723,0,year14,-.004461681855479,-.0475159474619217,20503
723,0,rice10,-.0610015506887481,-.0475159474619217,20503
723,0,ln_gdp_hist,.0500232128844739,-.0475159474619217,20503
723,0,urban2000_10,-.033421166121643,-.0475159474619217,20503
723,0,diff,-.0475159474619217,-.0475159474619217,20503
723,0,expl,-.0465818489152947,-.0475159474619217,20503
723,0,pr_0,.1575795125981,-.0475159474619217,20503
723,0,pr_1,.2050954600600217,-.0475159474619217,20503
724,0,edu,-.0091851700552895,-.0804616089964855,21916
724,0,plants,-.0239983319268832,-.0804616089964855,21916
724,0,age,.0006699842323897,-.0804616089964855,21916
724,0,gender,.0006485804605209,-.0804616089964855,21916
724,0,marriage,6.02066638810e-06,-.0804616089964855,21916
724,0,ln_income,-.0002366663325454,-.0804616089964855,21916
724,0,health,-.0003219280912976,-.0804616089964855,21916
724,0,sportsArea,.0072333287290397,-.0804616089964855,21916
724,0,year14,-.0075047075973762,-.0804616089964855,21916
724,0,rice10,-.0351652387117379,-.0804616089964855,21916
724,0,ln_gdp_hist,.0141634866337519,-.0804616089964855,21916
724,0,urban2000_10,-.0235968311042265,-.0804616089964855,21916
724,0,diff,-.0804616089964855,-.0804616089964855,21916
724,0,expl,-.0773216875017688,-.0804616089964855,21916
724,0,pr_0,.1447850960833211,-.0804616089964855,21916
724,0,pr_1,.2252467050798066,-.0804616089964855,21916
725,0,edu,-.0147486635744115,-.0874442400023777,11032
725,0,plants,-.0067201039567087,-.0874442400023777,11032
725,0,age,.0005751303961668,-.0874442400023777,11032
725,0,gender,.0021579187923475,-.0874442400023777,11032
725,0,marriage,.0007979272770092,-.0874442400023777,11032
725,0,ln_income,-.0004880760599786,-.0874442400023777,11032
725,0,health,-.0028864033936429,-.0874442400023777,11032
725,0,sportsArea,.0044675002997917,-.0874442400023777,11032
725,0,year14,-.0181732958985555,-.0874442400023777,11032
725,0,rice10,-.0465153707850001,-.0874442400023777,11032
725,0,ln_gdp_hist,.0189045463286939,-.0874442400023777,11032
725,0,urban2000_10,-.0243769167342076,-.0874442400023777,11032
725,0,diff,-.0874442400023777,-.0874442400023777,11032
725,0,expl,-.0868813522854799,-.0874442400023777,11032
725,0,pr_0,.1627725856697819,-.0874442400023777,11032
725,0,pr_1,.2502168256721596,-.0874442400023777,11032
726,0,edu,-.0036181471428538,-.0489475673698105,15518
726,0,plants,-.0187531928903385,-.0489475673698105,15518
726,0,age,-.002262857524242,-.0489475673698105,15518
726,0,gender,.0000869040542595,-.0489475673698105,15518
726,0,marriage,-.0007942277290381,-.0489475673698105,15518
726,0,ln_income,.0002742117455854,-.0489475673698105,15518
726,0,health,.0004541107289929,-.0489475673698105,15518
726,0,sportsArea,.0135113794148243,-.0489475673698105,15518
726,0,year14,-.0011371957217002,-.0489475673698105,15518
726,0,rice10,-.050622304341674,-.0489475673698105,15518
726,0,ln_gdp_hist,.0189122979667782,-.0489475673698105,15518
726,0,urban2000_10,-.0030067910575482,-.0489475673698105,15518
726,0,diff,-.0489475673698105,-.0489475673698105,15518
726,0,expl,-.0469128952875381,-.0489475673698105,15518
726,0,pr_0,.138025095471904,-.0489475673698105,15518
726,0,pr_1,.1869726628417145,-.0489475673698105,15518
727,0,edu,-.0063944146088969,-.04299164954224,22531
727,0,plants,-.0087338472736486,-.04299164954224,22531
727,0,age,.0012646220524448,-.04299164954224,22531
727,0,gender,.0001086324153797,-.04299164954224,22531
727,0,marriage,.0000310144804384,-.04299164954224,22531
727,0,ln_income,.0001345190461532,-.04299164954224,22531
727,0,health,-.0004685215173279,-.04299164954224,22531
727,0,sportsArea,.0065192205955091,-.04299164954224,22531
727,0,year14,-.0033523987929272,-.04299164954224,22531
727,0,rice10,-.0475307927471034,-.04299164954224,22531
727,0,ln_gdp_hist,.0545447921422203,-.04299164954224,22531
727,0,urban2000_10,-.0333198835008575,-.04299164954224,22531
727,0,diff,-.04299164954224,-.04299164954224,22531
727,0,expl,-.0373961108824483,-.04299164954224,22531
727,0,pr_0,.1631449631449632,-.04299164954224,22531
727,0,pr_1,.2061366126872032,-.04299164954224,22531
728,0,edu,-.0066002049761076,-.0786128887720144,13293
728,0,plants,-.0191273989721117,-.0786128887720144,13293
728,0,age,-.0007533826441954,-.0786128887720144,13293
728,0,gender,.000349754672091,-.0786128887720144,13293
728,0,marriage,-.0011379889924765,-.0786128887720144,13293
728,0,ln_income,-.0004204218113261,-.0786128887720144,13293
728,0,health,.0002828488366607,-.0786128887720144,13293
728,0,sportsArea,.0063667010992311,-.0786128887720144,13293
728,0,year14,-.0034359802293728,-.0786128887720144,13293
728,0,rice10,-.0495900749511893,-.0786128887720144,13293
728,0,ln_gdp_hist,.0026225757915184,-.0786128887720144,13293
728,0,urban2000_10,-.0049449663564732,-.0786128887720144,13293
728,0,diff,-.0786128887720144,-.0786128887720144,13293
728,0,expl,-.0761884773884817,-.0786128887720144,13293
728,0,pr_0,.1305489260143198,-.0786128887720144,13293
728,0,pr_1,.2091618147863342,-.0786128887720144,13293
729,0,edu,-.011443214812487,-.1264000381307917,5187
729,0,plants,-.0250185631613606,-.1264000381307917,5187
729,0,age,.002827056452249,-.1264000381307917,5187
729,0,gender,.0009105479042696,-.1264000381307917,5187
729,0,marriage,.0000917274170184,-.1264000381307917,5187
729,0,ln_income,-.0040147597663355,-.1264000381307917,5187
729,0,health,.0007461106373815,-.1264000381307917,5187
729,0,sportsArea,-.0154417077528468,-.1264000381307917,5187
729,0,year14,-.0153809590264778,-.1264000381307917,5187
729,0,rice10,-.0224842637855979,-.1264000381307917,5187
729,0,ln_gdp_hist,.0000815758246993,-.1264000381307917,5187
729,0,urban2000_10,-.030472360965773,-.1264000381307917,5187
729,0,diff,-.1264000381307917,-.1264000381307917,5187
729,0,expl,-.1196270741906489,-.1264000381307917,5187
729,0,pr_0,.1285481239804241,-.1264000381307917,5187
729,0,pr_1,.2549481621112158,-.1264000381307917,5187
730,0,edu,-.0098189240275015,-.0567422340320459,14928
730,0,plants,-.0065825470662849,-.0567422340320459,14928
730,0,age,.0019879436420045,-.0567422340320459,14928
730,0,gender,.0001983854585485,-.0567422340320459,14928
730,0,marriage,-.000438405147583,-.0567422340320459,14928
730,0,ln_income,.0003538443863158,-.0567422340320459,14928
730,0,health,-.000871234737475,-.0567422340320459,14928
730,0,sportsArea,.0040917847803915,-.0567422340320459,14928
730,0,year14,-.0109155321798645,-.0567422340320459,14928
730,0,rice10,-.0415937043728449,-.0567422340320459,14928
730,0,ln_gdp_hist,.0227145811462587,-.0567422340320459,14928
730,0,urban2000_10,-.0131843305126518,-.0567422340320459,14928
730,0,diff,-.0567422340320459,-.0567422340320459,14928
730,0,expl,-.0538380246077604,-.0567422340320459,14928
730,0,pr_0,.1537383995797584,-.0567422340320459,14928
730,0,pr_1,.2104806336118043,-.0567422340320459,14928
731,0,edu,-.0123397341879365,-.0588554742768694,15513
731,0,plants,.0055869756253837,-.0588554742768694,15513
731,0,age,.0034719055276657,-.0588554742768694,15513
731,0,gender,.0005495708007567,-.0588554742768694,15513
731,0,marriage,.0019896699567812,-.0588554742768694,15513
731,0,ln_income,.0000344870478427,-.0588554742768694,15513
731,0,health,-.0027912082094124,-.0588554742768694,15513
731,0,sportsArea,.0026198499864464,-.0588554742768694,15513
731,0,year14,-.0126096246114934,-.0588554742768694,15513
731,0,rice10,-.021935013114763,-.0588554742768694,15513
731,0,ln_gdp_hist,.0193179229981542,-.0588554742768694,15513
731,0,urban2000_10,-.0375326611716888,-.0588554742768694,15513
731,0,diff,-.0588554742768694,-.0588554742768694,15513
731,0,expl,-.0536319137515913,-.0588554742768694,15513
731,0,pr_0,.1794313524590164,-.0588554742768694,15513
731,0,pr_1,.2382868267358858,-.0588554742768694,15513
732,0,edu,-.0180543789715101,-.1027792777175495,8619
732,0,plants,-.0332306516112415,-.1027792777175495,8619
732,0,age,.0023794247291863,-.1027792777175495,8619
732,0,gender,.0011944083877272,-.1027792777175495,8619
732,0,marriage,-.0001672050497968,-.1027792777175495,8619
732,0,ln_income,-.0002983085370713,-.1027792777175495,8619
732,0,health,-.0006730835551177,-.1027792777175495,8619
732,0,sportsArea,.0019769579034303,-.1027792777175495,8619
732,0,year14,-.0172380012510867,-.1027792777175495,8619
732,0,rice10,-.0264130659373723,-.1027792777175495,8619
732,0,ln_gdp_hist,.0003571410591197,-.1027792777175495,8619
732,0,urban2000_10,-.0014843235841995,-.1027792777175495,8619
732,0,diff,-.1027792777175495,-.1027792777175495,8619
732,0,expl,-.0919204528384663,-.1027792777175495,8619
732,0,pr_0,.136548518303312,-.1027792777175495,8619
732,0,pr_1,.2393277960208615,-.1027792777175495,8619
733,0,edu,.0000655954926261,.0049236923992042,14233
733,0,plants,-.0266124809808588,.0049236923992042,14233
733,0,age,-.0005140324804922,.0049236923992042,14233
733,0,gender,-.0001840517367135,.0049236923992042,14233
733,0,marriage,-.0008286098905217,.0049236923992042,14233
733,0,ln_income,-.0002831214960376,.0049236923992042,14233
733,0,health,-.0007366996849281,.0049236923992042,14233
733,0,sportsArea,.0056488697924438,.0049236923992042,14233
733,0,year14,.0000717043387333,.0049236923992042,14233
733,0,rice10,-.0169312377315415,.0049236923992042,14233
733,0,ln_gdp_hist,-.0348143349213442,.0049236923992042,14233
733,0,urban2000_10,.0792481649174959,.0049236923992042,14233
733,0,diff,.0049236923992042,.0049236923992042,14233
733,0,expl,.0041179590290593,.0049236923992042,14233
733,0,pr_0,.1736730360934182,.0049236923992042,14233
733,0,pr_1,.168749343694214,.0049236923992042,14233
734,0,edu,-.0135719274298484,-.06375760775059,11188
734,0,plants,-.0433443521179059,-.06375760775059,11188
734,0,age,.0035747481347923,-.06375760775059,11188
734,0,gender,.000732392966899,-.06375760775059,11188
734,0,marriage,.0030378114982378,-.06375760775059,11188
734,0,ln_income,-.0004586431005541,-.06375760775059,11188
734,0,health,-.0034211930363485,-.06375760775059,11188
734,0,sportsArea,.0010846640659714,-.06375760775059,11188
734,0,year14,-.0085805437085129,-.06375760775059,11188
734,0,rice10,-.0033757233452581,-.06375760775059,11188
734,0,ln_gdp_hist,.0002333732071519,-.06375760775059,11188
734,0,urban2000_10,.006932349379963,-.06375760775059,11188
734,0,diff,-.06375760775059,-.06375760775059,11188
734,0,expl,-.0572388605533556,-.06375760775059,11188
734,0,pr_0,.1681701030927835,-.06375760775059,11188
734,0,pr_1,.2319277108433735,-.06375760775059,11188
735,0,edu,-.0041662740183303,-.0471635799302278,13345
735,0,plants,.0144662499856489,-.0471635799302278,13345
735,0,age,.0014519324252299,-.0471635799302278,13345
735,0,gender,-.0000253012685807,-.0471635799302278,13345
735,0,marriage,-.0007904838272016,-.0471635799302278,13345
735,0,ln_income,.0003342902579134,-.0471635799302278,13345
735,0,health,-.0002172087539107,-.0471635799302278,13345
735,0,sportsArea,.0025412459597493,-.0471635799302278,13345
735,0,year14,-.0126570024115475,-.0471635799302278,13345
735,0,rice10,-.0701699544871518,-.0471635799302278,13345
735,0,ln_gdp_hist,.0569645726532087,-.0471635799302278,13345
735,0,urban2000_10,-.0336830081689612,-.0471635799302278,13345
735,0,diff,-.0471635799302278,-.0471635799302278,13345
735,0,expl,-.0458513972853067,-.0471635799302278,13345
735,0,pr_0,.1605113636363636,-.0471635799302278,13345
735,0,pr_1,.2076749435665914,-.0471635799302278,13345
736,0,edu,-.0012379477881518,-.029476675724626,19167
736,0,plants,-.05091096246823,-.029476675724626,19167
736,0,age,.0008928715848672,-.029476675724626,19167
736,0,gender,-.000252740332745,-.029476675724626,19167
736,0,marriage,-.00020622837228,-.029476675724626,19167
736,0,ln_income,-.0000518235974796,-.029476675724626,19167
736,0,health,-.0005002809396823,-.029476675724626,19167
736,0,sportsArea,.0071570820942096,-.029476675724626,19167
736,0,year14,-.0008883867632243,-.029476675724626,19167
736,0,rice10,-.0131567549771727,-.029476675724626,19167
736,0,ln_gdp_hist,.0494244177308968,-.029476675724626,19167
736,0,urban2000_10,-.0144611207176156,-.029476675724626,19167
736,0,diff,-.029476675724626,-.029476675724626,19167
736,0,expl,-.0242107801672329,-.029476675724626,19167
736,0,pr_0,.1639821795750514,-.029476675724626,19167
736,0,pr_1,.1934588552996774,-.029476675724626,19167
737,0,edu,-.0061937882943371,-.0137468919357791,21961
737,0,plants,.0219110204262522,-.0137468919357791,21961
737,0,age,-.0017501716929871,-.0137468919357791,21961
737,0,gender,.0003158371982304,-.0137468919357791,21961
737,0,marriage,-.0017400984880147,-.0137468919357791,21961
737,0,ln_income,.0001742778452551,-.0137468919357791,21961
737,0,health,.0001499016698237,-.0137468919357791,21961
737,0,sportsArea,.0058140810158804,-.0137468919357791,21961
737,0,year14,-.0045203334476571,-.0137468919357791,21961
737,0,rice10,-.0379990941509707,-.0137468919357791,21961
737,0,ln_gdp_hist,.0241641193520112,-.0137468919357791,21961
737,0,urban2000_10,-.0149128652495272,-.0137468919357791,21961
737,0,diff,-.0137468919357791,-.0137468919357791,21961
737,0,expl,-.0144352764041065,-.0137468919357791,21961
737,0,pr_0,.14812015870017,-.0137468919357791,21961
737,0,pr_1,.1618670506359491,-.0137468919357791,21961
738,0,edu,-.0112003488316348,-.0521043450609594,12133
738,0,plants,.0022992301627384,-.0521043450609594,12133
738,0,age,.0009161279689621,-.0521043450609594,12133
738,0,gender,.0004634393236098,-.0521043450609594,12133
738,0,marriage,-.0013356274627698,-.0521043450609594,12133
738,0,ln_income,.0001855026817142,-.0521043450609594,12133
738,0,health,-.000928368994994,-.0521043450609594,12133
738,0,sportsArea,.0025872421974715,-.0521043450609594,12133
738,0,year14,-.0046839709175221,-.0521043450609594,12133
738,0,rice10,-.0462013883877595,-.0521043450609594,12133
738,0,ln_gdp_hist,-.0038565355364043,-.0521043450609594,12133
738,0,urban2000_10,.000395870317635,-.0521043450609594,12133
738,0,diff,-.0521043450609594,-.0521043450609594,12133
738,0,expl,-.0615100955344113,-.0521043450609594,12133
738,0,pr_0,.1430672268907563,-.0521043450609594,12133
738,0,pr_1,.1951715719517157,-.0521043450609594,12133
739,0,edu,-.0126334603520518,-.1127139869628663,10855
739,0,plants,-.0272145953576588,-.1127139869628663,10855
739,0,age,-.0035381586735129,-.1127139869628663,10855
739,0,gender,.0008288617929817,-.1127139869628663,10855
739,0,marriage,.0000322568830518,-.1127139869628663,10855
739,0,ln_income,.000157566191015,-.1127139869628663,10855
739,0,health,-.0014815075498983,-.1127139869628663,10855
739,0,sportsArea,.0098302755609056,-.1127139869628663,10855
739,0,year14,-.0132472317408352,-.1127139869628663,10855
739,0,rice10,-.0533059310048451,-.1127139869628663,10855
739,0,ln_gdp_hist,-.0031994575307628,-.1127139869628663,10855
739,0,urban2000_10,.0009700277461775,-.1127139869628663,10855
739,0,diff,-.1127139869628663,-.1127139869628663,10855
739,0,expl,-.1028121231018516,-.1127139869628663,10855
739,0,pr_0,.1338016924796424,-.1127139869628663,10855
739,0,pr_1,.2465156794425087,-.1127139869628663,10855
740,0,edu,-.015940019149825,-.0857419168705045,11887
740,0,plants,.0070352657437099,-.0857419168705045,11887
740,0,age,.0032621609229113,-.0857419168705045,11887
740,0,gender,.0008427175545218,-.0857419168705045,11887
740,0,marriage,.0024822062368039,-.0857419168705045,11887
740,0,ln_income,-.0000470333780615,-.0857419168705045,11887
740,0,health,-.0040622964297152,-.0857419168705045,11887
740,0,sportsArea,.0023255081532928,-.0857419168705045,11887
740,0,year14,-.011007090144203,-.0857419168705045,11887
740,0,rice10,-.043412205409726,-.0857419168705045,11887
740,0,ln_gdp_hist,-.0208254156483078,-.0857419168705045,11887
740,0,urban2000_10,-.0031670850073645,-.0857419168705045,11887
740,0,diff,-.0857419168705045,-.0857419168705045,11887
740,0,expl,-.0825494592719641,-.0857419168705045,11887
740,0,pr_0,.1427242277633048,-.0857419168705045,11887
740,0,pr_1,.2284661446338093,-.0857419168705045,11887
741,0,edu,-.002315453574271,-.0147993095660187,18104
741,0,plants,.0460104659577106,-.0147993095660187,18104
741,0,age,.0002913276938373,-.0147993095660187,18104
741,0,gender,.000185111806317,-.0147993095660187,18104
741,0,marriage,-.0002948646620375,-.0147993095660187,18104
741,0,ln_income,.0001402969860325,-.0147993095660187,18104
741,0,health,-.0001491486568092,-.0147993095660187,18104
741,0,sportsArea,.0059326986167147,-.0147993095660187,18104
741,0,year14,-.0037664528082296,-.0147993095660187,18104
741,0,rice10,-.0560376006926518,-.0147993095660187,18104
741,0,ln_gdp_hist,.0277021707398867,-.0147993095660187,18104
741,0,urban2000_10,-.0274563306103185,-.0147993095660187,18104
741,0,diff,-.0147993095660187,-.0147993095660187,18104
741,0,expl,-.0097916857501593,-.0147993095660187,18104
741,0,pr_0,.1698731068358575,-.0147993095660187,18104
741,0,pr_1,.1846724164018762,-.0147993095660187,18104
742,0,edu,-.0009112252316917,-.0040877074274589,17957
742,0,plants,.0252212527595558,-.0040877074274589,17957
742,0,age,.0004230765417577,-.0040877074274589,17957
742,0,gender,-.0002164460907884,-.0040877074274589,17957
742,0,marriage,-.0002250667065115,-.0040877074274589,17957
742,0,ln_income,.0000817590852653,-.0040877074274589,17957
742,0,health,-.0010543095804856,-.0040877074274589,17957
742,0,sportsArea,.0052786392143648,-.0040877074274589,17957
742,0,year14,.0055555618099282,-.0040877074274589,17957
742,0,rice10,-.056389797584785,-.0040877074274589,17957
742,0,ln_gdp_hist,.0335234866185284,-.0040877074274589,17957
742,0,urban2000_10,-.0167966340124243,-.0040877074274589,17957
742,0,diff,-.0040877074274589,-.0040877074274589,17957
742,0,expl,-.0055623461357472,-.0040877074274589,17957
742,0,pr_0,.1776453535190852,-.0040877074274589,17957
742,0,pr_1,.1817330609465441,-.0040877074274589,17957
743,0,edu,-.0061662103191236,-.0638986784043779,17118
743,0,plants,-.0367706314902003,-.0638986784043779,17118
743,0,age,.0025397266584772,-.0638986784043779,17118
743,0,gender,.0002581099158271,-.0638986784043779,17118
743,0,marriage,.0015749617296365,-.0638986784043779,17118
743,0,ln_income,-.0004672020122696,-.0638986784043779,17118
743,0,health,-.001546076838729,-.0638986784043779,17118
743,0,sportsArea,.0042389956665398,-.0638986784043779,17118
743,0,year14,-.0060588650599351,-.0638986784043779,17118
743,0,rice10,-.0524446310363313,-.0638986784043779,17118
743,0,ln_gdp_hist,.010982142923073,-.0638986784043779,17118
743,0,urban2000_10,.0204468116244195,-.0638986784043779,17118
743,0,diff,-.0638986784043779,-.0638986784043779,17118
743,0,expl,-.0634486049934288,-.0638986784043779,17118
743,0,pr_0,.1804726045183069,-.0638986784043779,17118
743,0,pr_1,.2443712829226848,-.0638986784043779,17118
744,0,edu,-.0084645088599964,-.0562871661173947,21316
744,0,plants,-.019323131344102,-.0562871661173947,21316
744,0,age,.0001709200870464,-.0562871661173947,21316
744,0,gender,-.0001586794637062,-.0562871661173947,21316
744,0,marriage,-.0008436811107442,-.0562871661173947,21316
744,0,ln_income,.0002937601600173,-.0562871661173947,21316
744,0,health,-.0003836429047024,-.0562871661173947,21316
744,0,sportsArea,.0071451326077711,-.0562871661173947,21316
744,0,year14,-.0034270577763412,-.0562871661173947,21316
744,0,rice10,-.0421889474335037,-.0562871661173947,21316
744,0,ln_gdp_hist,.0332096937146416,-.0562871661173947,21316
744,0,urban2000_10,-.0187692576799215,-.0562871661173947,21316
744,0,diff,-.0562871661173947,-.0562871661173947,21316
744,0,expl,-.0525852679359845,-.0562871661173947,21316
744,0,pr_0,.149234693877551,-.0562871661173947,21316
744,0,pr_1,.2055218599949457,-.0562871661173947,21316
745,0,edu,-.015316051331489,-.1033074566879781,14090
745,0,plants,-.0248106239848576,-.1033074566879781,14090
745,0,age,.0031943355919009,-.1033074566879781,14090
745,0,gender,.0007910696070891,-.1033074566879781,14090
745,0,marriage,.0007675813189198,-.1033074566879781,14090
745,0,ln_income,-.0000542587986806,-.1033074566879781,14090
745,0,health,-.001971930168054,-.1033074566879781,14090
745,0,sportsArea,.0026618688587022,-.1033074566879781,14090
745,0,year14,-.008637358105037,-.1033074566879781,14090
745,0,rice10,-.0713308981356909,-.1033074566879781,14090
745,0,ln_gdp_hist,.0011081099301688,-.1033074566879781,14090
745,0,urban2000_10,.0092722174694883,-.1033074566879781,14090
745,0,diff,-.1033074566879781,-.1033074566879781,14090
745,0,expl,-.1043574131107972,-.1033074566879781,14090
745,0,pr_0,.1494649637556092,-.1033074566879781,14090
745,0,pr_1,.2527724204435873,-.1033074566879781,14090
746,0,edu,-.0121173770823932,-.0716250368757609,8859
746,0,plants,-.0276297389109864,-.0716250368757609,8859
746,0,age,.0040535490322206,-.0716250368757609,8859
746,0,gender,.0010165230937913,-.0716250368757609,8859
746,0,marriage,.0022065854101584,-.0716250368757609,8859
746,0,ln_income,-.0006965377748841,-.0716250368757609,8859
746,0,health,-.0010176113427759,-.0716250368757609,8859
746,0,sportsArea,-.0017634204663943,-.0716250368757609,8859
746,0,year14,-.010753432753854,-.0716250368757609,8859
746,0,rice10,-.0311358836112498,-.0716250368757609,8859
746,0,ln_gdp_hist,.00068896719625,-.0716250368757609,8859
746,0,urban2000_10,.0045580234638732,-.0716250368757609,8859
746,0,diff,-.0716250368757609,-.0716250368757609,8859
746,0,expl,-.0726014033587645,-.0716250368757609,8859
746,0,pr_0,.1592850049652433,-.0716250368757609,8859
746,0,pr_1,.2309100418410042,-.0716250368757609,8859
747,0,edu,-.0001628710324642,-.0171906750675202,15508
747,0,plants,-.0003413500616321,-.0171906750675202,15508
747,0,age,-.0006695392522582,-.0171906750675202,15508
747,0,gender,-.0003645591633089,-.0171906750675202,15508
747,0,marriage,-.0007053268452728,-.0171906750675202,15508
747,0,ln_income,.0003042918264639,-.0171906750675202,15508
747,0,health,-.0001125877304036,-.0171906750675202,15508
747,0,sportsArea,.0066763870453525,-.0171906750675202,15508
747,0,year14,-.0022312773501603,-.0171906750675202,15508
747,0,rice10,-.0311015532039286,-.0171906750675202,15508
747,0,ln_gdp_hist,.0095134271460653,-.0171906750675202,15508
747,0,urban2000_10,.0078868021677377,-.0171906750675202,15508
747,0,diff,-.0171906750675202,-.0171906750675202,15508
747,0,expl,-.0112940086512068,-.0171906750675202,15508
747,0,pr_0,.1539053482108503,-.0171906750675202,15508
747,0,pr_1,.1710960232783705,-.0171906750675202,15508
748,0,edu,-.0022206815760974,-.0149392976620439,18632
748,0,plants,.0020270576918966,-.0149392976620439,18632
748,0,age,-.0022616104202928,-.0149392976620439,18632
748,0,gender,-.0001884828037792,-.0149392976620439,18632
748,0,marriage,-.0011535839363629,-.0149392976620439,18632
748,0,ln_income,.0000616383384951,-.0149392976620439,18632
748,0,health,.0004134555649022,-.0149392976620439,18632
748,0,sportsArea,.0063762457659517,-.0149392976620439,18632
748,0,year14,.0015489990219357,-.0149392976620439,18632
748,0,rice10,-.033652402096275,-.0149392976620439,18632
748,0,ln_gdp_hist,-.0118113765028535,-.0149392976620439,18632
748,0,urban2000_10,.0280469721093098,-.0149392976620439,18632
748,0,diff,-.0149392976620439,-.0149392976620439,18632
748,0,expl,-.0125789669980878,-.0149392976620439,18632
748,0,pr_0,.1429946112394149,-.0149392976620439,18632
748,0,pr_1,.1579339089014588,-.0149392976620439,18632
749,0,edu,-.0088045558829117,-.033853927496776,10104
749,0,plants,.0093202508733346,-.033853927496776,10104
749,0,age,.002775141597408,-.033853927496776,10104
749,0,gender,.0010718182541443,-.033853927496776,10104
749,0,marriage,.0018322799989811,-.033853927496776,10104
749,0,ln_income,-.0000613995958538,-.033853927496776,10104
749,0,health,-.0036263724613038,-.033853927496776,10104
749,0,sportsArea,.0006328435094307,-.033853927496776,10104
749,0,year14,-.0152267041930059,-.033853927496776,10104
749,0,rice10,-.0183669776555776,-.033853927496776,10104
749,0,ln_gdp_hist,-.0023750721193257,-.033853927496776,10104
749,0,urban2000_10,-.0002472792763012,-.033853927496776,10104
749,0,diff,-.033853927496776,-.033853927496776,10104
749,0,expl,-.0332052040514397,-.033853927496776,10104
749,0,pr_0,.166786072503224,-.033853927496776,10104
749,0,pr_1,.20064,-.033853927496776,10104
750,0,edu,-.0092637889878193,-.0456515119880294,14856
750,0,plants,-.0057957387975111,-.0456515119880294,14856
750,0,age,.0003218714764976,-.0456515119880294,14856
750,0,gender,.0001571698499015,-.0456515119880294,14856
750,0,marriage,-.0003207291051928,-.0456515119880294,14856
750,0,ln_income,.0000235728065524,-.0456515119880294,14856
750,0,health,-.0015068384415631,-.0456515119880294,14856
750,0,sportsArea,.0045181826827406,-.0456515119880294,14856
750,0,year14,-.0019287074564033,-.0456515119880294,14856
750,0,rice10,-.0357869308904568,-.0456515119880294,14856
750,0,ln_gdp_hist,.0003720500750096,-.0456515119880294,14856
750,0,urban2000_10,.003545304193088,-.0456515119880294,14856
750,0,diff,-.0456515119880294,-.0456515119880294,14856
750,0,expl,-.0456631713539754,-.0456515119880294,14856
750,0,pr_0,.139697950377562,-.0456515119880294,14856
750,0,pr_1,.1853494623655914,-.0456515119880294,14856
751,0,edu,-.0053078309395683,-.0313078264603958,14640
751,0,plants,.0076003569724438,-.0313078264603958,14640
751,0,age,.001986606242367,-.0313078264603958,14640
751,0,gender,.0009109880916356,-.0313078264603958,14640
751,0,marriage,.0002060474378762,-.0313078264603958,14640
751,0,ln_income,-.0003656399564878,-.0313078264603958,14640
751,0,health,-.0010327078280823,-.0313078264603958,14640
751,0,sportsArea,.0058334711380277,-.0313078264603958,14640
751,0,year14,-.0057294381763976,-.0313078264603958,14640
751,0,rice10,-.0454088404252928,-.0313078264603958,14640
751,0,ln_gdp_hist,.0459673140551124,-.0313078264603958,14640
751,0,urban2000_10,-.0354840191684352,-.0313078264603958,14640
751,0,diff,-.0313078264603958,-.0313078264603958,14640
751,0,expl,-.0309449810271047,-.0313078264603958,14640
751,0,pr_0,.1759656652360515,-.0313078264603958,14640
751,0,pr_1,.2072734916964473,-.0313078264603958,14640
752,0,edu,-.0049920521887782,-.0634289084555221,10846
752,0,plants,-.0335056070677324,-.0634289084555221,10846
752,0,age,-.0000835058271471,-.0634289084555221,10846
752,0,gender,.0011383045661098,-.0634289084555221,10846
752,0,marriage,.0008556795875251,-.0634289084555221,10846
752,0,ln_income,-.0004043016756006,-.0634289084555221,10846
752,0,health,-.0018435987087894,-.0634289084555221,10846
752,0,sportsArea,.0060414358866736,-.0634289084555221,10846
752,0,year14,-.0085195791211676,-.0634289084555221,10846
752,0,rice10,-.0659810867161216,-.0634289084555221,10846
752,0,ln_gdp_hist,.0743436659514725,-.0634289084555221,10846
752,0,urban2000_10,-.0270996020035446,-.0634289084555221,10846
752,0,diff,-.0634289084555221,-.0634289084555221,10846
752,0,expl,-.0599544481691088,-.0634289084555221,10846
752,0,pr_0,.1799122379327157,-.0634289084555221,10846
752,0,pr_1,.2433411463882378,-.0634289084555221,10846
753,0,edu,-.0068136312646041,-.0882929679554187,15504
753,0,plants,-.0617788968093527,-.0882929679554187,15504
753,0,age,-.0002184532903937,-.0882929679554187,15504
753,0,gender,.0002574553690243,-.0882929679554187,15504
753,0,marriage,.0008275319158271,-.0882929679554187,15504
753,0,ln_income,-.0007691326172308,-.0882929679554187,15504
753,0,health,-.0005858106407545,-.0882929679554187,15504
753,0,sportsArea,.0078702586547863,-.0882929679554187,15504
753,0,year14,-.0072206771928075,-.0882929679554187,15504
753,0,rice10,-.0343021856084795,-.0882929679554187,15504
753,0,ln_gdp_hist,-.0030974240143989,-.0882929679554187,15504
753,0,urban2000_10,.0251750609000559,-.0882929679554187,15504
753,0,diff,-.0882929679554187,-.0882929679554187,15504
753,0,expl,-.080640544113452,-.0882929679554187,15504
753,0,pr_0,.1583052921382686,-.0882929679554187,15504
753,0,pr_1,.2465982600936873,-.0882929679554187,15504
754,0,edu,-.0071769443807041,-.0520682110817841,13782
754,0,plants,.005065794806435,-.0520682110817841,13782
754,0,age,.0011058524097905,-.0520682110817841,13782
754,0,gender,.0008433520693253,-.0520682110817841,13782
754,0,marriage,.0000763391803673,-.0520682110817841,13782
754,0,ln_income,-.0001981724876427,-.0520682110817841,13782
754,0,health,-.0006678232619244,-.0520682110817841,13782
754,0,sportsArea,.0062294775989131,-.0520682110817841,13782
754,0,year14,-.0077657805615704,-.0520682110817841,13782
754,0,rice10,-.0465608414218957,-.0520682110817841,13782
754,0,ln_gdp_hist,.019740287162997,-.0520682110817841,13782
754,0,urban2000_10,-.0183907786594456,-.0520682110817841,13782
754,0,diff,-.0520682110817841,-.0520682110817841,13782
754,0,expl,-.0478023080702786,-.0520682110817841,13782
754,0,pr_0,.1512249443207127,-.0520682110817841,13782
754,0,pr_1,.2032931554024968,-.0520682110817841,13782
755,0,edu,.0033583858742669,.0090033072062929,20549
755,0,plants,.0118627807372725,.0090033072062929,20549
755,0,age,-.0005173972799795,.0090033072062929,20549
755,0,gender,-.0005895426166298,.0090033072062929,20549
755,0,marriage,-.0003601896650412,.0090033072062929,20549
755,0,ln_income,.0001050579282136,.0090033072062929,20549
755,0,health,-.0001106778055948,.0090033072062929,20549
755,0,sportsArea,.0074243454941032,.0090033072062929,20549
755,0,year14,.0044869607985786,.0090033072062929,20549
755,0,rice10,-.0376426407982839,.0090033072062929,20549
755,0,ln_gdp_hist,.0144536542943002,.0090033072062929,20549
755,0,urban2000_10,.0086804197004757,.0090033072062929,20549
755,0,diff,.0090033072062929,.0090033072062929,20549
755,0,expl,.0110636011914216,.0090033072062929,20549
755,0,pr_0,.1731834473769958,.0090033072062929,20549
755,0,pr_1,.1641801401707029,.0090033072062929,20549
756,0,edu,-.0034351931016939,-.009310405994193,13987
756,0,plants,-.0041414180281283,-.009310405994193,13987
756,0,age,-.0012213407084396,-.009310405994193,13987
756,0,gender,-.0000935779987822,-.009310405994193,13987
756,0,marriage,-.0012808559312757,-.009310405994193,13987
756,0,ln_income,.0003757784997678,-.009310405994193,13987
756,0,health,-.0006304932213726,-.009310405994193,13987
756,0,sportsArea,.005317336935428,-.009310405994193,13987
756,0,year14,.0021418525284481,-.009310405994193,13987
756,0,rice10,-.0345174034271311,-.009310405994193,13987
756,0,ln_gdp_hist,.028613871197085,-.009310405994193,13987
756,0,urban2000_10,.0001730160757872,-.009310405994193,13987
756,0,diff,-.009310405994193,-.009310405994193,13987
756,0,expl,-.0089766197193411,-.009310405994193,13987
756,0,pr_0,.1598653765250315,-.009310405994193,13987
756,0,pr_1,.1691757825192245,-.009310405994193,13987
757,0,edu,-.0109133059003539,-.0554482718201931,12549
757,0,plants,.0046334951127124,-.0554482718201931,12549
757,0,age,.0025617397966044,-.0554482718201931,12549
757,0,gender,.0008082812073556,-.0554482718201931,12549
757,0,marriage,.0013885821936925,-.0554482718201931,12549
757,0,ln_income,-.0000297174710488,-.0554482718201931,12549
757,0,health,-.0015120661453237,-.0554482718201931,12549
757,0,sportsArea,.0034541592971803,-.0554482718201931,12549
757,0,year14,-.0045212185368543,-.0554482718201931,12549
757,0,rice10,-.0499552003508256,-.0554482718201931,12549
757,0,ln_gdp_hist,.0180797394428432,-.0554482718201931,12549
757,0,urban2000_10,-.018379774121137,-.0554482718201931,12549
757,0,diff,-.0554482718201931,-.0554482718201931,12549
757,0,expl,-.0542874218309431,-.0554482718201931,12549
757,0,pr_0,.18170185540627,-.0554482718201931,12549
757,0,pr_1,.2371501272264631,-.0554482718201931,12549
758,0,edu,-.0048596828023877,-.0559638067937616,20053
758,0,plants,-.0273178424832294,-.0559638067937616,20053
758,0,age,-.0000344406148416,-.0559638067937616,20053
758,0,gender,.0001126239611815,-.0559638067937616,20053
758,0,marriage,.0003197276298998,-.0559638067937616,20053
758,0,ln_income,-.000055995236114,-.0559638067937616,20053
758,0,health,-.0011894094188254,-.0559638067937616,20053
758,0,sportsArea,.0095054745091814,-.0559638067937616,20053
758,0,year14,-.0034768231715911,-.0559638067937616,20053
758,0,rice10,-.0591740349129408,-.0559638067937616,20053
758,0,ln_gdp_hist,.0611825373763013,-.0559638067937616,20053
758,0,urban2000_10,-.0282932166161643,-.0559638067937616,20053
758,0,diff,-.0559638067937616,-.0559638067937616,20053
758,0,expl,-.0530904098230076,-.0559638067937616,20053
758,0,pr_0,.1665783898305085,-.0559638067937616,20053
758,0,pr_1,.2225421966242701,-.0559638067937616,20053
759,0,edu,-.0148959980285051,-.0912460691823899,8288
759,0,plants,.0264485298144411,-.0912460691823899,8288
759,0,age,.0007935472448418,-.0912460691823899,8288
759,0,gender,.0001207125349959,-.0912460691823899,8288
759,0,marriage,.0010879176050745,-.0912460691823899,8288
759,0,ln_income,.0000227018876169,-.0912460691823899,8288
759,0,health,-.0016805012146352,-.0912460691823899,8288
759,0,sportsArea,-.0006216713063762,-.0912460691823899,8288
759,0,year14,-.0155611001025765,-.0912460691823899,8288
759,0,rice10,-.0441834255749322,-.0912460691823899,8288
759,0,ln_gdp_hist,-.041954329630207,-.0912460691823899,8288
759,0,urban2000_10,.0076240074341991,-.0912460691823899,8288
759,0,diff,-.0912460691823899,-.0912460691823899,8288
759,0,expl,-.0827917622751793,-.0912460691823899,8288
759,0,pr_0,.120625,-.0912460691823899,8288
759,0,pr_1,.2118710691823899,-.0912460691823899,8288
760,0,edu,-.0058119406305749,-.0539260561967592,12171
760,0,plants,-.0066899229475053,-.0539260561967592,12171
760,0,age,-.0004526635395214,-.0539260561967592,12171
760,0,gender,.0000863040273806,-.0539260561967592,12171
760,0,marriage,-.0006530980272876,-.0539260561967592,12171
760,0,ln_income,.000171178597204,-.0539260561967592,12171
760,0,health,-.0002889943905008,-.0539260561967592,12171
760,0,sportsArea,.0034514881875974,-.0539260561967592,12171
760,0,year14,-.0062311289140992,-.0539260561967592,12171
760,0,rice10,-.0255119498783361,-.0539260561967592,12171
760,0,ln_gdp_hist,-.0008812126048144,-.0539260561967592,12171
760,0,urban2000_10,-.0047365757342512,-.0539260561967592,12171
760,0,diff,-.0539260561967592,-.0539260561967592,12171
760,0,expl,-.0475129135200893,-.0539260561967592,12171
760,0,pr_0,.1344096479284186,-.0539260561967592,12171
760,0,pr_1,.1883357041251778,-.0539260561967592,12171
761,0,edu,-.0046332552126664,-.0392678444529876,12978
761,0,plants,-.0212108330570949,-.0392678444529876,12978
761,0,age,.0005849480113908,-.0392678444529876,12978
761,0,gender,-7.52353418169e-06,-.0392678444529876,12978
761,0,marriage,-.0000367202559944,-.0392678444529876,12978
761,0,ln_income,-.0001667091887128,-.0392678444529876,12978
761,0,health,-.0009676514352984,-.0392678444529876,12978
761,0,sportsArea,.0068027978619425,-.0392678444529876,12978
761,0,year14,-.0009290041016778,-.0392678444529876,12978
761,0,rice10,-.0293655228121353,-.0392678444529876,12978
761,0,ln_gdp_hist,.0018896612994421,-.0392678444529876,12978
761,0,urban2000_10,.0093469364498885,-.0392678444529876,12978
761,0,diff,-.0392678444529876,-.0392678444529876,12978
761,0,expl,-.0387671900673146,-.0392678444529876,12978
761,0,pr_0,.1460816179126038,-.0392678444529876,12978
761,0,pr_1,.1853494623655914,-.0392678444529876,12978
762,0,edu,-.0083083486453839,-.0504764235723675,15945
762,0,plants,.0157184868097087,-.0504764235723675,15945
762,0,age,.0017188466512312,-.0504764235723675,15945
762,0,gender,.0006577874077903,-.0504764235723675,15945
762,0,marriage,-.000458008057925,-.0504764235723675,15945
762,0,ln_income,.0002023602978112,-.0504764235723675,15945
762,0,health,-.0007044304134303,-.0504764235723675,15945
762,0,sportsArea,.0030126506515221,-.0504764235723675,15945
762,0,year14,-.0081144502659439,-.0504764235723675,15945
762,0,rice10,-.0539577422407287,-.0504764235723675,15945
762,0,ln_gdp_hist,.0165884899834867,-.0504764235723675,15945
762,0,urban2000_10,-.0174893413142303,-.0504764235723675,15945
762,0,diff,-.0504764235723675,-.0504764235723675,15945
762,0,expl,-.0510380454690535,-.0504764235723675,15945
762,0,pr_0,.1561251664447403,-.0504764235723675,15945
762,0,pr_1,.2066015900171078,-.0504764235723675,15945
763,0,edu,-.0080930519587052,-.0435204224949159,14414
763,0,plants,.0147877764003125,-.0435204224949159,14414
763,0,age,.0015527724889866,-.0435204224949159,14414
763,0,gender,.0001254251810905,-.0435204224949159,14414
763,0,marriage,-.0000733323351295,-.0435204224949159,14414
763,0,ln_income,.0003903243328512,-.0435204224949159,14414
763,0,health,-.001312622846641,-.0435204224949159,14414
763,0,sportsArea,.0025952830381755,-.0435204224949159,14414
763,0,year14,-.0042776168112253,-.0435204224949159,14414
763,0,rice10,-.0490167310654464,-.0435204224949159,14414
763,0,ln_gdp_hist,.0076384136636913,-.0435204224949159,14414
763,0,urban2000_10,-.0054777585781876,-.0435204224949159,14414
763,0,diff,-.0435204224949159,-.0435204224949159,14414
763,0,expl,-.0411030393460017,-.0435204224949159,14414
763,0,pr_0,.1524181729360039,-.0435204224949159,14414
763,0,pr_1,.1959385954309198,-.0435204224949159,14414
764,0,edu,-.0040503946438921,-.0165975991237338,15402
764,0,plants,.0123260150887029,-.0165975991237338,15402
764,0,age,-.0011494514106285,-.0165975991237338,15402
764,0,gender,.000176616926709,-.0165975991237338,15402
764,0,marriage,-.0015858400434519,-.0165975991237338,15402
764,0,ln_income,.0002673089800347,-.0165975991237338,15402
764,0,health,-.0006323320697492,-.0165975991237338,15402
764,0,sportsArea,.0060018761776654,-.0165975991237338,15402
764,0,year14,-.0014601655819446,-.0165975991237338,15402
764,0,rice10,-.0459102189423866,-.0165975991237338,15402
764,0,ln_gdp_hist,.0238466973176054,-.0165975991237338,15402
764,0,urban2000_10,-.0075458312099887,-.0165975991237338,15402
764,0,diff,-.0165975991237338,-.0165975991237338,15402
764,0,expl,-.0196896728439608,-.0165975991237338,15402
764,0,pr_0,.1561382598331347,-.0165975991237338,15402
764,0,pr_1,.1727358589568685,-.0165975991237338,15402
765,0,edu,-.0137455227561275,-.1000823056122676,21315
765,0,plants,-.0436458500873859,-.1000823056122676,21315
765,0,age,.0002326258193145,-.1000823056122676,21315
765,0,gender,.0009426475638995,-.1000823056122676,21315
765,0,marriage,.0002327301995703,-.1000823056122676,21315
765,0,ln_income,-.0002350872017448,-.1000823056122676,21315
765,0,health,-.000693157227444,-.1000823056122676,21315
765,0,sportsArea,.0060319517651396,-.1000823056122676,21315
765,0,year14,-.0086012225637398,-.1000823056122676,21315
765,0,rice10,-.0246659706969879,-.1000823056122676,21315
765,0,ln_gdp_hist,.0002269073940659,-.1000823056122676,21315
765,0,urban2000_10,-.0096722340186621,-.1000823056122676,21315
765,0,diff,-.1000823056122676,-.1000823056122676,21315
765,0,expl,-.0934884628153571,-.1000823056122676,21315
765,0,pr_0,.1452433980273624,-.1000823056122676,21315
765,0,pr_1,.24532570363963,-.1000823056122676,21315
766,0,edu,-.0121008130945973,-.1080121663257359,9475
766,0,plants,-.0222816921406703,-.1080121663257359,9475
766,0,age,.0002405219606629,-.1080121663257359,9475
766,0,gender,.0002424013872586,-.1080121663257359,9475
766,0,marriage,.0001376763821376,-.1080121663257359,9475
766,0,ln_income,-.0001440507176442,-.1080121663257359,9475
766,0,health,-.00045774769991,-.1080121663257359,9475
766,0,sportsArea,.0007629096972242,-.1080121663257359,9475
766,0,year14,-.0182355234104798,-.1080121663257359,9475
766,0,rice10,-.0371903090326051,-.1080121663257359,9475
766,0,ln_gdp_hist,.0099501832058897,-.1080121663257359,9475
766,0,urban2000_10,-.0125823999167653,-.1080121663257359,9475
766,0,diff,-.1080121663257359,-.1080121663257359,9475
766,0,expl,-.0917216023867979,-.1080121663257359,9475
766,0,pr_0,.1316657504123145,-.1080121663257359,9475
766,0,pr_1,.2396779167380504,-.1080121663257359,9475
767,0,edu,-.0125693195111728,-.0754247800645893,14117
767,0,plants,.0146081740934171,-.0754247800645893,14117
767,0,age,.0026298163973816,-.0754247800645893,14117
767,0,gender,.0006529630828875,-.0754247800645893,14117
767,0,marriage,.0009150454147964,-.0754247800645893,14117
767,0,ln_income,.0000508317681339,-.0754247800645893,14117
767,0,health,-.0020239632486764,-.0754247800645893,14117
767,0,sportsArea,.0022287654351659,-.0754247800645893,14117
767,0,year14,-.0108089499660677,-.0754247800645893,14117
767,0,rice10,-.052422821477112,-.0754247800645893,14117
767,0,ln_gdp_hist,-.0052818548746178,-.0754247800645893,14117
767,0,urban2000_10,-.0109719353731731,-.0754247800645893,14117
767,0,diff,-.0754247800645893,-.0754247800645893,14117
767,0,expl,-.07287725676211,-.0754247800645893,14117
767,0,pr_0,.1542308461692339,-.0754247800645893,14117
767,0,pr_1,.2296556262338232,-.0754247800645893,14117
768,0,edu,-.0032009995290743,-.0276146024050818,15532
768,0,plants,-.0515407804186611,-.0276146024050818,15532
768,0,age,-.0009495185808613,-.0276146024050818,15532
768,0,gender,-.0001971828966774,-.0276146024050818,15532
768,0,marriage,-.0014588774217149,-.0276146024050818,15532
768,0,ln_income,.0000484621860288,-.0276146024050818,15532
768,0,health,-.0003921960983959,-.0276146024050818,15532
768,0,sportsArea,.003838925676729,-.0276146024050818,15532
768,0,year14,-.0018815561759397,-.0276146024050818,15532
768,0,rice10,.0074867378827762,-.0276146024050818,15532
768,0,ln_gdp_hist,-.019416694429911,-.0276146024050818,15532
768,0,urban2000_10,.0363677343746994,-.0276146024050818,15532
768,0,diff,-.0276146024050818,-.0276146024050818,15532
768,0,expl,-.0312193290418253,-.0276146024050818,15532
768,0,pr_0,.1438428874734607,-.0276146024050818,15532
768,0,pr_1,.1714574898785425,-.0276146024050818,15532
769,0,edu,-.0089013769809164,-.0757661754699674,23413
769,0,plants,-.0011789327379356,-.0757661754699674,23413
769,0,age,.0009716799948257,-.0757661754699674,23413
769,0,gender,.0001775820126033,-.0757661754699674,23413
769,0,marriage,-.0001365453458449,-.0757661754699674,23413
769,0,ln_income,.0001597079521564,-.0757661754699674,23413
769,0,health,-.0008219577691067,-.0757661754699674,23413
769,0,sportsArea,.0073644360032643,-.0757661754699674,23413
769,0,year14,-.0061548894528342,-.0757661754699674,23413
769,0,rice10,-.0694049793606943,-.0757661754699674,23413
769,0,ln_gdp_hist,.0329105904266382,-.0757661754699674,23413
769,0,urban2000_10,-.0293634900916446,-.0757661754699674,23413
769,0,diff,-.0757661754699674,-.0757661754699674,23413
769,0,expl,-.0745034047660383,-.0757661754699674,23413
769,0,pr_0,.1508165225744476,-.0757661754699674,23413
769,0,pr_1,.226582698044415,-.0757661754699674,23413
770,0,edu,-.0050300524280662,-.0579780431897696,13935
770,0,plants,-.0469290561889588,-.0579780431897696,13935
770,0,age,.0001247377096522,-.0579780431897696,13935
770,0,gender,.0000135143169473,-.0579780431897696,13935
770,0,marriage,-.0001711302670121,-.0579780431897696,13935
770,0,ln_income,-.0000832114038537,-.0579780431897696,13935
770,0,health,-3.32548922449e-06,-.0579780431897696,13935
770,0,sportsArea,.0082805175754558,-.0579780431897696,13935
770,0,year14,-.0018279678207403,-.0579780431897696,13935
770,0,rice10,-.0472904650611358,-.0579780431897696,13935
770,0,ln_gdp_hist,.0501186496777119,-.0579780431897696,13935
770,0,urban2000_10,-.0109653376080259,-.0579780431897696,13935
770,0,diff,-.0579780431897696,-.0579780431897696,13935
770,0,expl,-.0538967030982433,-.0579780431897696,13935
770,0,pr_0,.1540740740740741,-.0579780431897696,13935
770,0,pr_1,.2120521172638437,-.0579780431897696,13935
771,0,edu,-.0080775214962943,-.0837704351598734,12159
771,0,plants,-.0397059887283908,-.0837704351598734,12159
771,0,age,.0000660501048666,-.0837704351598734,12159
771,0,gender,.0003766974125664,-.0837704351598734,12159
771,0,marriage,.0013960692824399,-.0837704351598734,12159
771,0,ln_income,-.0001144878669244,-.0837704351598734,12159
771,0,health,-.0021854248185169,-.0837704351598734,12159
771,0,sportsArea,.0103796660461316,-.0837704351598734,12159
771,0,year14,-.0069116232286454,-.0837704351598734,12159
771,0,rice10,-.0593504708899119,-.0837704351598734,12159
771,0,ln_gdp_hist,.0152949824513099,-.0837704351598734,12159
771,0,urban2000_10,.0045997490980686,-.0837704351598734,12159
771,0,diff,-.0837704351598734,-.0837704351598734,12159
771,0,expl,-.0842088176089023,-.0837704351598734,12159
771,0,pr_0,.1630998702983139,-.0837704351598734,12159
771,0,pr_1,.2468703054581873,-.0837704351598734,12159
772,0,edu,-.0150043470476434,-.1081220872784237,17348
772,0,plants,-.0211370243259742,-.1081220872784237,17348
772,0,age,-.0032902231827298,-.1081220872784237,17348
772,0,gender,.0000887778723442,-.1081220872784237,17348
772,0,marriage,-.0005409788964026,-.1081220872784237,17348
772,0,ln_income,.0001075844112689,-.1081220872784237,17348
772,0,health,-.0002889689053706,-.1081220872784237,17348
772,0,sportsArea,.0066812154410888,-.1081220872784237,17348
772,0,year14,-.0090787082444399,-.1081220872784237,17348
772,0,rice10,-.0471717318638491,-.1081220872784237,17348
772,0,ln_gdp_hist,-.0048512729448037,-.1081220872784237,17348
772,0,urban2000_10,-.0059452042736967,-.1081220872784237,17348
772,0,diff,-.1081220872784237,-.1081220872784237,17348
772,0,expl,-.1003136341457474,-.1081220872784237,17348
772,0,pr_0,.1176317839522202,-.1081220872784237,17348
772,0,pr_1,.2257538712306439,-.1081220872784237,17348
773,0,edu,-.0137228935633922,-.0883848438518805,15179
773,0,plants,-.0053107074639671,-.0883848438518805,15179
773,0,age,.0028489338494273,-.0883848438518805,15179
773,0,gender,.0007008909676059,-.0883848438518805,15179
773,0,marriage,-.0007231145386712,-.0883848438518805,15179
773,0,ln_income,.0002641554948982,-.0883848438518805,15179
773,0,health,-.0010013164084166,-.0883848438518805,15179
773,0,sportsArea,.0018907937969442,-.0883848438518805,15179
773,0,year14,-.0112811614812986,-.0883848438518805,15179
773,0,rice10,-.0402817084897856,-.0883848438518805,15179
773,0,ln_gdp_hist,-.0154373062760605,-.0883848438518805,15179
773,0,urban2000_10,.0000528468542653,-.0883848438518805,15179
773,0,diff,-.0883848438518805,-.0883848438518805,15179
773,0,expl,-.0820825621862485,-.0883848438518805,15179
773,0,pr_0,.1208914903196758,-.0883848438518805,15179
773,0,pr_1,.2092763341715563,-.0883848438518805,15179
774,0,edu,-.007970007703215,-.0847590978150423,21258
774,0,plants,-.0241537447314609,-.0847590978150423,21258
774,0,age,.0006118386720443,-.0847590978150423,21258
774,0,gender,-.0000726800667159,-.0847590978150423,21258
774,0,marriage,-.0016912422161951,-.0847590978150423,21258
774,0,ln_income,.0006185390367068,-.0847590978150423,21258
774,0,health,.0000710119221956,-.0847590978150423,21258
774,0,sportsArea,.0042679541241434,-.0847590978150423,21258
774,0,year14,-.0041701126954677,-.0847590978150423,21258
774,0,rice10,-.0554179839377833,-.0847590978150423,21258
774,0,ln_gdp_hist,.0276574480064043,-.0847590978150423,21258
774,0,urban2000_10,-.0178447061903971,-.0847590978150423,21258
774,0,diff,-.0847590978150423,-.0847590978150423,21258
774,0,expl,-.0780230184088525,-.0847590978150423,21258
774,0,pr_0,.1266406527137283,-.0847590978150423,21258
774,0,pr_1,.2113997505287706,-.0847590978150423,21258
775,0,edu,-.0111523672711696,-.0771051318340601,16015
775,0,plants,-.0244002702974634,-.0771051318340601,16015
775,0,age,-.000217901588465,-.0771051318340601,16015
775,0,gender,.0012216405475313,-.0771051318340601,16015
775,0,marriage,.000880869801792,-.0771051318340601,16015
775,0,ln_income,-.0004176412720828,-.0771051318340601,16015
775,0,health,-.0012086751895511,-.0771051318340601,16015
775,0,sportsArea,.0058678040297362,-.0771051318340601,16015
775,0,year14,-.0080648666459698,-.0771051318340601,16015
775,0,rice10,-.037912397908324,-.0771051318340601,16015
775,0,ln_gdp_hist,.0031703957306982,-.0771051318340601,16015
775,0,urban2000_10,.0022235468275291,-.0771051318340601,16015
775,0,diff,-.0771051318340601,-.0771051318340601,16015
775,0,expl,-.0702466425265882,-.0771051318340601,16015
775,0,pr_0,.1633466135458167,-.0771051318340601,16015
775,0,pr_1,.2404517453798768,-.0771051318340601,16015
776,0,edu,-.0147888886564441,-.1077226710942872,8850
776,0,plants,-.0289280464342822,-.1077226710942872,8850
776,0,age,.0015330092039581,-.1077226710942872,8850
776,0,gender,.0007061365759703,-.1077226710942872,8850
776,0,marriage,.0014440896213871,-.1077226710942872,8850
776,0,ln_income,-.0006174464203915,-.1077226710942872,8850
776,0,health,-.002034141477471,-.1077226710942872,8850
776,0,sportsArea,-.0013711161506542,-.1077226710942872,8850
776,0,year14,-.0100822184444574,-.1077226710942872,8850
776,0,rice10,-.0316813377348413,-.1077226710942872,8850
776,0,ln_gdp_hist,-.006650627649327,-.1077226710942872,8850
776,0,urban2000_10,-.0078152689175752,-.1077226710942872,8850
776,0,diff,-.1077226710942872,-.1077226710942872,8850
776,0,expl,-.1003480285756387,-.1077226710942872,8850
776,0,pr_0,.1316466552315609,-.1077226710942872,8850
776,0,pr_1,.2393693263258481,-.1077226710942872,8850
777,0,edu,-.0063012156072136,-.0521225529220834,16093
777,0,plants,-.0089593520130974,-.0521225529220834,16093
777,0,age,-.0009621499013695,-.0521225529220834,16093
777,0,gender,-9.24690636076e-06,-.0521225529220834,16093
777,0,marriage,.000783690994756,-.0521225529220834,16093
777,0,ln_income,8.62028706530e-06,-.0521225529220834,16093
777,0,health,-.0007184672121457,-.0521225529220834,16093
777,0,sportsArea,.0094295577972843,-.0521225529220834,16093
777,0,year14,-.0005602050463094,-.0521225529220834,16093
777,0,rice10,-.0387972067364798,-.0521225529220834,16093
777,0,ln_gdp_hist,.0088984073096067,-.0521225529220834,16093
777,0,urban2000_10,-.005000303944837,-.0521225529220834,16093
777,0,diff,-.0521225529220834,-.0521225529220834,16093
777,0,expl,-.0421195578372997,-.0521225529220834,16093
777,0,pr_0,.1491673970201577,-.0521225529220834,16093
777,0,pr_1,.2012899499422411,-.0521225529220834,16093
778,0,edu,-.0055357039345362,-.0622345511179695,10229
778,0,plants,-.0259229158264355,-.0622345511179695,10229
778,0,age,-.0005101105509527,-.0622345511179695,10229
778,0,gender,.0002933217532138,-.0622345511179695,10229
778,0,marriage,-.0008664149964684,-.0622345511179695,10229
778,0,ln_income,-.0001904535310424,-.0622345511179695,10229
778,0,health,.0000130966621005,-.0622345511179695,10229
778,0,sportsArea,.0042127442824743,-.0622345511179695,10229
778,0,year14,-.0072671375032164,-.0622345511179695,10229
778,0,rice10,-.0286465636687937,-.0622345511179695,10229
778,0,ln_gdp_hist,.0037659972030725,-.0622345511179695,10229
778,0,urban2000_10,.0000963132060392,-.0622345511179695,10229
778,0,diff,-.0622345511179695,-.0622345511179695,10229
778,0,expl,-.0606455428270335,-.0622345511179695,10229
778,0,pr_0,.1304575163398693,-.0622345511179695,10229
778,0,pr_1,.1926920674578388,-.0622345511179695,10229
779,0,edu,-.017965002387004,-.0938380100729777,8887
779,0,plants,-.0124044225918371,-.0938380100729777,8887
779,0,age,.0029408189973997,-.0938380100729777,8887
779,0,gender,.0012917349800797,-.0938380100729777,8887
779,0,marriage,.0007437441130113,-.0938380100729777,8887
779,0,ln_income,-.0003193922648046,-.0938380100729777,8887
779,0,health,-.0024670707081388,-.0938380100729777,8887
779,0,sportsArea,-.0051924128356688,-.0938380100729777,8887
779,0,year14,-.0214559044368295,-.0938380100729777,8887
779,0,rice10,-.0229537747818991,-.0938380100729777,8887
779,0,ln_gdp_hist,-.0066324896510458,-.0938380100729777,8887
779,0,urban2000_10,-.0082538744943953,-.0938380100729777,8887
779,0,diff,-.0938380100729777,-.0938380100729777,8887
779,0,expl,-.0927788093248501,-.0938380100729777,8887
779,0,pr_0,.1276595744680851,-.0938380100729777,8887
779,0,pr_1,.2214975845410628,-.0938380100729777,8887
780,0,edu,.0016385460012073,-.0252239849931608,15316
780,0,plants,-.0141970304905658,-.0252239849931608,15316
780,0,age,-.0023656090868068,-.0252239849931608,15316
780,0,gender,-.0002094760187799,-.0252239849931608,15316
780,0,marriage,-.0030059214660775,-.0252239849931608,15316
780,0,ln_income,.0017010013089208,-.0252239849931608,15316
780,0,health,.0003450423336708,-.0252239849931608,15316
780,0,sportsArea,.0035064331583724,-.0252239849931608,15316
780,0,year14,-.0007015768205942,-.0252239849931608,15316
780,0,rice10,-.0205090203410448,-.0252239849931608,15316
780,0,ln_gdp_hist,-.0130162308090619,-.0252239849931608,15316
780,0,urban2000_10,.0175328133869037,-.0252239849931608,15316
780,0,diff,-.0252239849931608,-.0252239849931608,15316
780,0,expl,-.0289132448896226,-.0252239849931608,15316
780,0,pr_0,.132486388384755,-.0252239849931608,15316
780,0,pr_1,.1577103733779158,-.0252239849931608,15316
781,0,edu,.0015958498077906,-.0178811550017614,14922
781,0,plants,-.016842424819724,-.0178811550017614,14922
781,0,age,-.0012234198389151,-.0178811550017614,14922
781,0,gender,-.0004613772112386,-.0178811550017614,14922
781,0,marriage,-.0015698288354431,-.0178811550017614,14922
781,0,ln_income,.0001919047532699,-.0178811550017614,14922
781,0,health,-.0002108685000994,-.0178811550017614,14922
781,0,sportsArea,.006414611460072,-.0178811550017614,14922
781,0,year14,-.0002117078607947,-.0178811550017614,14922
781,0,rice10,-.0552481254199937,-.0178811550017614,14922
781,0,ln_gdp_hist,.0646193336380048,-.0178811550017614,14922
781,0,urban2000_10,-.0180942992866296,-.0178811550017614,14922
781,0,diff,-.0178811550017614,-.0178811550017614,14922
781,0,expl,-.0207736748276282,-.0178811550017614,14922
781,0,pr_0,.1559949210955922,-.0178811550017614,14922
781,0,pr_1,.1738760760973536,-.0178811550017614,14922
782,0,edu,-.0040760817423658,-.0507962592728488,18169
782,0,plants,-.0290389802259485,-.0507962592728488,18169
782,0,age,-.0004517265596621,-.0507962592728488,18169
782,0,gender,-4.77482446279e-08,-.0507962592728488,18169
782,0,marriage,.0000223827370887,-.0507962592728488,18169
782,0,ln_income,-.0001458556428086,-.0507962592728488,18169
782,0,health,-.0004063507873581,-.0507962592728488,18169
782,0,sportsArea,.0071483417247254,-.0507962592728488,18169
782,0,year14,-.0047637964520699,-.0507962592728488,18169
782,0,rice10,-.0323338684005951,-.0507962592728488,18169
782,0,ln_gdp_hist,.0515254032491408,-.0507962592728488,18169
782,0,urban2000_10,-.0307541338775201,-.0507962592728488,18169
782,0,diff,-.0507962592728488,-.0507962592728488,18169
782,0,expl,-.0432727374130584,-.0507962592728488,18169
782,0,pr_0,.1650261458012919,-.0507962592728488,18169
782,0,pr_1,.2158224050741407,-.0507962592728488,18169
783,0,edu,-.0152073233548059,-.0961237720185494,12611
783,0,plants,-.0265668251357381,-.0961237720185494,12611
783,0,age,.0027466725725506,-.0961237720185494,12611
783,0,gender,.0009639623196413,-.0961237720185494,12611
783,0,marriage,.0001417675187146,-.0961237720185494,12611
783,0,ln_income,-.0001788986386428,-.0961237720185494,12611
783,0,health,-.0020010838325123,-.0961237720185494,12611
783,0,sportsArea,.0010543169552849,-.0961237720185494,12611
783,0,year14,-.0135505854540525,-.0961237720185494,12611
783,0,rice10,-.0406063959271828,-.0961237720185494,12611
783,0,ln_gdp_hist,-.0008660253759146,-.0961237720185494,12611
783,0,urban2000_10,.0028484394835408,-.0961237720185494,12611
783,0,diff,-.0961237720185494,-.0961237720185494,12611
783,0,expl,-.0910950573894206,-.0961237720185494,12611
783,0,pr_0,.1482542524619516,-.0961237720185494,12611
783,0,pr_1,.244378024480501,-.0961237720185494,12611
784,0,edu,-.0120885494313137,-.0913756794311886,14886
784,0,plants,-.0341995788617654,-.0913756794311886,14886
784,0,age,-.0000918699237926,-.0913756794311886,14886
784,0,gender,.0005864109770297,-.0913756794311886,14886
784,0,marriage,-.0004158028942924,-.0913756794311886,14886
784,0,ln_income,-.000150963268611,-.0913756794311886,14886
784,0,health,-.0006163198457319,-.0913756794311886,14886
784,0,sportsArea,.0060105127309531,-.0913756794311886,14886
784,0,year14,-.0059695112766888,-.0913756794311886,14886
784,0,rice10,-.0343603561434329,-.0913756794311886,14886
784,0,ln_gdp_hist,-.0079811180976958,-.0913756794311886,14886
784,0,urban2000_10,-.000065265831264,-.0913756794311886,14886
784,0,diff,-.0913756794311886,-.0913756794311886,14886
784,0,expl,-.0893138013907165,-.0913756794311886,14886
784,0,pr_0,.1259558198810535,-.0913756794311886,14886
784,0,pr_1,.2173314993122421,-.0913756794311886,14886
785,0,edu,-.0028589723593357,-.0264631638993773,18349
785,0,plants,.0171652264889395,-.0264631638993773,18349
785,0,age,-.0028492972999829,-.0264631638993773,18349
785,0,gender,-.000161047009088,-.0264631638993773,18349
785,0,marriage,-.0021016350151812,-.0264631638993773,18349
785,0,ln_income,.0005835005311979,-.0264631638993773,18349
785,0,health,.0006410225602108,-.0264631638993773,18349
785,0,sportsArea,.0051725216260892,-.0264631638993773,18349
785,0,year14,-.0018150680601966,-.0264631638993773,18349
785,0,rice10,-.0474979330660995,-.0264631638993773,18349
785,0,ln_gdp_hist,.010459111119116,-.0264631638993773,18349
785,0,urban2000_10,-.0005600972027394,-.0264631638993773,18349
785,0,diff,-.0264631638993773,-.0264631638993773,18349
785,0,expl,-.0237738445717497,-.0264631638993773,18349
785,0,pr_0,.1373100731570062,-.0264631638993773,18349
785,0,pr_1,.1637732370563835,-.0264631638993773,18349
786,0,edu,-.0102991953322385,-.068873393942295,11802
786,0,plants,.016482117544796,-.068873393942295,11802
786,0,age,.0006502677179469,-.068873393942295,11802
786,0,gender,.0005144299648352,-.068873393942295,11802
786,0,marriage,-.0012837869512264,-.068873393942295,11802
786,0,ln_income,.0004096351996571,-.068873393942295,11802
786,0,health,-.0012341338203651,-.068873393942295,11802
786,0,sportsArea,.0017559848988198,-.068873393942295,11802
786,0,year14,-.0054326316468424,-.068873393942295,11802
786,0,rice10,-.0588585451892244,-.068873393942295,11802
786,0,ln_gdp_hist,-.0096941358814972,-.068873393942295,11802
786,0,urban2000_10,.000172793788517,-.068873393942295,11802
786,0,diff,-.068873393942295,-.068873393942295,11802
786,0,expl,-.0667954824281694,-.068873393942295,11802
786,0,pr_0,.1199828289332475,-.068873393942295,11802
786,0,pr_1,.1888562228755425,-.068873393942295,11802
787,0,edu,-.0057048554016569,-.0425291349666874,14817
787,0,plants,.0165744484538322,-.0425291349666874,14817
787,0,age,-.0002216372563096,-.0425291349666874,14817
787,0,gender,.0000446462496886,-.0425291349666874,14817
787,0,marriage,-.0009699577332602,-.0425291349666874,14817
787,0,ln_income,.0006884892480028,-.0425291349666874,14817
787,0,health,-.0003844188742318,-.0425291349666874,14817
787,0,sportsArea,.004426518110254,-.0425291349666874,14817
787,0,year14,-.0056111409407363,-.0425291349666874,14817
787,0,rice10,-.0625005668865552,-.0425291349666874,14817
787,0,ln_gdp_hist,.0339864033598751,-.0425291349666874,14817
787,0,urban2000_10,-.0194803391998572,-.0425291349666874,14817
787,0,diff,-.0425291349666874,-.0425291349666874,14817
787,0,expl,-.0391250255291869,-.0425291349666874,14817
787,0,pr_0,.1625487646293888,-.0425291349666874,14817
787,0,pr_1,.2050778995960762,-.0425291349666874,14817
788,0,edu,-.002388260954052,-.0544006764403394,18016
788,0,plants,-.0280392645050622,-.0544006764403394,18016
788,0,age,-.0003696437425936,-.0544006764403394,18016
788,0,gender,.0000795783747624,-.0544006764403394,18016
788,0,marriage,.0000152572675355,-.0544006764403394,18016
788,0,ln_income,-.0000399426276135,-.0544006764403394,18016
788,0,health,-.0002327953700538,-.0544006764403394,18016
788,0,sportsArea,.0119426634135163,-.0544006764403394,18016
788,0,year14,-.001586477366565,-.0544006764403394,18016
788,0,rice10,-.0740605144740838,-.0544006764403394,18016
788,0,ln_gdp_hist,.0876941167285997,-.0544006764403394,18016
788,0,urban2000_10,-.0453395059808964,-.0544006764403394,18016
788,0,diff,-.0544006764403394,-.0544006764403394,18016
788,0,expl,-.0522011514157692,-.0544006764403394,18016
788,0,pr_0,.1652722967640095,-.0544006764403394,18016
788,0,pr_1,.2196729732043489,-.0544006764403394,18016
789,0,edu,-.0070062337193204,-.0514586886556833,21750
789,0,plants,.0225613171360482,-.0514586886556833,21750
789,0,age,-.0008015369027017,-.0514586886556833,21750
789,0,gender,6.53024431244e-06,-.0514586886556833,21750
789,0,marriage,-.0015552625974111,-.0514586886556833,21750
789,0,ln_income,.0003225490671766,-.0514586886556833,21750
789,0,health,-.0000290861857699,-.0514586886556833,21750
789,0,sportsArea,.0066910470739342,-.0514586886556833,21750
789,0,year14,-.0025358317619368,-.0514586886556833,21750
789,0,rice10,-.06097406909389,-.0514586886556833,21750
789,0,ln_gdp_hist,-.0017792434363757,-.0514586886556833,21750
789,0,urban2000_10,-.0027437695643742,-.0514586886556833,21750
789,0,diff,-.0514586886556833,-.0514586886556833,21750
789,0,expl,-.0481701973045967,-.0514586886556833,21750
789,0,pr_0,.1296767874632713,-.0514586886556833,21750
789,0,pr_1,.1811354761189546,-.0514586886556833,21750
790,0,edu,-.0091964642698515,-.0730885333829138,23437
790,0,plants,-.001239614475311,-.0730885333829138,23437
790,0,age,.0037421987424136,-.0730885333829138,23437
790,0,gender,.0001496590153265,-.0730885333829138,23437
790,0,marriage,-.0010188157147806,-.0730885333829138,23437
790,0,ln_income,.0001071501225653,-.0730885333829138,23437
790,0,health,-.000235928669229,-.0730885333829138,23437
790,0,sportsArea,.0033447402157635,-.0730885333829138,23437
790,0,year14,-.0095011430865238,-.0730885333829138,23437
790,0,rice10,-.0509040340377484,-.0730885333829138,23437
790,0,ln_gdp_hist,.0365206774126754,-.0730885333829138,23437
790,0,urban2000_10,-.0420048783671703,-.0730885333829138,23437
790,0,diff,-.0730885333829138,-.0730885333829138,23437
790,0,expl,-.070273817603256,-.0730885333829138,23437
790,0,pr_0,.1561990950226244,-.0730885333829138,23437
790,0,pr_1,.2292876284055382,-.0730885333829138,23437
791,0,edu,-.0081647944060023,-.0411361660250009,26233
791,0,plants,.0143640465657128,-.0411361660250009,26233
791,0,age,.0002243613997492,-.0411361660250009,26233
791,0,gender,.0000112344614407,-.0411361660250009,26233
791,0,marriage,-.0011371129477404,-.0411361660250009,26233
791,0,ln_income,.0002070810790676,-.0411361660250009,26233
791,0,health,-.0000849948096576,-.0411361660250009,26233
791,0,sportsArea,.0058035254272888,-.0411361660250009,26233
791,0,year14,-.0033368459025343,-.0411361660250009,26233
791,0,rice10,-.0404651190885388,-.0411361660250009,26233
791,0,ln_gdp_hist,.0227237626357047,-.0411361660250009,26233
791,0,urban2000_10,-.0302957126977112,-.0411361660250009,26233
791,0,diff,-.0411361660250009,-.0411361660250009,26233
791,0,expl,-.0401552223947575,-.0411361660250009,26233
791,0,pr_0,.1483466013472137,-.0411361660250009,26233
791,0,pr_1,.1894827673722146,-.0411361660250009,26233
792,0,edu,-.0091790384439875,-.062945843575781,17262
792,0,plants,-.0084837829117943,-.062945843575781,17262
792,0,age,-.0025216097698744,-.062945843575781,17262
792,0,gender,.0000822832940496,-.062945843575781,17262
792,0,marriage,-.0005231662062827,-.062945843575781,17262
792,0,ln_income,.0000581200265011,-.062945843575781,17262
792,0,health,.0000204098539837,-.062945843575781,17262
792,0,sportsArea,.0087707239778053,-.062945843575781,17262
792,0,year14,-.0049051373603189,-.062945843575781,17262
792,0,rice10,-.0335319552506136,-.062945843575781,17262
792,0,ln_gdp_hist,-.0027420879752505,-.062945843575781,17262
792,0,urban2000_10,-.0012608580083377,-.062945843575781,17262
792,0,diff,-.062945843575781,-.062945843575781,17262
792,0,expl,-.0540556184477801,-.062945843575781,17262
792,0,pr_0,.1194814953973323,-.062945843575781,17262
792,0,pr_1,.1824273389731133,-.062945843575781,17262
793,0,edu,-.0148479754287972,-.1213174832971879,14150
793,0,plants,-.0478299826721186,-.1213174832971879,14150
793,0,age,-.0000691002092025,-.1213174832971879,14150
793,0,gender,.0004775706609167,-.1213174832971879,14150
793,0,marriage,-.0003445772630676,-.1213174832971879,14150
793,0,ln_income,-.0005379372835031,-.1213174832971879,14150
793,0,health,-.0000973485160914,-.1213174832971879,14150
793,0,sportsArea,.0021608730134285,-.1213174832971879,14150
793,0,year14,-.0103946080176499,-.1213174832971879,14150
793,0,rice10,-.0422419677376589,-.1213174832971879,14150
793,0,ln_gdp_hist,.0008815184874323,-.1213174832971879,14150
793,0,urban2000_10,-.0005312629514968,-.1213174832971879,14150
793,0,diff,-.1213174832971879,-.1213174832971879,14150
793,0,expl,-.1132907385105267,-.1213174832971879,14150
793,0,pr_0,.1274117218784128,-.1213174832971879,14150
793,0,pr_1,.2487292051756007,-.1213174832971879,14150
794,0,edu,-.0044647263282597,-.0364123039001721,12904
794,0,plants,.0048533517190722,-.0364123039001721,12904
794,0,age,.0017327640376363,-.0364123039001721,12904
794,0,gender,.000111998887465,-.0364123039001721,12904
794,0,marriage,-.0001471046382778,-.0364123039001721,12904
794,0,ln_income,.0000444717306109,-.0364123039001721,12904
794,0,health,-.0002636115436144,-.0364123039001721,12904
794,0,sportsArea,.0042353110782578,-.0364123039001721,12904
794,0,year14,-.0075825249618973,-.0364123039001721,12904
794,0,rice10,-.0400165270862356,-.0364123039001721,12904
794,0,ln_gdp_hist,.033846077256247,-.0364123039001721,12904
794,0,urban2000_10,-.0202925299202466,-.0364123039001721,12904
794,0,diff,-.0364123039001721,-.0364123039001721,12904
794,0,expl,-.027964284286598,-.0364123039001721,12904
794,0,pr_0,.1676470588235294,-.0364123039001721,12904
794,0,pr_1,.2040593627237015,-.0364123039001721,12904
795,0,edu,-.0119779219908865,-.0592257592630844,17078
795,0,plants,-.0074488444729824,-.0592257592630844,17078
795,0,age,.0018843618579772,-.0592257592630844,17078
795,0,gender,.0003749595836298,-.0592257592630844,17078
795,0,marriage,-.0002746480357891,-.0592257592630844,17078
795,0,ln_income,.0000717035010269,-.0592257592630844,17078
795,0,health,-.000851186605916,-.0592257592630844,17078
795,0,sportsArea,.0032323444380757,-.0592257592630844,17078
795,0,year14,-.0075416133002402,-.0592257592630844,17078
795,0,rice10,-.0263295388436565,-.0592257592630844,17078
795,0,ln_gdp_hist,.010396444825397,-.0592257592630844,17078
795,0,urban2000_10,-.017802979813258,-.0592257592630844,17078
795,0,diff,-.0592257592630844,-.0592257592630844,17078
795,0,expl,-.0560095014901739,-.0592257592630844,17078
795,0,pr_0,.1541578576462297,-.0592257592630844,17078
795,0,pr_1,.2133836169093141,-.0592257592630844,17078
796,0,edu,-.0056374552670879,-.0455741513783071,13079
796,0,plants,-.0117974500052368,-.0455741513783071,13079
796,0,age,.000018077777053,-.0455741513783071,13079
796,0,gender,.0000491358922466,-.0455741513783071,13079
796,0,marriage,-.0003490122764658,-.0455741513783071,13079
796,0,ln_income,7.46380564261e-06,-.0455741513783071,13079
796,0,health,-.0010348962198657,-.0455741513783071,13079
796,0,sportsArea,.0049908173128574,-.0455741513783071,13079
796,0,year14,-.0013098787368931,-.0455741513783071,13079
796,0,rice10,-.0415787308649085,-.0455741513783071,13079
796,0,ln_gdp_hist,.0105282506090792,-.0455741513783071,13079
796,0,urban2000_10,.0036021048856253,-.0455741513783071,13079
796,0,diff,-.0455741513783071,-.0455741513783071,13079
796,0,expl,-.0425850780649698,-.0455741513783071,13079
796,0,pr_0,.1453799500535141,-.0455741513783071,13079
796,0,pr_1,.1909541014318212,-.0455741513783071,13079
797,0,edu,-.0048985558849312,-.0199116277961887,15688
797,0,plants,-.0229463361231294,-.0199116277961887,15688
797,0,age,-.0008517929923581,-.0199116277961887,15688
797,0,gender,-.0001153813493325,-.0199116277961887,15688
797,0,marriage,-.0000757028943123,-.0199116277961887,15688
797,0,ln_income,2.57977105971e-06,-.0199116277961887,15688
797,0,health,-.0003472364332749,-.0199116277961887,15688
797,0,sportsArea,.0085240114467747,-.0199116277961887,15688
797,0,year14,.0007749016994224,-.0199116277961887,15688
797,0,rice10,-.0082731291480341,-.0199116277961887,15688
797,0,ln_gdp_hist,-.0144875095289243,-.0199116277961887,15688
797,0,urban2000_10,.024322242688868,-.0199116277961887,15688
797,0,diff,-.0199116277961887,-.0199116277961887,15688
797,0,expl,-.0183720986498876,-.0199116277961887,15688
797,0,pr_0,.1431252132378028,-.0199116277961887,15688
797,0,pr_1,.1630368410339915,-.0199116277961887,15688
798,0,edu,.0011110991841752,-.013910565967794,20008
798,0,plants,.0232107475097706,-.013910565967794,20008
798,0,age,.0007161167537776,-.013910565967794,20008
798,0,gender,-.0002964879367396,-.013910565967794,20008
798,0,marriage,-.0007098987732395,-.013910565967794,20008
798,0,ln_income,5.12269175837e-06,-.013910565967794,20008
798,0,health,-.0006970020189601,-.013910565967794,20008
798,0,sportsArea,.0055475632012303,-.013910565967794,20008
798,0,year14,.0007169443550277,-.013910565967794,20008
798,0,rice10,-.0694593448885265,-.013910565967794,20008
798,0,ln_gdp_hist,.0720002436766173,-.013910565967794,20008
798,0,urban2000_10,-.0472090033347958,-.013910565967794,20008
798,0,diff,-.013910565967794,-.013910565967794,20008
798,0,expl,-.0149623291904927,-.013910565967794,20008
798,0,pr_0,.1750204304004359,-.013910565967794,20008
798,0,pr_1,.1889309963682299,-.013910565967794,20008
799,0,edu,-.0013158300909268,-.0204398795442856,12299
799,0,plants,.0013038782638796,-.0204398795442856,12299
799,0,age,.0007498723023226,-.0204398795442856,12299
799,0,gender,-.000169225237582,-.0204398795442856,12299
799,0,marriage,.0000778538139567,-.0204398795442856,12299
799,0,ln_income,-.0000477266129084,-.0204398795442856,12299
799,0,health,-.0011998245153565,-.0204398795442856,12299
799,0,sportsArea,.0044491267913002,-.0204398795442856,12299
799,0,year14,.0015752244191352,-.0204398795442856,12299
799,0,rice10,-.0621230875609139,-.0204398795442856,12299
799,0,ln_gdp_hist,.0347068130094063,-.0204398795442856,12299
799,0,urban2000_10,.0022855245165084,-.0204398795442856,12299
799,0,diff,-.0204398795442856,-.0204398795442856,12299
799,0,expl,-.0197514260415224,-.0204398795442856,12299
799,0,pr_0,.1699979394189161,-.0204398795442856,12299
799,0,pr_1,.1904378189632017,-.0204398795442856,12299
800,0,edu,-.0053378582643804,-.0481308809540927,19647
800,0,plants,-.0334034994991108,-.0481308809540927,19647
800,0,age,-.0006794057888755,-.0481308809540927,19647
800,0,gender,-.0000206647941394,-.0481308809540927,19647
800,0,marriage,-.0000699625725397,-.0481308809540927,19647
800,0,ln_income,.0000163777280149,-.0481308809540927,19647
800,0,health,-.000012895294536,-.0481308809540927,19647
800,0,sportsArea,.0099032158609214,-.0481308809540927,19647
800,0,year14,.000545812937945,-.0481308809540927,19647
800,0,rice10,-.0221593784859883,-.0481308809540927,19647
800,0,ln_gdp_hist,.0218650055178219,-.0481308809540927,19647
800,0,urban2000_10,-.0122139195236308,-.0481308809540927,19647
800,0,diff,-.0481308809540927,-.0481308809540927,19647
800,0,expl,-.0415211236452273,-.0481308809540927,19647
800,0,pr_0,.1462647928994083,-.0481308809540927,19647
800,0,pr_1,.194395673853501,-.0481308809540927,19647
801,0,edu,-.0022174265783953,-.0442600303731813,25062
801,0,plants,-.0464217074792357,-.0442600303731813,25062
801,0,age,-.0004292148672283,-.0442600303731813,25062
801,0,gender,-.0005134285845122,-.0442600303731813,25062
801,0,marriage,.0001038415894561,-.0442600303731813,25062
801,0,ln_income,.0000923661181371,-.0442600303731813,25062
801,0,health,-.0005292350352546,-.0442600303731813,25062
801,0,sportsArea,.0095890145815821,-.0442600303731813,25062
801,0,year14,-.000418174390901,-.0442600303731813,25062
801,0,rice10,-.0561963510008436,-.0442600303731813,25062
801,0,ln_gdp_hist,.1071299411071707,-.0442600303731813,25062
801,0,urban2000_10,-.0489701124227231,-.0442600303731813,25062
801,0,diff,-.0442600303731813,-.0442600303731813,25062
801,0,expl,-.0389326876127983,-.0442600303731813,25062
801,0,pr_0,.1652263639881336,-.0442600303731813,25062
801,0,pr_1,.2094863943613149,-.0442600303731813,25062
802,0,edu,-.0039607810805029,-.0633318895042265,17825
802,0,plants,-.0057853847403523,-.0633318895042265,17825
802,0,age,.0026294819987681,-.0633318895042265,17825
802,0,gender,.0002776939749839,-.0633318895042265,17825
802,0,marriage,-.000636548805585,-.0633318895042265,17825
802,0,ln_income,.0002291192115054,-.0633318895042265,17825
802,0,health,-.0002810032983614,-.0633318895042265,17825
802,0,sportsArea,.0037585859603851,-.0633318895042265,17825
802,0,year14,-.0048789969669651,-.0633318895042265,17825
802,0,rice10,-.0472130263421066,-.0633318895042265,17825
802,0,ln_gdp_hist,.028285221404135,-.0633318895042265,17825
802,0,urban2000_10,-.0333287668425852,-.0633318895042265,17825
802,0,diff,-.0633318895042265,-.0633318895042265,17825
802,0,expl,-.060918395964866,-.0633318895042265,17825
802,0,pr_0,.1496437054631829,-.0633318895042265,17825
802,0,pr_1,.2129755949674094,-.0633318895042265,17825
803,0,edu,-.0160288859135703,-.1003188263939567,14194
803,0,plants,-.0029207624269377,-.1003188263939567,14194
803,0,age,.0016075015743511,-.1003188263939567,14194
803,0,gender,.0007227732547935,-.1003188263939567,14194
803,0,marriage,-.000243139764576,-.1003188263939567,14194
803,0,ln_income,.0001098950562731,-.1003188263939567,14194
803,0,health,-.0007235319626477,-.1003188263939567,14194
803,0,sportsArea,.0030765383837798,-.1003188263939567,14194
803,0,year14,-.0101374231922851,-.1003188263939567,14194
803,0,rice10,-.0542649308239678,-.1003188263939567,14194
803,0,ln_gdp_hist,-.0076255786391761,-.1003188263939567,14194
803,0,urban2000_10,-.0079881032200765,-.1003188263939567,14194
803,0,diff,-.1003188263939567,-.1003188263939567,14194
803,0,expl,-.0943556867836516,-.1003188263939567,14194
803,0,pr_0,.1386499869689862,-.1003188263939567,14194
803,0,pr_1,.2389688133629429,-.1003188263939567,14194
804,0,edu,-.0124000611785877,-.0597744487015145,14577
804,0,plants,-.0029478961384888,-.0597744487015145,14577
804,0,age,-.0000785913400227,-.0597744487015145,14577
804,0,gender,.000645376732613,-.0597744487015145,14577
804,0,marriage,.0022426580625097,-.0597744487015145,14577
804,0,ln_income,.0000199887162296,-.0597744487015145,14577
804,0,health,-.0023842417337005,-.0597744487015145,14577
804,0,sportsArea,.0036969860898029,-.0597744487015145,14577
804,0,year14,-.0109949345888812,-.0597744487015145,14577
804,0,rice10,-.0097210078793822,-.0597744487015145,14577
804,0,ln_gdp_hist,-.0021013786255439,-.0597744487015145,14577
804,0,urban2000_10,-.0123701655294551,-.0597744487015145,14577
804,0,diff,-.0597744487015145,-.0597744487015145,14577
804,0,expl,-.0464060477248987,-.0597744487015145,14577
804,0,pr_0,.163358147229115,-.0597744487015145,14577
804,0,pr_1,.2231325959306295,-.0597744487015145,14577
805,0,edu,-.0067486708905268,-.0635085112612969,10646
805,0,plants,-.0298075071752692,-.0635085112612969,10646
805,0,age,-.0002746521911115,-.0635085112612969,10646
805,0,gender,.000371803112835,-.0635085112612969,10646
805,0,marriage,.001373102446038,-.0635085112612969,10646
805,0,ln_income,-.0000332829524516,-.0635085112612969,10646
805,0,health,-.0016383886649288,-.0635085112612969,10646
805,0,sportsArea,.0063914338617945,-.0635085112612969,10646
805,0,year14,-.0076545708505285,-.0635085112612969,10646
805,0,rice10,-.0368033535398035,-.0635085112612969,10646
805,0,ln_gdp_hist,.0058193656970342,-.0635085112612969,10646
805,0,urban2000_10,.0149819820284342,-.0635085112612969,10646
805,0,diff,-.0635085112612969,-.0635085112612969,10646
805,0,expl,-.0540257147371337,-.0635085112612969,10646
805,0,pr_0,.1698369565217391,-.0635085112612969,10646
805,0,pr_1,.233345467783036,-.0635085112612969,10646
806,0,edu,-.0110133084644851,-.0967970685543049,10008
806,0,plants,-.0020489688416926,-.0967970685543049,10008
806,0,age,-.00026852347972,-.0967970685543049,10008
806,0,gender,.0004024766613891,-.0967970685543049,10008
806,0,marriage,.000656435482306,-.0967970685543049,10008
806,0,ln_income,-.0001182100187673,-.0967970685543049,10008
806,0,health,-.0015543712625938,-.0967970685543049,10008
806,0,sportsArea,.0051226180469573,-.0967970685543049,10008
806,0,year14,-.007959938226629,-.0967970685543049,10008
806,0,rice10,-.059812030037002,-.0967970685543049,10008
806,0,ln_gdp_hist,-.0012966255007009,-.0967970685543049,10008
806,0,urban2000_10,-.0098713890403912,-.0967970685543049,10008
806,0,diff,-.0967970685543049,-.0967970685543049,10008
806,0,expl,-.0876983480765816,-.0967970685543049,10008
806,0,pr_0,.1286463798530955,-.0967970685543049,10008
806,0,pr_1,.2254434484074004,-.0967970685543049,10008
807,0,edu,-.0050317402561991,-.0794715952862933,19046
807,0,plants,-.0565585788001728,-.0794715952862933,19046
807,0,age,-.0015834361877543,-.0794715952862933,19046
807,0,gender,-.0001041151562051,-.0794715952862933,19046
807,0,marriage,-.0006270786308437,-.0794715952862933,19046
807,0,ln_income,.0001010438406023,-.0794715952862933,19046
807,0,health,-.0003487071809304,-.0794715952862933,19046
807,0,sportsArea,.010890600486486,-.0794715952862933,19046
807,0,year14,-.0045264818458681,-.0794715952862933,19046
807,0,rice10,-.0511933173894611,-.0794715952862933,19046
807,0,ln_gdp_hist,.0636758994637098,-.0794715952862933,19046
807,0,urban2000_10,-.0285463310364295,-.0794715952862933,19046
807,0,diff,-.0794715952862933,-.0794715952862933,19046
807,0,expl,-.0740315171201173,-.0794715952862933,19046
807,0,pr_0,.1484923585295332,-.0794715952862933,19046
807,0,pr_1,.2279639538158265,-.0794715952862933,19046
808,0,edu,-.0091219798149312,-.0621695740309282,21360
808,0,plants,-.072096702336556,-.0621695740309282,21360
808,0,age,.0023221626613458,-.0621695740309282,21360
808,0,gender,.0006045818560473,-.0621695740309282,21360
808,0,marriage,.0007158513935254,-.0621695740309282,21360
808,0,ln_income,-.000527564453853,-.0621695740309282,21360
808,0,health,-.0008859195091612,-.0621695740309282,21360
808,0,sportsArea,.007458782382621,-.0621695740309282,21360
808,0,year14,-.0059577112675341,-.0621695740309282,21360
808,0,rice10,.0175168929648571,-.0621695740309282,21360
808,0,ln_gdp_hist,.039162328376536,-.0621695740309282,21360
808,0,urban2000_10,-.0398364241083251,-.0621695740309282,21360
808,0,diff,-.0621695740309282,-.0621695740309282,21360
808,0,expl,-.0605631861080078,-.0621695740309282,21360
808,0,pr_0,.1650431905899651,-.0621695740309282,21360
808,0,pr_1,.2272127646208933,-.0621695740309282,21360
809,0,edu,-.0150697817905358,-.0800122239569109,13663
809,0,plants,.0102398859231868,-.0800122239569109,13663
809,0,age,-.0009546054114914,-.0800122239569109,13663
809,0,gender,.0012201346898977,-.0800122239569109,13663
809,0,marriage,.0009813811155074,-.0800122239569109,13663
809,0,ln_income,-.000138043742308,-.0800122239569109,13663
809,0,health,-.001115970161979,-.0800122239569109,13663
809,0,sportsArea,.0054903743670794,-.0800122239569109,13663
809,0,year14,-.0131242624586571,-.0800122239569109,13663
809,0,rice10,-.0266664303522912,-.0800122239569109,13663
809,0,ln_gdp_hist,-.0021526367870689,-.0800122239569109,13663
809,0,urban2000_10,-.0223879294039246,-.0800122239569109,13663
809,0,diff,-.0800122239569109,-.0800122239569109,13663
809,0,expl,-.063634513954067,-.0800122239569109,13663
809,0,pr_0,.155550581915846,-.0800122239569109,13663
809,0,pr_1,.2355628058727569,-.0800122239569109,13663
810,0,edu,-.0037693306826588,-.0251293392813364,21694
810,0,plants,-.0079582956039277,-.0251293392813364,21694
810,0,age,.0027546898416289,-.0251293392813364,21694
810,0,gender,.0003296219335066,-.0251293392813364,21694
810,0,marriage,-.0001606920544659,-.0251293392813364,21694
810,0,ln_income,.0001810896684891,-.0251293392813364,21694
810,0,health,-.0014904707650832,-.0251293392813364,21694
810,0,sportsArea,.0048189337957581,-.0251293392813364,21694
810,0,year14,-.0007123668105453,-.0251293392813364,21694
810,0,rice10,-.0442523833982955,-.0251293392813364,21694
810,0,ln_gdp_hist,.0542991697043497,-.0251293392813364,21694
810,0,urban2000_10,-.0301234392603495,-.0251293392813364,21694
810,0,diff,-.0251293392813364,-.0251293392813364,21694
810,0,expl,-.0259464849127687,-.0251293392813364,21694
810,0,pr_0,.174524400330852,-.0251293392813364,21694
810,0,pr_1,.1996537396121884,-.0251293392813364,21694
811,0,edu,-.0107506808827216,-.0728265366146563,12329
811,0,plants,.0062806622014092,-.0728265366146563,12329
811,0,age,.0031566300010342,-.0728265366146563,12329
811,0,gender,.0004703276816484,-.0728265366146563,12329
811,0,marriage,.0010452136337434,-.0728265366146563,12329
811,0,ln_income,-.0004122598069627,-.0728265366146563,12329
811,0,health,-.0010943693719782,-.0728265366146563,12329
811,0,sportsArea,.0015709202830794,-.0728265366146563,12329
811,0,year14,-.0084863447746499,-.0728265366146563,12329
811,0,rice10,-.0662075472288147,-.0728265366146563,12329
811,0,ln_gdp_hist,-.0024512009058151,-.0728265366146563,12329
811,0,urban2000_10,.0045253654860082,-.0728265366146563,12329
811,0,diff,-.0728265366146563,-.0728265366146563,12329
811,0,expl,-.0723981591444709,-.0728265366146563,12329
811,0,pr_0,.1654929577464789,-.0728265366146563,12329
811,0,pr_1,.2383194943611352,-.0728265366146563,12329
812,0,edu,-.0097353873699806,-.0656497306851641,9904
812,0,plants,.0126072709086356,-.0656497306851641,9904
812,0,age,.0024293475047606,-.0656497306851641,9904
812,0,gender,.001227722084776,-.0656497306851641,9904
812,0,marriage,.0023137642630904,-.0656497306851641,9904
812,0,ln_income,.0001302922217983,-.0656497306851641,9904
812,0,health,-.0032583183617235,-.0656497306851641,9904
812,0,sportsArea,.0021708916522542,-.0656497306851641,9904
812,0,year14,-.0148782964438306,-.0656497306851641,9904
812,0,rice10,-.0523305872287817,-.0656497306851641,9904
812,0,ln_gdp_hist,-.0094127934283278,-.0656497306851641,9904
812,0,urban2000_10,-.0007419771676837,-.0656497306851641,9904
812,0,diff,-.0656497306851641,-.0656497306851641,9904
812,0,expl,-.0694288216349447,-.0656497306851641,9904
812,0,pr_0,.1658069270449521,-.0656497306851641,9904
812,0,pr_1,.2314566577301162,-.0656497306851641,9904
813,0,edu,-.0009179625802276,-.0288920778541506,20668
813,0,plants,-.0093662075138643,-.0288920778541506,20668
813,0,age,.0006324487101206,-.0288920778541506,20668
813,0,gender,-.0000135999630927,-.0288920778541506,20668
813,0,marriage,-.0004015066371582,-.0288920778541506,20668
813,0,ln_income,.00006990636351,-.0288920778541506,20668
813,0,health,-.000337747226163,-.0288920778541506,20668
813,0,sportsArea,.0048100525854815,-.0288920778541506,20668
813,0,year14,-.001384215522801,-.0288920778541506,20668
813,0,rice10,-.0323336909046219,-.0288920778541506,20668
813,0,ln_gdp_hist,.0328493854669487,-.0288920778541506,20668
813,0,urban2000_10,-.0195456735348214,-.0288920778541506,20668
813,0,diff,-.0288920778541506,-.0288920778541506,20668
813,0,expl,-.0258421843273164,-.0288920778541506,20668
813,0,pr_0,.1607117025893245,-.0288920778541506,20668
813,0,pr_1,.1896037804434751,-.0288920778541506,20668
814,0,edu,-.0047586086209376,-.0273987332961251,12014
814,0,plants,.0037512742473541,-.0273987332961251,12014
814,0,age,-.0018021194690743,-.0273987332961251,12014
814,0,gender,.0003927588990714,-.0273987332961251,12014
814,0,marriage,-.0010777055751066,-.0273987332961251,12014
814,0,ln_income,.0006072441476487,-.0273987332961251,12014
814,0,health,-.0013142817287676,-.0273987332961251,12014
814,0,sportsArea,.0054981898804696,-.0273987332961251,12014
814,0,year14,-.0044908282695495,-.0273987332961251,12014
814,0,rice10,-.0328864725510832,-.0273987332961251,12014
814,0,ln_gdp_hist,.0064583915625014,-.0273987332961251,12014
814,0,urban2000_10,.0029606364843244,-.0273987332961251,12014
814,0,diff,-.0273987332961251,-.0273987332961251,12014
814,0,expl,-.0266209377596472,-.0273987332961251,12014
814,0,pr_0,.1491062345589304,-.0273987332961251,12014
814,0,pr_1,.1765049678550555,-.0273987332961251,12014
815,0,edu,-.0060695266697352,-.068149174166575,15042
815,0,plants,-.0129744215419202,-.068149174166575,15042
815,0,age,.00019230580265,-.068149174166575,15042
815,0,gender,.0004318573371674,-.068149174166575,15042
815,0,marriage,-.0003008868137735,-.068149174166575,15042
815,0,ln_income,-.0002057660794088,-.068149174166575,15042
815,0,health,-.0007189262388769,-.068149174166575,15042
815,0,sportsArea,.0068617110417026,-.068149174166575,15042
815,0,year14,-.0062192566951814,-.068149174166575,15042
815,0,rice10,-.0588719152626833,-.068149174166575,15042
815,0,ln_gdp_hist,.0208848930461557,-.068149174166575,15042
815,0,urban2000_10,-.0112135009247231,-.068149174166575,15042
815,0,diff,-.068149174166575,-.068149174166575,15042
815,0,expl,-.068098872984535,-.068149174166575,15042
815,0,pr_0,.1451442646023927,-.068149174166575,15042
815,0,pr_1,.2132934387689677,-.068149174166575,15042
816,0,edu,-.0072485780181335,-.0310210717263964,18280
816,0,plants,-.0074140156012627,-.0310210717263964,18280
816,0,age,-.0000702489343628,-.0310210717263964,18280
816,0,gender,.0002910999421812,-.0310210717263964,18280
816,0,marriage,-.0002793404181107,-.0310210717263964,18280
816,0,ln_income,.0000429090110662,-.0310210717263964,18280
816,0,health,-.0004461163349126,-.0310210717263964,18280
816,0,sportsArea,.0062559039115592,-.0310210717263964,18280
816,0,year14,-.0050696446317105,-.0310210717263964,18280
816,0,rice10,-.0102928923509238,-.0310210717263964,18280
816,0,ln_gdp_hist,.01605501781837,-.0310210717263964,18280
816,0,urban2000_10,-.014171586288398,-.0310210717263964,18280
816,0,diff,-.0310210717263964,-.0310210717263964,18280
816,0,expl,-.0222643281261601,-.0310210717263964,18280
816,0,pr_0,.155333998005982,-.0310210717263964,18280
816,0,pr_1,.1863550697323784,-.0310210717263964,18280
817,0,edu,-.0115858343549167,-.0880150470546653,15096
817,0,plants,-.0215541184003983,-.0880150470546653,15096
817,0,age,-.0002995266022681,-.0880150470546653,15096
817,0,gender,.0005599820610512,-.0880150470546653,15096
817,0,marriage,-.0005724390766111,-.0880150470546653,15096
817,0,ln_income,.0000954763085498,-.0880150470546653,15096
817,0,health,-.0005345455729389,-.0880150470546653,15096
817,0,sportsArea,.0059874103355232,-.0880150470546653,15096
817,0,year14,-.0049879530927211,-.0880150470546653,15096
817,0,rice10,-.0446355463051774,-.0880150470546653,15096
817,0,ln_gdp_hist,-.0063385368737453,-.0880150470546653,15096
817,0,urban2000_10,-.0007697389944403,-.0880150470546653,15096
817,0,diff,-.0880150470546653,-.0880150470546653,15096
817,0,expl,-.0844610571211836,-.0880150470546653,15096
817,0,pr_0,.1261490318795228,-.0880150470546653,15096
817,0,pr_1,.2141640789341881,-.0880150470546653,15096
818,0,edu,-.0135115115503277,-.0954699988513435,9642
818,0,plants,-.0055915382573058,-.0954699988513435,9642
818,0,age,.0014619630821348,-.0954699988513435,9642
818,0,gender,.0008079828158555,-.0954699988513435,9642
818,0,marriage,.0011584208159268,-.0954699988513435,9642
818,0,ln_income,-.0001917484231659,-.0954699988513435,9642
818,0,health,-.0011200955831949,-.0954699988513435,9642
818,0,sportsArea,.0022963035043466,-.0954699988513435,9642
818,0,year14,-.0085275912445239,-.0954699988513435,9642
818,0,rice10,-.053121674539165,-.0954699988513435,9642
818,0,ln_gdp_hist,-.0019283124055307,-.0954699988513435,9642
818,0,urban2000_10,-.0127715283870367,-.0954699988513435,9642
818,0,diff,-.0954699988513435,-.0954699988513435,9642
818,0,expl,-.0910110354004432,-.0954699988513435,9642
818,0,pr_0,.1254956383822363,-.0954699988513435,9642
818,0,pr_1,.2209656372335798,-.0954699988513435,9642
819,0,edu,-.0037701117425162,-.0201648603365833,13390
819,0,plants,.0310388436518459,-.0201648603365833,13390
819,0,age,-.0001308890073136,-.0201648603365833,13390
819,0,gender,-.0002220253565454,-.0201648603365833,13390
819,0,marriage,-.0008896619928433,-.0201648603365833,13390
819,0,ln_income,.0002929775318008,-.0201648603365833,13390
819,0,health,-.0008543563294562,-.0201648603365833,13390
819,0,sportsArea,.0017291166318596,-.0201648603365833,13390
819,0,year14,-.0060404735148496,-.0201648603365833,13390
819,0,rice10,-.0486867518236519,-.0201648603365833,13390
819,0,ln_gdp_hist,.0052530345034635,-.0201648603365833,13390
819,0,urban2000_10,.0005959003246801,-.0201648603365833,13390
819,0,diff,-.0201648603365833,-.0201648603365833,13390
819,0,expl,-.021657547116805,-.0201648603365833,13390
819,0,pr_0,.160529252351347,-.0201648603365833,13390
819,0,pr_1,.1806941126879303,-.0201648603365833,13390
820,0,edu,-.0013510470111748,-.0223331982534426,20126
820,0,plants,-.0381675316206165,-.0223331982534426,20126
820,0,age,.00225423666709,-.0223331982534426,20126
820,0,gender,.0000263175523031,-.0223331982534426,20126
820,0,marriage,.0007514731938969,-.0223331982534426,20126
820,0,ln_income,-.0000257561290197,-.0223331982534426,20126
820,0,health,-.0002693112821949,-.0223331982534426,20126
820,0,sportsArea,.0074737626685089,-.0223331982534426,20126
820,0,year14,-.0006669140391336,-.0223331982534426,20126
820,0,rice10,-.0605624475720463,-.0223331982534426,20126
820,0,ln_gdp_hist,.1157168388031871,-.0223331982534426,20126
820,0,urban2000_10,-.0436185674064454,-.0223331982534426,20126
820,0,diff,-.0223331982534426,-.0223331982534426,20126
820,0,expl,-.0187815253293762,-.0223331982534426,20126
820,0,pr_0,.183729662077597,-.0223331982534426,20126
820,0,pr_1,.2060628603310396,-.0223331982534426,20126
821,0,edu,-.0038187725975125,-.0166260934346747,16989
821,0,plants,-.0067310131249561,-.0166260934346747,16989
821,0,age,-.0024611289069592,-.0166260934346747,16989
821,0,gender,-.0002427865436371,-.0166260934346747,16989
821,0,marriage,-.0017818113525365,-.0166260934346747,16989
821,0,ln_income,.000492337596865,-.0166260934346747,16989
821,0,health,.0006006780375962,-.0166260934346747,16989
821,0,sportsArea,.0058400652178926,-.0166260934346747,16989
821,0,year14,-.000095533660358,-.0166260934346747,16989
821,0,rice10,-.0215645541269989,-.0166260934346747,16989
821,0,ln_gdp_hist,.015440146203621,-.0166260934346747,16989
821,0,urban2000_10,.0014867023009584,-.0166260934346747,16989
821,0,diff,-.0166260934346747,-.0166260934346747,16989
821,0,expl,-.0128374704975774,-.0166260934346747,16989
821,0,pr_0,.1498231430015159,-.0166260934346747,16989
821,0,pr_1,.1664492364361906,-.0166260934346747,16989
822,0,edu,.0024216228575623,-.0091832762626021,19980
822,0,plants,.0225123381863181,-.0091832762626021,19980
822,0,age,-.0011359571334655,-.0091832762626021,19980
822,0,gender,-.0003482825328077,-.0091832762626021,19980
822,0,marriage,-.0013568363871978,-.0091832762626021,19980
822,0,ln_income,.0002263144288679,-.0091832762626021,19980
822,0,health,.0002531521145169,-.0091832762626021,19980
822,0,sportsArea,.0077868255965408,-.0091832762626021,19980
822,0,year14,.0054206315065912,-.0091832762626021,19980
822,0,rice10,-.0633104532189811,-.0091832762626021,19980
822,0,ln_gdp_hist,.0115778105460498,-.0091832762626021,19980
822,0,urban2000_10,.0039134998767905,-.0091832762626021,19980
822,0,diff,-.0091832762626021,-.0091832762626021,19980
822,0,expl,-.0120905795412115,-.0091832762626021,19980
822,0,pr_0,.1575634141825588,-.0091832762626021,19980
822,0,pr_1,.1667466904451609,-.0091832762626021,19980
823,0,edu,-.001412644582172,-.0469179234039399,26635
823,0,plants,-.0229260563361067,-.0469179234039399,26635
823,0,age,-.0020630811096218,-.0469179234039399,26635
823,0,gender,-.0001288074370883,-.0469179234039399,26635
823,0,marriage,-.0001909802720995,-.0469179234039399,26635
823,0,ln_income,.0000975430594667,-.0469179234039399,26635
823,0,health,.0001476707360966,-.0469179234039399,26635
823,0,sportsArea,.0107625860136171,-.0469179234039399,26635
823,0,year14,.001854026264413,-.0469179234039399,26635
823,0,rice10,-.0382212587786046,-.0469179234039399,26635
823,0,ln_gdp_hist,.028039134770737,-.0469179234039399,26635
823,0,urban2000_10,-.0159877880981731,-.0469179234039399,26635
823,0,diff,-.0469179234039399,-.0469179234039399,26635
823,0,expl,-.0400338133822183,-.0469179234039399,26635
823,0,pr_0,.1454168517695839,-.0469179234039399,26635
823,0,pr_1,.1923347751735238,-.0469179234039399,26635
824,0,edu,-.0171127651500214,-.074302326484036,8736
824,0,plants,-.0262692869140383,-.074302326484036,8736
824,0,age,.0032205979693956,-.074302326484036,8736
824,0,gender,.0016501714537102,-.074302326484036,8736
824,0,marriage,.001747933411098,-.074302326484036,8736
824,0,ln_income,-.0002535135947395,-.074302326484036,8736
824,0,health,-.0030139630572844,-.074302326484036,8736
824,0,sportsArea,-.0008498452780483,-.074302326484036,8736
824,0,year14,-.0143655918270663,-.074302326484036,8736
824,0,rice10,-.0235868090624545,-.074302326484036,8736
824,0,ln_gdp_hist,-.0013784029255718,-.074302326484036,8736
824,0,urban2000_10,.0030402418704093,-.074302326484036,8736
824,0,diff,-.074302326484036,-.074302326484036,8736
824,0,expl,-.077054478974265,-.074302326484036,8736
824,0,pr_0,.1534322820037106,-.074302326484036,8736
824,0,pr_1,.2277346084877466,-.074302326484036,8736
825,0,edu,-.0153184669684807,-.1419508622679351,5729
825,0,plants,-.0550729864460449,-.1419508622679351,5729
825,0,age,.0035302568143515,-.1419508622679351,5729
825,0,gender,.001594111296257,-.1419508622679351,5729
825,0,marriage,-.0008904195108731,-.1419508622679351,5729
825,0,ln_income,-.0016757381375067,-.1419508622679351,5729
825,0,health,-.0016403822870705,-.1419508622679351,5729
825,0,sportsArea,-.0093993816693164,-.1419508622679351,5729
825,0,year14,-.023436275673921,-.1419508622679351,5729
825,0,rice10,-.0073214208964319,-.1419508622679351,5729
825,0,ln_gdp_hist,-.0101262937604793,-.1419508622679351,5729
825,0,urban2000_10,-.0233572686678179,-.1419508622679351,5729
825,0,diff,-.1419508622679351,-.1419508622679351,5729
825,0,expl,-.1431475762352816,-.1419508622679351,5729
825,0,pr_0,.1285192909280501,-.1419508622679351,5729
825,0,pr_1,.2704701531959852,-.1419508622679351,5729
826,0,edu,-.0138850018335741,-.0873342857362183,18476
826,0,plants,-.0069016645226967,-.0873342857362183,18476
826,0,age,-.0007168435927611,-.0873342857362183,18476
826,0,gender,.0004947864650798,-.0873342857362183,18476
826,0,marriage,-.0008211421264901,-.0873342857362183,18476
826,0,ln_income,.0000860205836016,-.0873342857362183,18476
826,0,health,-.0004163994311838,-.0873342857362183,18476
826,0,sportsArea,.0065349619483794,-.0873342857362183,18476
826,0,year14,-.006139968069716,-.0873342857362183,18476
826,0,rice10,-.0531893083504937,-.0873342857362183,18476
826,0,ln_gdp_hist,-.0081341314298008,-.0873342857362183,18476
826,0,urban2000_10,-.0032074220294107,-.0873342857362183,18476
826,0,diff,-.0873342857362183,-.0873342857362183,18476
826,0,expl,-.0863880315584639,-.0873342857362183,18476
826,0,pr_0,.137152209492635,-.0873342857362183,18476
826,0,pr_1,.2244864952288533,-.0873342857362183,18476
827,0,edu,-.0133061545325597,-.0597136659270467,16085
827,0,plants,-.0350485977573759,-.0597136659270467,16085
827,0,age,.0007773627438261,-.0597136659270467,16085
827,0,gender,.0002315314203711,-.0597136659270467,16085
827,0,marriage,-.0001731996841151,-.0597136659270467,16085
827,0,ln_income,-.0001593671742968,-.0597136659270467,16085
827,0,health,-.0003401394051393,-.0597136659270467,16085
827,0,sportsArea,.0014159836078289,-.0597136659270467,16085
827,0,year14,-.0085483682163961,-.0597136659270467,16085
827,0,rice10,.003880028020824,-.0597136659270467,16085
827,0,ln_gdp_hist,-.0040654734176062,-.0597136659270467,16085
827,0,urban2000_10,.0000213242864965,-.0597136659270467,16085
827,0,diff,-.0597136659270467,-.0597136659270467,16085
827,0,expl,-.0553968670186226,-.0597136659270467,16085
827,0,pr_0,.1466960352422907,-.0597136659270467,16085
827,0,pr_1,.2064097011693374,-.0597136659270467,16085
828,0,edu,-.0064903212810004,-.0723761220832773,10633
828,0,plants,-.0134306432286775,-.0723761220832773,10633
828,0,age,-.0014775953270853,-.0723761220832773,10633
828,0,gender,.0001633750496527,-.0723761220832773,10633
828,0,marriage,-.0006250182675663,-.0723761220832773,10633
828,0,ln_income,.0005441176296236,-.0723761220832773,10633
828,0,health,-.0000640157214473,-.0723761220832773,10633
828,0,sportsArea,.0048944813786093,-.0723761220832773,10633
828,0,year14,-.0032217944510877,-.0723761220832773,10633
828,0,rice10,-.0463494869688016,-.0723761220832773,10633
828,0,ln_gdp_hist,-.0004253672440981,-.0723761220832773,10633
828,0,urban2000_10,-.0005546725147014,-.0723761220832773,10633
828,0,diff,-.0723761220832773,-.0723761220832773,10633
828,0,expl,-.0674684869487148,-.0723761220832773,10633
828,0,pr_0,.127783155856728,-.0723761220832773,10633
828,0,pr_1,.2001592779400053,-.0723761220832773,10633
829,0,edu,-.0067529754245406,-.0447324200562056,13457
829,0,plants,-.0195591544509177,-.0447324200562056,13457
829,0,age,.0023686076032048,-.0447324200562056,13457
829,0,gender,.0001578533175551,-.0447324200562056,13457
829,0,marriage,.000310849115028,-.0447324200562056,13457
829,0,ln_income,-.0000853684626475,-.0447324200562056,13457
829,0,health,-.0013211430009961,-.0447324200562056,13457
829,0,sportsArea,.0044858021899077,-.0447324200562056,13457
829,0,year14,-.0034467485796554,-.0447324200562056,13457
829,0,rice10,-.03928969521301,-.0447324200562056,13457
829,0,ln_gdp_hist,.0197623456818102,-.0447324200562056,13457
829,0,urban2000_10,-.0006462563992276,-.0447324200562056,13457
829,0,diff,-.0447324200562056,-.0447324200562056,13457
829,0,expl,-.0441932423813914,-.0447324200562056,13457
829,0,pr_0,.1628657921291625,-.0447324200562056,13457
829,0,pr_1,.2075982121853681,-.0447324200562056,13457
830,0,edu,-.0093569200809766,-.0900622474098668,14256
830,0,plants,-.0459817932325841,-.0900622474098668,14256
830,0,age,-.0010890567333473,-.0900622474098668,14256
830,0,gender,.0010420901220948,-.0900622474098668,14256
830,0,marriage,.0008108032537114,-.0900622474098668,14256
830,0,ln_income,-.0006411798512284,-.0900622474098668,14256
830,0,health,-.0005925348689458,-.0900622474098668,14256
830,0,sportsArea,.0091281542394271,-.0900622474098668,14256
830,0,year14,-.0051139547654243,-.0900622474098668,14256
830,0,rice10,-.0383341318190868,-.0900622474098668,14256
830,0,ln_gdp_hist,-.0004149706646949,-.0900622474098668,14256
830,0,urban2000_10,.0074390039654612,-.0900622474098668,14256
830,0,diff,-.0900622474098668,-.0900622474098668,14256
830,0,expl,-.083150776986602,-.0900622474098668,14256
830,0,pr_0,.1515882589465219,-.0900622474098668,14256
830,0,pr_1,.2416505063563887,-.0900622474098668,14256
831,0,edu,-.0032007410241057,-.0410740194197126,23320
831,0,plants,-.0191802838560097,-.0410740194197126,23320
831,0,age,.0001994377921891,-.0410740194197126,23320
831,0,gender,.0000666660077974,-.0410740194197126,23320
831,0,marriage,-.001135837760677,-.0410740194197126,23320
831,0,ln_income,.0001933421328806,-.0410740194197126,23320
831,0,health,.0002133685520143,-.0410740194197126,23320
831,0,sportsArea,.0047071591545548,-.0410740194197126,23320
831,0,year14,-.0028852263543032,-.0410740194197126,23320
831,0,rice10,-.0269524364598651,-.0410740194197126,23320
831,0,ln_gdp_hist,.0516710355595138,-.0410740194197126,23320
831,0,urban2000_10,-.0391188899176927,-.0410740194197126,23320
831,0,diff,-.0410740194197126,-.0410740194197126,23320
831,0,expl,-.0354402922593061,-.0410740194197126,23320
831,0,pr_0,.147608293984808,-.0410740194197126,23320
831,0,pr_1,.1886823134045206,-.0410740194197126,23320
832,0,edu,-.013510037501269,-.0794438238364546,15931
832,0,plants,-.0211528688525913,-.0794438238364546,15931
832,0,age,.0023522560761591,-.0794438238364546,15931
832,0,gender,.0010752960817501,-.0794438238364546,15931
832,0,marriage,.0025075264570711,-.0794438238364546,15931
832,0,ln_income,-.0002109205192985,-.0794438238364546,15931
832,0,health,-.0028242457398389,-.0794438238364546,15931
832,0,sportsArea,.0043760453078035,-.0794438238364546,15931
832,0,year14,-.0097407628660156,-.0794438238364546,15931
832,0,rice10,-.0388748961016839,-.0794438238364546,15931
832,0,ln_gdp_hist,.0021017682997314,-.0794438238364546,15931
832,0,urban2000_10,-.0045000981058898,-.0794438238364546,15931
832,0,diff,-.0794438238364546,-.0794438238364546,15931
832,0,expl,-.0784085513709552,-.0794438238364546,15931
832,0,pr_0,.1656457376212353,-.0794438238364546,15931
832,0,pr_1,.2450895614576899,-.0794438238364546,15931
833,0,edu,-.0095603360242079,-.0868704316595213,22062
833,0,plants,.0260008756930716,-.0868704316595213,22062
833,0,age,.0001248431793696,-.0868704316595213,22062
833,0,gender,.0005912887877328,-.0868704316595213,22062
833,0,marriage,-.0005216783504473,-.0868704316595213,22062
833,0,ln_income,-.000087257761619,-.0868704316595213,22062
833,0,health,-.000186986821076,-.0868704316595213,22062
833,0,sportsArea,.0051866155481249,-.0868704316595213,22062
833,0,year14,-.0074329370588396,-.0868704316595213,22062
833,0,rice10,-.0690935408591861,-.0868704316595213,22062
833,0,ln_gdp_hist,-.012559600246443,-.0868704316595213,22062
833,0,urban2000_10,-.0176769016099606,-.0868704316595213,22062
833,0,diff,-.0868704316595213,-.0868704316595213,22062
833,0,expl,-.0851955664147777,-.0868704316595213,22062
833,0,pr_0,.1321907347700662,-.0868704316595213,22062
833,0,pr_1,.2190611664295875,-.0868704316595213,22062
834,0,edu,-.0079021631302685,-.0534294801991121,17098
834,0,plants,.006793606394095,-.0534294801991121,17098
834,0,age,-.0009956560341077,-.0534294801991121,17098
834,0,gender,-1.22938769294e-06,-.0534294801991121,17098
834,0,marriage,-.0013791419822955,-.0534294801991121,17098
834,0,ln_income,.0005080355771063,-.0534294801991121,17098
834,0,health,-.0001397210846784,-.0534294801991121,17098
834,0,sportsArea,.0049037447974493,-.0534294801991121,17098
834,0,year14,-.0018318843193114,-.0534294801991121,17098
834,0,rice10,-.0476698720881761,-.0534294801991121,17098
834,0,ln_gdp_hist,.0070896295889536,-.0534294801991121,17098
834,0,urban2000_10,-.008600992280668,-.0534294801991121,17098
834,0,diff,-.0534294801991121,-.0534294801991121,17098
834,0,expl,-.0492092304041345,-.0534294801991121,17098
834,0,pr_0,.1349099099099099,-.0534294801991121,17098
834,0,pr_1,.188339390109022,-.0534294801991121,17098
835,0,edu,-.006356160192281,-.0748268450518536,15428
835,0,plants,-.0431168444907326,-.0748268450518536,15428
835,0,age,.0010451099094069,-.0748268450518536,15428
835,0,gender,.0002110220330891,-.0748268450518536,15428
835,0,marriage,-.0006112602775912,-.0748268450518536,15428
835,0,ln_income,-.0002450228539669,-.0748268450518536,15428
835,0,health,-.000361265890956,-.0748268450518536,15428
835,0,sportsArea,.0049823254105962,-.0748268450518536,15428
835,0,year14,-.0061104336074724,-.0748268450518536,15428
835,0,rice10,-.0423656906669004,-.0748268450518536,15428
835,0,ln_gdp_hist,.0274552457459482,-.0748268450518536,15428
835,0,urban2000_10,-.0030230156433137,-.0748268450518536,15428
835,0,diff,-.0748268450518536,-.0748268450518536,15428
835,0,expl,-.0685732501969122,-.0748268450518536,15428
835,0,pr_0,.1432926829268293,-.0748268450518536,15428
835,0,pr_1,.2181195279786829,-.0748268450518536,15428
836,0,edu,-.0111724853870856,-.0683485886849188,12530
836,0,plants,-.0003698345631768,-.0683485886849188,12530
836,0,age,.0002609647828805,-.0683485886849188,12530
836,0,gender,.0003023388233254,-.0683485886849188,12530
836,0,marriage,-.000161279619725,-.0683485886849188,12530
836,0,ln_income,.0000668201260473,-.0683485886849188,12530
836,0,health,-.0018059544678826,-.0683485886849188,12530
836,0,sportsArea,.0045363994627017,-.0683485886849188,12530
836,0,year14,-.0030375326165019,-.0683485886849188,12530
836,0,rice10,-.0449847191450128,-.0683485886849188,12530
836,0,ln_gdp_hist,-.0090777488005582,-.0683485886849188,12530
836,0,urban2000_10,-.0002648798641646,-.0683485886849188,12530
836,0,diff,-.0683485886849188,-.0683485886849188,12530
836,0,expl,-.065667503582356,-.0683485886849188,12530
836,0,pr_0,.1264050901378579,-.0683485886849188,12530
836,0,pr_1,.1947536788227767,-.0683485886849188,12530
837,0,edu,-.0059903715895879,-.0148293706403494,14599
837,0,plants,.0303593478287311,-.0148293706403494,14599
837,0,age,.0012984397983813,-.0148293706403494,14599
837,0,gender,.0001325529055082,-.0148293706403494,14599
837,0,marriage,-.0000287575255953,-.0148293706403494,14599
837,0,ln_income,.0002157271399615,-.0148293706403494,14599
837,0,health,-.0019838210423931,-.0148293706403494,14599
837,0,sportsArea,.0023475019711614,-.0148293706403494,14599
837,0,year14,-.0044126478432206,-.0148293706403494,14599
837,0,rice10,-.047640560042519,-.0148293706403494,14599
837,0,ln_gdp_hist,.0117446649366042,-.0148293706403494,14599
837,0,urban2000_10,-.0040320468659389,-.0148293706403494,14599
837,0,diff,-.0148293706403494,-.0148293706403494,14599
837,0,expl,-.0180094886380247,-.0148293706403494,14599
837,0,pr_0,.1658647420475809,-.0148293706403494,14599
837,0,pr_1,.1806941126879303,-.0148293706403494,14599
838,0,edu,-.0015030281647978,-.0284109369873466,20302
838,0,plants,-.0102011035041267,-.0284109369873466,20302
838,0,age,.0007615022438398,-.0284109369873466,20302
838,0,gender,-.0001821466605384,-.0284109369873466,20302
838,0,marriage,-.0002691354834695,-.0284109369873466,20302
838,0,ln_income,.0001822331087876,-.0284109369873466,20302
838,0,health,-.000494490507913,-.0284109369873466,20302
838,0,sportsArea,.0055701451795106,-.0284109369873466,20302
838,0,year14,-.0011189356475619,-.0284109369873466,20302
838,0,rice10,-.0394673386308883,-.0284109369873466,20302
838,0,ln_gdp_hist,.0400470720954774,-.0284109369873466,20302
838,0,urban2000_10,-.015951340193315,-.0284109369873466,20302
838,0,diff,-.0284109369873466,-.0284109369873466,20302
838,0,expl,-.0226501024132321,-.0284109369873466,20302
838,0,pr_0,.1611956977231457,-.0284109369873466,20302
838,0,pr_1,.1896066347104923,-.0284109369873466,20302
839,0,edu,.0022057583351771,-.0049052059171528,22387
839,0,plants,-.0019823242516862,-.0049052059171528,22387
839,0,age,-.0026768281244901,-.0049052059171528,22387
839,0,gender,-.0004394788668571,-.0049052059171528,22387
839,0,marriage,-.0021890979640211,-.0049052059171528,22387
839,0,ln_income,.0005306660523415,-.0049052059171528,22387
839,0,health,.0008017465889427,-.0049052059171528,22387
839,0,sportsArea,.0054739484965103,-.0049052059171528,22387
839,0,year14,-.0017876589053613,-.0049052059171528,22387
839,0,rice10,-.0378133628815497,-.0049052059171528,22387
839,0,ln_gdp_hist,.0325772682168772,-.0049052059171528,22387
839,0,urban2000_10,-.0007583237119172,-.0049052059171528,22387
839,0,diff,-.0049052059171528,-.0049052059171528,22387
839,0,expl,-.0060512760431179,-.0049052059171528,22387
839,0,pr_0,.1559694047223146,-.0049052059171528,22387
839,0,pr_1,.1608746106394674,-.0049052059171528,22387
840,0,edu,-.0097741966700692,-.0958250240569025,15119
840,0,plants,-.0023918301946889,-.0958250240569025,15119
840,0,age,-.0013771918062981,-.0958250240569025,15119
840,0,gender,.0002437044777485,-.0958250240569025,15119
840,0,marriage,-.000152092317454,-.0958250240569025,15119
840,0,ln_income,.0003607897571989,-.0958250240569025,15119
840,0,health,-.0005828908884572,-.0958250240569025,15119
840,0,sportsArea,.0048767500615273,-.0958250240569025,15119
840,0,year14,-.0093322739624091,-.0958250240569025,15119
840,0,rice10,-.0686154312436382,-.0958250240569025,15119
840,0,ln_gdp_hist,.0059947192523716,-.0958250240569025,15119
840,0,urban2000_10,-.0077175338323355,-.0958250240569025,15119
840,0,diff,-.0958250240569025,-.0958250240569025,15119
840,0,expl,-.0884536791580292,-.0958250240569025,15119
840,0,pr_0,.1448891829308634,-.0958250240569025,15119
840,0,pr_1,.2407142069877659,-.0958250240569025,15119
841,0,edu,-.0099346887601098,-.0646939747749001,18447
841,0,plants,-.0150500593201029,-.0646939747749001,18447
841,0,age,.0000621383369537,-.0646939747749001,18447
841,0,gender,.0006272532618369,-.0646939747749001,18447
841,0,marriage,.0006854196428023,-.0646939747749001,18447
841,0,ln_income,-.0001086641298482,-.0646939747749001,18447
841,0,health,-.0008114462522676,-.0646939747749001,18447
841,0,sportsArea,.007709905042313,-.0646939747749001,18447
841,0,year14,-.0072556117321802,-.0646939747749001,18447
841,0,rice10,-.026136247563412,-.0646939747749001,18447
841,0,ln_gdp_hist,.0124277381693115,-.0646939747749001,18447
841,0,urban2000_10,-.0194024361547719,-.0646939747749001,18447
841,0,diff,-.0646939747749001,-.0646939747749001,18447
841,0,expl,-.0573645335426971,-.0646939747749001,18447
841,0,pr_0,.1539157171278712,-.0646939747749001,18447
841,0,pr_1,.2186096919027713,-.0646939747749001,18447
842,0,edu,-.0091524307113648,-.0644000774507674,20108
842,0,plants,-.0067435730315226,-.0644000774507674,20108
842,0,age,.0028314625707101,-.0644000774507674,20108
842,0,gender,.0001207061919568,-.0644000774507674,20108
842,0,marriage,-.0001824943620583,-.0644000774507674,20108
842,0,ln_income,.0002082556925055,-.0644000774507674,20108
842,0,health,-.0007954597000143,-.0644000774507674,20108
842,0,sportsArea,.0042921504352281,-.0644000774507674,20108
842,0,year14,-.0085516436290669,-.0644000774507674,20108
842,0,rice10,-.0506234161090186,-.0644000774507674,20108
842,0,ln_gdp_hist,.020293172583847,-.0644000774507674,20108
842,0,urban2000_10,-.0154724873585974,-.0644000774507674,20108
842,0,diff,-.0644000774507674,-.0644000774507674,20108
842,0,expl,-.0636987096203676,-.0644000774507674,20108
842,0,pr_0,.161619283065513,-.0644000774507674,20108
842,0,pr_1,.2260193605162804,-.0644000774507674,20108
843,0,edu,-.0074901253101641,-.0822579432717101,22004
843,0,plants,-.0165438989084842,-.0822579432717101,22004
843,0,age,.000879367394473,-.0822579432717101,22004
843,0,gender,-4.56645977050e-06,-.0822579432717101,22004
843,0,marriage,-.0006628042153082,-.0822579432717101,22004
843,0,ln_income,.000074945704983,-.0822579432717101,22004
843,0,health,-.0002991490849219,-.0822579432717101,22004
843,0,sportsArea,.0059846138789245,-.0822579432717101,22004
843,0,year14,-.0054027607110424,-.0822579432717101,22004
843,0,rice10,-.0543474815053151,-.0822579432717101,22004
843,0,ln_gdp_hist,.0210905056544072,-.0822579432717101,22004
843,0,urban2000_10,-.0194278382718023,-.0822579432717101,22004
843,0,diff,-.0822579432717101,-.0822579432717101,22004
843,0,expl,-.0762304378919031,-.0822579432717101,22004
843,0,pr_0,.1426666666666667,-.0822579432717101,22004
843,0,pr_1,.2249246099383768,-.0822579432717101,22004
844,0,edu,-.0068360321756542,-.0707174713956355,15826
844,0,plants,-.0316367596403684,-.0707174713956355,15826
844,0,age,.0005753144899789,-.0707174713956355,15826
844,0,gender,.0002369678333711,-.0707174713956355,15826
844,0,marriage,-.0002604816596545,-.0707174713956355,15826
844,0,ln_income,-.0004548712430839,-.0707174713956355,15826
844,0,health,-.0005961883194892,-.0707174713956355,15826
844,0,sportsArea,.0029102460380005,-.0707174713956355,15826
844,0,year14,-.0081152636993687,-.0707174713956355,15826
844,0,rice10,-.0293634478601595,-.0707174713956355,15826
844,0,ln_gdp_hist,.0140915530490679,-.0707174713956355,15826
844,0,urban2000_10,-.003676044695582,-.0707174713956355,15826
844,0,diff,-.0707174713956355,-.0707174713956355,15826
844,0,expl,-.0631218036903913,-.0707174713956355,15826
844,0,pr_0,.1427266081871345,-.0707174713956355,15826
844,0,pr_1,.21344407958277,-.0707174713956355,15826
845,0,edu,-.0035052362553432,-.0413217647975506,9843
845,0,plants,-.0092076388108914,-.0413217647975506,9843
845,0,age,-.0012600822509601,-.0413217647975506,9843
845,0,gender,-.000178103224509,-.0413217647975506,9843
845,0,marriage,-.0008422922881464,-.0413217647975506,9843
845,0,ln_income,.0003534834536466,-.0413217647975506,9843
845,0,health,.0001698248360314,-.0413217647975506,9843
845,0,sportsArea,.003942578748337,-.0413217647975506,9843
845,0,year14,-.0023734834502905,-.0413217647975506,9843
845,0,rice10,-.020123791380075,-.0413217647975506,9843
845,0,ln_gdp_hist,-.0059282523269434,-.0413217647975506,9843
845,0,urban2000_10,-.0026314260356811,-.0413217647975506,9843
845,0,diff,-.0413217647975506,-.0413217647975506,9843
845,0,expl,-.041464449735661,-.0413217647975506,9843
845,0,pr_0,.1292980960500142,-.0413217647975506,9843
845,0,pr_1,.1706198608475648,-.0413217647975506,9843
846,0,edu,-.0084997098193734,-.0447149264089508,9570
846,0,plants,.004827766679873,-.0447149264089508,9570
846,0,age,.0030526058365552,-.0447149264089508,9570
846,0,gender,.0005225872327187,-.0447149264089508,9570
846,0,marriage,.002329786735,-.0447149264089508,9570
846,0,ln_income,-.0000299079862791,-.0447149264089508,9570
846,0,health,-.0036788661236336,-.0447149264089508,9570
846,0,sportsArea,.0014175514160532,-.0447149264089508,9570
846,0,year14,-.0038787124102706,-.0447149264089508,9570
846,0,rice10,-.0432274676691676,-.0447149264089508,9570
846,0,ln_gdp_hist,.008310191577062,-.0447149264089508,9570
846,0,urban2000_10,-.005190885377877,-.0447149264089508,9570
846,0,diff,-.0447149264089508,-.0447149264089508,9570
846,0,expl,-.0440704737891571,-.0447149264089508,9570
846,0,pr_0,.172279792746114,-.0447149264089508,9570
846,0,pr_1,.2169947191550648,-.0447149264089508,9570
847,0,edu,-.0041265875625513,-.0129059734919411,13835
847,0,plants,.0063435699782821,-.0129059734919411,13835
847,0,age,.0007955312194162,-.0129059734919411,13835
847,0,gender,.0004963745990785,-.0129059734919411,13835
847,0,marriage,.0005612653689454,-.0129059734919411,13835
847,0,ln_income,-8.26111514380e-07,-.0129059734919411,13835
847,0,health,-.0024500922881078,-.0129059734919411,13835
847,0,sportsArea,.0029004211890709,-.0129059734919411,13835
847,0,year14,-.0028172137907274,-.0129059734919411,13835
847,0,rice10,-.0386779839075715,-.0129059734919411,13835
847,0,ln_gdp_hist,.020902681324138,-.0129059734919411,13835
847,0,urban2000_10,.0062728537948188,-.0129059734919411,13835
847,0,diff,-.0129059734919411,-.0129059734919411,13835
847,0,expl,-.0098315893576736,-.0129059734919411,13835
847,0,pr_0,.1638095238095238,-.0129059734919411,13835
847,0,pr_1,.1767154973014649,-.0129059734919411,13835
848,0,edu,-.0169906122058177,-.1039571373717186,13965
848,0,plants,-.0487860758759143,-.1039571373717186,13965
848,0,age,-.0002986223590516,-.1039571373717186,13965
848,0,gender,.0013774790991546,-.1039571373717186,13965
848,0,marriage,.0014758810340306,-.1039571373717186,13965
848,0,ln_income,-.0002880773599992,-.1039571373717186,13965
848,0,health,-.0011174566218184,-.1039571373717186,13965
848,0,sportsArea,.0082164866332265,-.1039571373717186,13965
848,0,year14,-.0088347855145968,-.1039571373717186,13965
848,0,rice10,-.0259861825905433,-.1039571373717186,13965
848,0,ln_gdp_hist,-.0047978013682154,-.1039571373717186,13965
848,0,urban2000_10,-.0020451689227117,-.1039571373717186,13965
848,0,diff,-.1039571373717186,-.1039571373717186,13965
848,0,expl,-.0981290506989097,-.1039571373717186,13965
848,0,pr_0,.143094447081158,-.1039571373717186,13965
848,0,pr_1,.2470515844528766,-.1039571373717186,13965
849,0,edu,-.0137083921624239,-.1060264627055767,8094
849,0,plants,-.0197217588277207,-.1060264627055767,8094
849,0,age,.0029153702039369,-.1060264627055767,8094
849,0,gender,.0006607062814094,-.1060264627055767,8094
849,0,marriage,.0000633817341966,-.1060264627055767,8094
849,0,ln_income,-.0009568364154711,-.1060264627055767,8094
849,0,health,-.0012325414248298,-.1060264627055767,8094
849,0,sportsArea,-.0063796672810975,-.1060264627055767,8094
849,0,year14,-.0182889682671372,-.1060264627055767,8094
849,0,rice10,-.0307533533873104,-.1060264627055767,8094
849,0,ln_gdp_hist,.0003194745719512,-.1060264627055767,8094
849,0,urban2000_10,-.0135898492273418,-.1060264627055767,8094
849,0,diff,-.1060264627055767,-.1060264627055767,8094
849,0,expl,-.1006708180865152,-.1060264627055767,8094
849,0,pr_0,.1170601119493794,-.1060264627055767,8094
849,0,pr_1,.2230865746549561,-.1060264627055767,8094
850,0,edu,-.0098324020620375,-.0844541905457212,17351
850,0,plants,-.0050474339891666,-.0844541905457212,17351
850,0,age,.0011645405989106,-.0844541905457212,17351
850,0,gender,.0000724857433246,-.0844541905457212,17351
850,0,marriage,.0003736363443321,-.0844541905457212,17351
850,0,ln_income,.0000872459836401,-.0844541905457212,17351
850,0,health,-.0008566475173101,-.0844541905457212,17351
850,0,sportsArea,.0067049214883301,-.0844541905457212,17351
850,0,year14,-.0068976875908676,-.0844541905457212,17351
850,0,rice10,-.0857852290171834,-.0844541905457212,17351
850,0,ln_gdp_hist,.0319926908111623,-.0844541905457212,17351
850,0,urban2000_10,-.0139761347820328,-.0844541905457212,17351
850,0,diff,-.0844541905457212,-.0844541905457212,17351
850,0,expl,-.0817897762735433,-.0844541905457212,17351
850,0,pr_0,.1668086556483217,-.0844541905457212,17351
850,0,pr_1,.2512628461940429,-.0844541905457212,17351
851,0,edu,-.007770579447246,-.0507485448004337,8483
851,0,plants,.0127146692156949,-.0507485448004337,8483
851,0,age,.0023493679434595,-.0507485448004337,8483
851,0,gender,.001251862377455,-.0507485448004337,8483
851,0,marriage,.0027295725209896,-.0507485448004337,8483
851,0,ln_income,.0000379398075705,-.0507485448004337,8483
851,0,health,-.003666354437668,-.0507485448004337,8483
851,0,sportsArea,.0038773257071707,-.0507485448004337,8483
851,0,year14,-.0126641639932083,-.0507485448004337,8483
851,0,rice10,-.0393303725147122,-.0507485448004337,8483
851,0,ln_gdp_hist,-.012071891003791,-.0507485448004337,8483
851,0,urban2000_10,.0011498880196766,-.0507485448004337,8483
851,0,diff,-.0507485448004337,-.0507485448004337,8483
851,0,expl,-.0515285755402526,-.0507485448004337,8483
851,0,pr_0,.1682295573893473,-.0507485448004337,8483
851,0,pr_1,.218978102189781,-.0507485448004337,8483
852,0,edu,-.0084790507343412,-.0631621912721795,24181
852,0,plants,-.0093877700029778,-.0631621912721795,24181
852,0,age,.0000841554083948,-.0631621912721795,24181
852,0,gender,.0001886690771334,-.0631621912721795,24181
852,0,marriage,-.0006618185041784,-.0631621912721795,24181
852,0,ln_income,.0002586462149311,-.0631621912721795,24181
852,0,health,-.0001045231782917,-.0631621912721795,24181
852,0,sportsArea,.0056492204743668,-.0631621912721795,24181
852,0,year14,-.0044660919040906,-.0631621912721795,24181
852,0,rice10,-.0388919525112474,-.0631621912721795,24181
852,0,ln_gdp_hist,.0337400333695935,-.0631621912721795,24181
852,0,urban2000_10,-.0350203492793262,-.0631621912721795,24181
852,0,diff,-.0631621912721795,-.0631621912721795,24181
852,0,expl,-.0571174643486164,-.0631621912721795,24181
852,0,pr_0,.1443715295305401,-.0631621912721795,24181
852,0,pr_1,.2075337208027196,-.0631621912721795,24181
853,0,edu,-.0070419197135776,-.0520554714995942,14567
853,0,plants,-.0114030054061088,-.0520554714995942,14567
853,0,age,.0019760025066778,-.0520554714995942,14567
853,0,gender,.0004296957452936,-.0520554714995942,14567
853,0,marriage,.0005263343211613,-.0520554714995942,14567
853,0,ln_income,-.0001368277969439,-.0520554714995942,14567
853,0,health,-.0011243661969658,-.0520554714995942,14567
853,0,sportsArea,.0057719036683094,-.0520554714995942,14567
853,0,year14,-.0038238762512503,-.0520554714995942,14567
853,0,rice10,-.0363548056198555,-.0520554714995942,14567
853,0,ln_gdp_hist,.0206667947925956,-.0520554714995942,14567
853,0,urban2000_10,-.0167621090286497,-.0520554714995942,14567
853,0,diff,-.0520554714995942,-.0520554714995942,14567
853,0,expl,-.0471944957731858,-.0520554714995942,14567
853,0,pr_0,.1572400844872096,-.0520554714995942,14567
853,0,pr_1,.2092955559868038,-.0520554714995942,14567
854,0,edu,.001464638699456,.0004600700224232,13368
854,0,plants,.021435546207802,.0004600700224232,13368
854,0,age,.0006966977669322,.0004600700224232,13368
854,0,gender,-.0004048315803624,.0004600700224232,13368
854,0,marriage,.0006349575113744,.0004600700224232,13368
854,0,ln_income,.000027185185848,.0004600700224232,13368
854,0,health,-.0008451152163722,.0004600700224232,13368
854,0,sportsArea,.0094222126161419,.0004600700224232,13368
854,0,year14,.001924427811422,.0004600700224232,13368
854,0,rice10,-.0462403541106112,.0004600700224232,13368
854,0,ln_gdp_hist,-.0177246054780746,.0004600700224232,13368
854,0,urban2000_10,.0300428824924327,.0004600700224232,13368
854,0,diff,.0004600700224232,.0004600700224232,13368
854,0,expl,.0004348594444048,.0004600700224232,13368
854,0,pr_0,.170205868049927,.0004600700224232,13368
854,0,pr_1,.1697457980275038,.0004600700224232,13368
855,0,edu,-.0205531949733923,-.1189292826340731,9936
855,0,plants,-.0540333944372696,-.1189292826340731,9936
855,0,age,.0049574306320063,-.1189292826340731,9936
855,0,gender,.0014300302451898,-.1189292826340731,9936
855,0,marriage,-.0005681330441519,-.1189292826340731,9936
855,0,ln_income,-.0009041108216247,-.1189292826340731,9936
855,0,health,-.0010322572801225,-.1189292826340731,9936
855,0,sportsArea,-.0007259300846626,-.1189292826340731,9936
855,0,year14,-.0131994327715598,-.1189292826340731,9936
855,0,rice10,-.0309990853182341,-.1189292826340731,9936
855,0,ln_gdp_hist,-.005526335208662,-.1189292826340731,9936
855,0,urban2000_10,-.0001294883899836,-.1189292826340731,9936
855,0,diff,-.1189292826340731,-.1189292826340731,9936
855,0,expl,-.121316779236725,-.1189292826340731,9936
855,0,pr_0,.1390480936954896,-.1189292826340731,9936
855,0,pr_1,.2579773763295627,-.1189292826340731,9936
856,0,edu,-.0055379783959814,-.0482819536441627,15977
856,0,plants,.0280504137430293,-.0482819536441627,15977
856,0,age,.0010084609490924,-.0482819536441627,15977
856,0,gender,.0004871746391817,-.0482819536441627,15977
856,0,marriage,-.0007054531238924,-.0482819536441627,15977
856,0,ln_income,-8.00671110800e-06,-.0482819536441627,15977
856,0,health,-.0005871698857385,-.0482819536441627,15977
856,0,sportsArea,.0027387440770742,-.0482819536441627,15977
856,0,year14,-.0098364855921549,-.0482819536441627,15977
856,0,rice10,-.0609022295637102,-.0482819536441627,15977
856,0,ln_gdp_hist,.00954845299559,-.0482819536441627,15977
856,0,urban2000_10,-.0115502535202687,-.0482819536441627,15977
856,0,diff,-.0482819536441627,-.0482819536441627,15977
856,0,expl,-.047328384443792,-.0482819536441627,15977
856,0,pr_0,.1530300594759685,-.0482819536441627,15977
856,0,pr_1,.2013120131201312,-.0482819536441627,15977
857,0,edu,-.0184578938267093,-.0866753015522126,9337
857,0,plants,-.0050597277863809,-.0866753015522126,9337
857,0,age,.002599325656329,-.0866753015522126,9337
857,0,gender,.000565895050889,-.0866753015522126,9337
857,0,marriage,.0009350425472489,-.0866753015522126,9337
857,0,ln_income,.0000985407644436,-.0866753015522126,9337
857,0,health,-.0030726687197518,-.0866753015522126,9337
857,0,sportsArea,-.0000280606259753,-.0866753015522126,9337
857,0,year14,-.0081211774164783,-.0866753015522126,9337
857,0,rice10,-.0508924010816653,-.0866753015522126,9337
857,0,ln_gdp_hist,-.0076184609291581,-.0866753015522126,9337
857,0,urban2000_10,.0007915042244804,-.0866753015522126,9337
857,0,diff,-.0866753015522126,-.0866753015522126,9337
857,0,expl,-.0884799721044094,-.0866753015522126,9337
857,0,pr_0,.1401800924799221,-.0866753015522126,9337
857,0,pr_1,.2268553940321347,-.0866753015522126,9337
858,0,edu,-.0139060584886131,-.1113678408660049,13224
858,0,plants,-.0184348083702842,-.1113678408660049,13224
858,0,age,-.0031000465562925,-.1113678408660049,13224
858,0,gender,.0005283512082509,-.1113678408660049,13224
858,0,marriage,-.000662983933668,-.1113678408660049,13224
858,0,ln_income,.000435402782504,-.1113678408660049,13224
858,0,health,-.0005458835175808,-.1113678408660049,13224
858,0,sportsArea,.0078745993254674,-.1113678408660049,13224
858,0,year14,-.0063877006628259,-.1113678408660049,13224
858,0,rice10,-.0737724005230136,-.1113678408660049,13224
858,0,ln_gdp_hist,-.0003536186726669,-.1113678408660049,13224
858,0,urban2000_10,.0029409850518615,-.1113678408660049,13224
858,0,diff,-.1113678408660049,-.1113678408660049,13224
858,0,expl,-.1052328117711042,-.1113678408660049,13224
858,0,pr_0,.1395348837209302,-.1113678408660049,13224
858,0,pr_1,.2509027245869351,-.1113678408660049,13224
859,0,edu,-.0094886552512329,-.079954130776906,14829
859,0,plants,-.0107501614798978,-.079954130776906,14829
859,0,age,.0001579058014495,-.079954130776906,14829
859,0,gender,.0003105067389988,-.079954130776906,14829
859,0,marriage,.0006211695093829,-.079954130776906,14829
859,0,ln_income,9.78955176403e-07,-.079954130776906,14829
859,0,health,-.0011323859792953,-.079954130776906,14829
859,0,sportsArea,.0061615587850358,-.079954130776906,14829
859,0,year14,-.0098608028025154,-.079954130776906,14829
859,0,rice10,-.0533484615182592,-.079954130776906,14829
859,0,ln_gdp_hist,.0183199304077066,-.079954130776906,14829
859,0,urban2000_10,-.0152641742059708,-.079954130776906,14829
859,0,diff,-.079954130776906,-.079954130776906,14829
859,0,expl,-.0742873997136916,-.079954130776906,14829
859,0,pr_0,.1607609642753413,-.079954130776906,14829
859,0,pr_1,.2407150950522473,-.079954130776906,14829
860,0,edu,-.0010542225296168,-.0163188446551239,21305
860,0,plants,-.0357997976249709,-.0163188446551239,21305
860,0,age,.0022537580325624,-.0163188446551239,21305
860,0,gender,-.0005117458854922,-.0163188446551239,21305
860,0,marriage,.0003952771146018,-.0163188446551239,21305
860,0,ln_income,.0000175978014503,-.0163188446551239,21305
860,0,health,-.0013936249092708,-.0163188446551239,21305
860,0,sportsArea,.0054207217731102,-.0163188446551239,21305
860,0,year14,.0020156923099014,-.0163188446551239,21305
860,0,rice10,-.044023274633831,-.0163188446551239,21305
860,0,ln_gdp_hist,.086695936822387,-.0163188446551239,21305
860,0,urban2000_10,-.0282920475574598,-.0163188446551239,21305
860,0,diff,-.0163188446551239,-.0163188446551239,21305
860,0,expl,-.0141328484721085,-.0163188446551239,21305
860,0,pr_0,.1808219178082192,-.0163188446551239,21305
860,0,pr_1,.1971407624633431,-.0163188446551239,21305
861,0,edu,-.0148637651115095,-.0602401075752095,12253
861,0,plants,-.0168589952511366,-.0602401075752095,12253
861,0,age,.0008838004694781,-.0602401075752095,12253
861,0,gender,.0001911028789505,-.0602401075752095,12253
861,0,marriage,-.0001740341558806,-.0602401075752095,12253
861,0,ln_income,.0001111481994942,-.0602401075752095,12253
861,0,health,-.0010729109312631,-.0602401075752095,12253
861,0,sportsArea,.00241108717711,-.0602401075752095,12253
861,0,year14,-.006085094023853,-.0602401075752095,12253
861,0,rice10,-.014835014132908,-.0602401075752095,12253
861,0,ln_gdp_hist,-.0044200342615115,-.0602401075752095,12253
861,0,urban2000_10,-.0000933405574395,-.0602401075752095,12253
861,0,diff,-.0602401075752095,-.0602401075752095,12253
861,0,expl,-.054770286372372,-.0602401075752095,12253
861,0,pr_0,.1378787878787879,-.0602401075752095,12253
861,0,pr_1,.1981188954539974,-.0602401075752095,12253
862,0,edu,-.0170140450107644,-.0883849737216998,12708
862,0,plants,.0033525552620893,-.0883849737216998,12708
862,0,age,-.0019081598633144,-.0883849737216998,12708
862,0,gender,.0002011029857706,-.0883849737216998,12708
862,0,marriage,.0004648179783272,-.0883849737216998,12708
862,0,ln_income,.0001172935561948,-.0883849737216998,12708
862,0,health,-.0010944689495964,-.0883849737216998,12708
862,0,sportsArea,.0021979497122093,-.0883849737216998,12708
862,0,year14,-.010048298552004,-.0883849737216998,12708
862,0,rice10,-.0549293529479567,-.0883849737216998,12708
862,0,ln_gdp_hist,.0010185152864846,-.0883849737216998,12708
862,0,urban2000_10,.0006066672258275,-.0883849737216998,12708
862,0,diff,-.0883849737216998,-.0883849737216998,12708
862,0,expl,-.0769658698986855,-.0883849737216998,12708
862,0,pr_0,.1458778807317653,-.0883849737216998,12708
862,0,pr_1,.2342628544534651,-.0883849737216998,12708
863,0,edu,-.0076912118578453,-.0569761392427579,18759
863,0,plants,-.0087144645605213,-.0569761392427579,18759
863,0,age,.001779133235254,-.0569761392427579,18759
863,0,gender,.0005694596299584,-.0569761392427579,18759
863,0,marriage,.0003854429339549,-.0569761392427579,18759
863,0,ln_income,.0000170496097992,-.0569761392427579,18759
863,0,health,-.0013427591444425,-.0569761392427579,18759
863,0,sportsArea,.0056835474566504,-.0569761392427579,18759
863,0,year14,-.00514545578581,-.0569761392427579,18759
863,0,rice10,-.0345772720101016,-.0569761392427579,18759
863,0,ln_gdp_hist,.0331969977151505,-.0569761392427579,18759
863,0,urban2000_10,-.0388335961611609,-.0569761392427579,18759
863,0,diff,-.0569761392427579,-.0569761392427579,18759
863,0,expl,-.0546646420144942,-.0569761392427579,18759
863,0,pr_0,.1594247719189733,-.0569761392427579,18759
863,0,pr_1,.2164009111617312,-.0569761392427579,18759
864,0,edu,-.0163450701817327,-.11329700671659,16467
864,0,plants,-.0200816547738253,-.11329700671659,16467
864,0,age,.0004984691822011,-.11329700671659,16467
864,0,gender,.000683280184897,-.11329700671659,16467
864,0,marriage,.0005890437304256,-.11329700671659,16467
864,0,ln_income,-.0002005262280914,-.11329700671659,16467
864,0,health,-.0012005489543951,-.11329700671659,16467
864,0,sportsArea,.0075455884462642,-.11329700671659,16467
864,0,year14,-.0095236270697047,-.11329700671659,16467
864,0,rice10,-.0643576083623296,-.11329700671659,16467
864,0,ln_gdp_hist,.0024160072803203,-.11329700671659,16467
864,0,urban2000_10,-.0110044365344338,-.11329700671659,16467
864,0,diff,-.11329700671659,-.11329700671659,16467
864,0,expl,-.1109449031620729,-.11329700671659,16467
864,0,pr_0,.1389477401129944,-.11329700671659,16467
864,0,pr_1,.2522447468295844,-.11329700671659,16467
865,0,edu,-.0090259100056245,-.0944524728212891,16125
865,0,plants,.0159376469793193,-.0944524728212891,16125
865,0,age,-.0013905797999321,-.0944524728212891,16125
865,0,gender,.0002791101568264,-.0944524728212891,16125
865,0,marriage,-.0009581285402124,-.0944524728212891,16125
865,0,ln_income,.0003682962890977,-.0944524728212891,16125
865,0,health,-.000266029723267,-.0944524728212891,16125
865,0,sportsArea,.0037336561815835,-.0944524728212891,16125
865,0,year14,-.0068122963900911,-.0944524728212891,16125
865,0,rice10,-.0690352360554835,-.0944524728212891,16125
865,0,ln_gdp_hist,-.0049138901313595,-.0944524728212891,16125
865,0,urban2000_10,-.0119545002885592,-.0944524728212891,16125
865,0,diff,-.0944524728212891,-.0944524728212891,16125
865,0,expl,-.0842408920150668,-.0944524728212891,16125
865,0,pr_0,.1223796033994334,-.0944524728212891,16125
865,0,pr_1,.2168320762207225,-.0944524728212891,16125
866,0,edu,-.0115460995482053,-.1168112242292773,18583
866,0,plants,-.0625318035503358,-.1168112242292773,18583
866,0,age,.0004796946276836,-.1168112242292773,18583
866,0,gender,.0005997191728108,-.1168112242292773,18583
866,0,marriage,-.0002175892371627,-.1168112242292773,18583
866,0,ln_income,-.0001896518445056,-.1168112242292773,18583
866,0,health,-.0008029923717141,-.1168112242292773,18583
866,0,sportsArea,.0058574846072033,-.1168112242292773,18583
866,0,year14,-.0087259717035969,-.1168112242292773,18583
866,0,rice10,-.0527811882052516,-.1168112242292773,18583
866,0,ln_gdp_hist,.0023795233277701,-.1168112242292773,18583
866,0,urban2000_10,.0165030634716773,-.1168112242292773,18583
866,0,diff,-.1168112242292773,-.1168112242292773,18583
866,0,expl,-.1109440382404128,-.1168112242292773,18583
866,0,pr_0,.1360066833751044,-.1168112242292773,18583
866,0,pr_1,.2528179076043817,-.1168112242292773,18583
867,0,edu,-.002640481179499,-.0370037341372748,17420
867,0,plants,-.0044126437482768,-.0370037341372748,17420
867,0,age,-.0010414098669412,-.0370037341372748,17420
867,0,gender,.0004521247916575,-.0370037341372748,17420
867,0,marriage,-.0012578622372781,-.0370037341372748,17420
867,0,ln_income,.0000575589879787,-.0370037341372748,17420
867,0,health,-.0009805205778202,-.0370037341372748,17420
867,0,sportsArea,.0058699904759437,-.0370037341372748,17420
867,0,year14,-.0026406808416213,-.0370037341372748,17420
867,0,rice10,-.0400969916742489,-.0370037341372748,17420
867,0,ln_gdp_hist,.0060744394574872,-.0370037341372748,17420
867,0,urban2000_10,.0031222508203256,-.0370037341372748,17420
867,0,diff,-.0370037341372748,-.0370037341372748,17420
867,0,expl,-.0375534063631069,-.0370037341372748,17420
867,0,pr_0,.1400151860288535,-.0370037341372748,17420
867,0,pr_1,.1770189201661283,-.0370037341372748,17420
868,0,edu,-.0058660864982387,-.0361265167534501,14658
868,0,plants,.0432832152065983,-.0361265167534501,14658
868,0,age,-.0005195871462526,-.0361265167534501,14658
868,0,gender,.0001348030520241,-.0361265167534501,14658
868,0,marriage,-.0000367201166191,-.0361265167534501,14658
868,0,ln_income,.0002195822246606,-.0361265167534501,14658
868,0,health,-.0005581072624547,-.0361265167534501,14658
868,0,sportsArea,.0045270056003204,-.0361265167534501,14658
868,0,year14,-.0061478947914846,-.0361265167534501,14658
868,0,rice10,-.0624403960334521,-.0361265167534501,14658
868,0,ln_gdp_hist,-.0015835101355393,-.0361265167534501,14658
868,0,urban2000_10,-.0024498594145892,-.0361265167534501,14658
868,0,diff,-.0361265167534501,-.0361265167534501,14658
868,0,expl,-.0314032152367048,-.0361265167534501,14658
868,0,pr_0,.163799947075946,-.0361265167534501,14658
868,0,pr_1,.1999264638293961,-.0361265167534501,14658
869,0,edu,-.0135331131252051,-.0570848376696674,16914
869,0,plants,.0012574182836376,-.0570848376696674,16914
869,0,age,.0003850221930391,-.0570848376696674,16914
869,0,gender,.0009828184980242,-.0570848376696674,16914
869,0,marriage,8.08945613781e-06,-.0570848376696674,16914
869,0,ln_income,-2.80498794450e-06,-.0570848376696674,16914
869,0,health,-.0015696085536582,-.0570848376696674,16914
869,0,sportsArea,.0041633293306057,-.0570848376696674,16914
869,0,year14,-.0074391758566767,-.0570848376696674,16914
869,0,rice10,-.0307692269430305,-.0570848376696674,16914
869,0,ln_gdp_hist,-.0117255858477539,-.0570848376696674,16914
869,0,urban2000_10,.0006773529424775,-.0570848376696674,16914
869,0,diff,-.0570848376696674,-.0570848376696674,16914
869,0,expl,-.0575775711553343,-.0570848376696674,16914
869,0,pr_0,.1224817257978249,-.0570848376696674,16914
869,0,pr_1,.1795665634674923,-.0570848376696674,16914
870,0,edu,-.0156963100912221,-.0918592393126394,11973
870,0,plants,-.0815790756866887,-.0918592393126394,11973
870,0,age,.0017087853780048,-.0918592393126394,11973
870,0,gender,.001225485642758,-.0918592393126394,11973
870,0,marriage,.0011471969949835,-.0918592393126394,11973
870,0,ln_income,-.0006870025032661,-.0918592393126394,11973
870,0,health,-.001687736340492,-.0918592393126394,11973
870,0,sportsArea,.0028633901570864,-.0918592393126394,11973
870,0,year14,-.0102093754823349,-.0918592393126394,11973
870,0,rice10,.0143556084780263,-.0918592393126394,11973
870,0,ln_gdp_hist,.0005130108267724,-.0918592393126394,11973
870,0,urban2000_10,.0049518458985767,-.0918592393126394,11973
870,0,diff,-.0918592393126394,-.0918592393126394,11973
870,0,expl,-.0831056326189961,-.0918592393126394,11973
870,0,pr_0,.1449247394828252,-.0918592393126394,11973
870,0,pr_1,.2367839787954646,-.0918592393126394,11973
871,0,edu,-.0119442943519783,-.0895296823644761,19045
871,0,plants,-.046229424685091,-.0895296823644761,19045
871,0,age,-.004122305725317,-.0895296823644761,19045
871,0,gender,.0007112177873457,-.0895296823644761,19045
871,0,marriage,.0008798812104994,-.0895296823644761,19045
871,0,ln_income,-.000058064648873,-.0895296823644761,19045
871,0,health,-.0007249720784208,-.0895296823644761,19045
871,0,sportsArea,.0085380586667909,-.0895296823644761,19045
871,0,year14,-.0064440561659615,-.0895296823644761,19045
871,0,rice10,-.0192445501846593,-.0895296823644761,19045
871,0,ln_gdp_hist,.0002088743578455,-.0895296823644761,19045
871,0,urban2000_10,.0034780742212247,-.0895296823644761,19045
871,0,diff,-.0895296823644761,-.0895296823644761,19045
871,0,expl,-.0748740463129074,-.0895296823644761,19045
871,0,pr_0,.1472373540856031,-.0895296823644761,19045
871,0,pr_1,.2367670364500792,-.0895296823644761,19045
872,0,edu,-.0239502343075814,-.1350838555962005,5756
872,0,plants,-.0297766487813918,-.1350838555962005,5756
872,0,age,.0037448488863893,-.1350838555962005,5756
872,0,gender,.0012258275838733,-.1350838555962005,5756
872,0,marriage,.0005900278141078,-.1350838555962005,5756
872,0,ln_income,-.0010923742772969,-.1350838555962005,5756
872,0,health,-.0029597164905128,-.1350838555962005,5756
872,0,sportsArea,-.0030069750004255,-.1350838555962005,5756
872,0,year14,-.0187167893136162,-.1350838555962005,5756
872,0,rice10,-.0279834408146507,-.1350838555962005,5756
872,0,ln_gdp_hist,-.0080547458065105,-.1350838555962005,5756
872,0,urban2000_10,-.018730154640239,-.1350838555962005,5756
872,0,diff,-.1350838555962005,-.1350838555962005,5756
872,0,expl,-.1287012743657709,-.1350838555962005,5756
872,0,pr_0,.1175178473366282,-.1350838555962005,5756
872,0,pr_1,.2526017029328287,-.1350838555962005,5756
873,0,edu,-.0112698620574243,-.1143073259909702,15959
873,0,plants,-.079958315895441,-.1143073259909702,15959
873,0,age,-.0021822135310137,-.1143073259909702,15959
873,0,gender,.0008434685041667,-.1143073259909702,15959
873,0,marriage,.0000794248516017,-.1143073259909702,15959
873,0,ln_income,-.0005183917008879,-.1143073259909702,15959
873,0,health,.0001534562167763,-.1143073259909702,15959
873,0,sportsArea,.0102494620252487,-.1143073259909702,15959
873,0,year14,-.0044555677341169,-.1143073259909702,15959
873,0,rice10,-.0276015556225911,-.1143073259909702,15959
873,0,ln_gdp_hist,.0009421754070173,-.1143073259909702,15959
873,0,urban2000_10,.0028131050175013,-.1143073259909702,15959
873,0,diff,-.1143073259909702,-.1143073259909702,15959
873,0,expl,-.110813335100119,-.1143073259909702,15959
873,0,pr_0,.1405443453777569,-.1143073259909702,15959
873,0,pr_1,.2548516713687271,-.1143073259909702,15959
874,0,edu,-.0189381217988073,-.1081838177694794,8758
874,0,plants,-.0184408748686514,-.1081838177694794,8758
874,0,age,.0004282370052389,-.1081838177694794,8758
874,0,gender,.0001657008062156,-.1081838177694794,8758
874,0,marriage,.0009584099023002,-.1081838177694794,8758
874,0,ln_income,-.0002808385864925,-.1081838177694794,8758
874,0,health,-.0008925527428107,-.1081838177694794,8758
874,0,sportsArea,-.0056559693657565,-.1081838177694794,8758
874,0,year14,-.0098957210763095,-.1081838177694794,8758
874,0,rice10,-.0347970894232088,-.1081838177694794,8758
874,0,ln_gdp_hist,-.007432798407648,-.1081838177694794,8758
874,0,urban2000_10,-.0044233965743333,-.1081838177694794,8758
874,0,diff,-.1081838177694794,-.1081838177694794,8758
874,0,expl,-.0991833128382287,-.1081838177694794,8758
874,0,pr_0,.1330452581305435,-.1081838177694794,8758
874,0,pr_1,.2412290759000229,-.1081838177694794,8758
875,0,edu,-.0096197232427173,-.0902516035122946,18307
875,0,plants,-.0852115279789048,-.0902516035122946,18307
875,0,age,-.0002249054370765,-.0902516035122946,18307
875,0,gender,-.0000485548810419,-.0902516035122946,18307
875,0,marriage,.0010169695923419,-.0902516035122946,18307
875,0,ln_income,-.0006465052210107,-.0902516035122946,18307
875,0,health,-.0012972916765748,-.0902516035122946,18307
875,0,sportsArea,.0079600912993684,-.0902516035122946,18307
875,0,year14,-.0061834787589601,-.0902516035122946,18307
875,0,rice10,-.0399493044115984,-.0902516035122946,18307
875,0,ln_gdp_hist,.0241433114146096,-.0902516035122946,18307
875,0,urban2000_10,.0226179032788751,-.0902516035122946,18307
875,0,diff,-.0902516035122946,-.0902516035122946,18307
875,0,expl,-.0873774708392929,-.0902516035122946,18307
875,0,pr_0,.1670486719697991,-.0902516035122946,18307
875,0,pr_1,.2573002754820937,-.0902516035122946,18307
876,0,edu,-.0050287753397278,-.0244377613427561,9620
876,0,plants,-.0239963248373414,-.0244377613427561,9620
876,0,age,-.0007406498133841,-.0244377613427561,9620
876,0,gender,.0004872439593241,-.0244377613427561,9620
876,0,marriage,-.0007098181705761,-.0244377613427561,9620
876,0,ln_income,-.0007185303368567,-.0244377613427561,9620
876,0,health,-.0001563104711876,-.0244377613427561,9620
876,0,sportsArea,.0023602809636929,-.0244377613427561,9620
876,0,year14,-.0037437664955298,-.0244377613427561,9620
876,0,rice10,-.0161508447165622,-.0244377613427561,9620
876,0,ln_gdp_hist,-.0185818064919748,-.0244377613427561,9620
876,0,urban2000_10,.0433039082032843,-.0244377613427561,9620
876,0,diff,-.0244377613427561,-.0244377613427561,9620
876,0,expl,-.0237129181423617,-.0244377613427561,9620
876,0,pr_0,.1555987774381773,-.0244377613427561,9620
876,0,pr_1,.1800365387809334,-.0244377613427561,9620
877,0,edu,-.0069008550254607,-.0576396024627858,20066
877,0,plants,.0009733060635003,-.0576396024627858,20066
877,0,age,-.0002993505229438,-.0576396024627858,20066
877,0,gender,.0000888582461122,-.0576396024627858,20066
877,0,marriage,.0005035995660738,-.0576396024627858,20066
877,0,ln_income,.0000749374979606,-.0576396024627858,20066
877,0,health,-.0007304015226402,-.0576396024627858,20066
877,0,sportsArea,.0100135801819237,-.0576396024627858,20066
877,0,year14,-.0032826784897879,-.0576396024627858,20066
877,0,rice10,-.0827357463821282,-.0576396024627858,20066
877,0,ln_gdp_hist,.0704615966836626,-.0576396024627858,20066
877,0,urban2000_10,-.0445837274273764,-.0576396024627858,20066
877,0,diff,-.0576396024627858,-.0576396024627858,20066
877,0,expl,-.0562709542110529,-.0576396024627858,20066
877,0,pr_0,.1676021203617088,-.0576396024627858,20066
877,0,pr_1,.2252417228244946,-.0576396024627858,20066
878,0,edu,-.0087510128701155,-.0679715836283006,15010
878,0,plants,.0131066065332374,-.0679715836283006,15010
878,0,age,-.0014253059252779,-.0679715836283006,15010
878,0,gender,7.07741624546e-06,-.0679715836283006,15010
878,0,marriage,-.0011233306640798,-.0679715836283006,15010
878,0,ln_income,.0003013380165042,-.0679715836283006,15010
878,0,health,-.000333944890771,-.0679715836283006,15010
878,0,sportsArea,.0055266116699556,-.0679715836283006,15010
878,0,year14,-.0076326785608395,-.0679715836283006,15010
878,0,rice10,-.0571612881003413,-.0679715836283006,15010
878,0,ln_gdp_hist,-.0067247303574058,-.0679715836283006,15010
878,0,urban2000_10,.0033077663568093,-.0679715836283006,15010
878,0,diff,-.0679715836283006,-.0679715836283006,15010
878,0,expl,-.0608098666912003,-.0679715836283006,15010
878,0,pr_0,.1357057721777626,-.0679715836283006,15010
878,0,pr_1,.2036773558060632,-.0679715836283006,15010
879,0,edu,-.0041180159447361,-.0336901288732599,15371
879,0,plants,.0088922765136742,-.0336901288732599,15371
879,0,age,.0013115116470578,-.0336901288732599,15371
879,0,gender,.0000788425747675,-.0336901288732599,15371
879,0,marriage,-.0001171899308395,-.0336901288732599,15371
879,0,ln_income,.0001504824431042,-.0336901288732599,15371
879,0,health,-.0007734337394568,-.0336901288732599,15371
879,0,sportsArea,.007403902258769,-.0336901288732599,15371
879,0,year14,-.0020247229497929,-.0336901288732599,15371
879,0,rice10,-.0722711359664834,-.0336901288732599,15371
879,0,ln_gdp_hist,.0588900791841611,-.0336901288732599,15371
879,0,urban2000_10,-.0344422207501771,-.0336901288732599,15371
879,0,diff,-.0336901288732599,-.0336901288732599,15371
879,0,expl,-.0369656313206947,-.0336901288732599,15371
879,0,pr_0,.1790713554114032,-.0336901288732599,15371
879,0,pr_1,.2127614842846631,-.0336901288732599,15371
880,0,edu,-.011404942080249,-.0825688005239822,16120
880,0,plants,-.0423568247828122,-.0825688005239822,16120
880,0,age,.0033182637077231,-.0825688005239822,16120
880,0,gender,.000357980689181,-.0825688005239822,16120
880,0,marriage,.0005708970764562,-.0825688005239822,16120
880,0,ln_income,-.0004055560078713,-.0825688005239822,16120
880,0,health,-.0012963851833646,-.0825688005239822,16120
880,0,sportsArea,.0027184046793279,-.0825688005239822,16120
880,0,year14,-.0089246684232147,-.0825688005239822,16120
880,0,rice10,-.0398954743126798,-.0825688005239822,16120
880,0,ln_gdp_hist,-.0037633488191188,-.0825688005239822,16120
880,0,urban2000_10,.0214398038617932,-.0825688005239822,16120
880,0,diff,-.0825688005239822,-.0825688005239822,16120
880,0,expl,-.0796443506880188,-.0825688005239822,16120
880,0,pr_0,.1664710813076278,-.0825688005239822,16120
880,0,pr_1,.24903988183161,-.0825688005239822,16120
881,0,edu,-.0080230677369861,-.0611313433417446,21336
881,0,plants,-.0155250177747249,-.0611313433417446,21336
881,0,age,-.0014114296198408,-.0611313433417446,21336
881,0,gender,.0000396284590012,-.0611313433417446,21336
881,0,marriage,-.0007913014296766,-.0611313433417446,21336
881,0,ln_income,.0002015095058305,-.0611313433417446,21336
881,0,health,-.000161167493248,-.0611313433417446,21336
881,0,sportsArea,.0071887135635276,-.0611313433417446,21336
881,0,year14,-.0071359954978554,-.0611313433417446,21336
881,0,rice10,-.0441459033895944,-.0611313433417446,21336
881,0,ln_gdp_hist,.0318134110205555,-.0611313433417446,21336
881,0,urban2000_10,-.0180972132736633,-.0611313433417446,21336
881,0,diff,-.0611313433417446,-.0611313433417446,21336
881,0,expl,-.0560902281497503,-.0611313433417446,21336
881,0,pr_0,.1409913453973249,-.0611313433417446,21336
881,0,pr_1,.2021226887390695,-.0611313433417446,21336
882,0,edu,-.0207499566214127,-.1138017036223759,11632
882,0,plants,-.0291944623110614,-.1138017036223759,11632
882,0,age,-.0010395225995749,-.1138017036223759,11632
882,0,gender,.0008675317915693,-.1138017036223759,11632
882,0,marriage,.0006876469307355,-.1138017036223759,11632
882,0,ln_income,-.0000352995659679,-.1138017036223759,11632
882,0,health,-.0019447284334994,-.1138017036223759,11632
882,0,sportsArea,.0031321954998435,-.1138017036223759,11632
882,0,year14,-.0128300078391178,-.1138017036223759,11632
882,0,rice10,-.03826999074798,-.1138017036223759,11632
882,0,ln_gdp_hist,-.0051335474137814,-.1138017036223759,11632
882,0,urban2000_10,.0003397449478511,-.1138017036223759,11632
882,0,diff,-.1138017036223759,-.1138017036223759,11632
882,0,expl,-.1042595206254382,-.1138017036223759,11632
882,0,pr_0,.1306726094003242,-.1138017036223759,11632
882,0,pr_1,.2444743130227001,-.1138017036223759,11632
883,0,edu,-.0175187464565051,-.0981421414119348,8845
883,0,plants,-.0019798022979949,-.0981421414119348,8845
883,0,age,.001836338586489,-.0981421414119348,8845
883,0,gender,.001588326292532,-.0981421414119348,8845
883,0,marriage,.0006710441501883,-.0981421414119348,8845
883,0,ln_income,.0002928465764611,-.0981421414119348,8845
883,0,health,-.003111215551961,-.0981421414119348,8845
883,0,sportsArea,.0009120009984972,-.0981421414119348,8845
883,0,year14,-.0172203915377656,-.0981421414119348,8845
883,0,rice10,-.0447832871598886,-.0981421414119348,8845
883,0,ln_gdp_hist,-.0113813014830261,-.0981421414119348,8845
883,0,urban2000_10,-.0058726406401936,-.0981421414119348,8845
883,0,diff,-.0981421414119348,-.0981421414119348,8845
883,0,expl,-.0966758623325377,-.0981421414119348,8845
883,0,pr_0,.131030701754386,-.0981421414119348,8845
883,0,pr_1,.2291728431663208,-.0981421414119348,8845
884,0,edu,-.0154724073479191,-.0562637173160563,13752
884,0,plants,.0108451893524184,-.0562637173160563,13752
884,0,age,.000569763147482,-.0562637173160563,13752
884,0,gender,.0003863205484111,-.0562637173160563,13752
884,0,marriage,-.0008567888649553,-.0562637173160563,13752
884,0,ln_income,.0003337833099191,-.0562637173160563,13752
884,0,health,-.000393555612768,-.0562637173160563,13752
884,0,sportsArea,.0019861736623382,-.0562637173160563,13752
884,0,year14,-.0123739448889059,-.0562637173160563,13752
884,0,rice10,-.0216732236516897,-.0562637173160563,13752
884,0,ln_gdp_hist,-.0126060058922217,-.0562637173160563,13752
884,0,urban2000_10,.0012351555800607,-.0562637173160563,13752
884,0,diff,-.0562637173160563,-.0562637173160563,13752
884,0,expl,-.0480990439155955,-.0562637173160563,13752
884,0,pr_0,.1376348821845408,-.0562637173160563,13752
884,0,pr_1,.1938985995005971,-.0562637173160563,13752
885,0,edu,.0002836445863767,.0053907630155748,13809
885,0,plants,.0339784600685088,.0053907630155748,13809
885,0,age,.0021082667588453,.0053907630155748,13809
885,0,gender,.0000863287888961,.0053907630155748,13809
885,0,marriage,.0008866680878922,.0053907630155748,13809
885,0,ln_income,-.0000395907413366,.0053907630155748,13809
885,0,health,-.0019178389300905,.0053907630155748,13809
885,0,sportsArea,.0034786639895506,.0053907630155748,13809
885,0,year14,-.0005660849890562,.0053907630155748,13809
885,0,rice10,-.0496968934020267,.0053907630155748,13809
885,0,ln_gdp_hist,.0240018752561466,.0053907630155748,13809
885,0,urban2000_10,-.0088021809738089,.0053907630155748,13809
885,0,diff,.0053907630155748,.0053907630155748,13809
885,0,expl,.0038278772589266,.0053907630155748,13809
885,0,pr_0,.1858010873041254,.0053907630155748,13809
885,0,pr_1,.1804103242885506,.0053907630155748,13809
886,0,edu,.0003483310357526,-.0280805541589855,21399
886,0,plants,-.0434374271095373,-.0280805541589855,21399
886,0,age,-.0011091805425012,-.0280805541589855,21399
886,0,gender,-.0002668736649834,-.0280805541589855,21399
886,0,marriage,-.0005320533565808,-.0280805541589855,21399
886,0,ln_income,.0001471858370404,-.0280805541589855,21399
886,0,health,.000451532836657,-.0280805541589855,21399
886,0,sportsArea,.0114463403639087,-.0280805541589855,21399
886,0,year14,.0046641263563559,-.0280805541589855,21399
886,0,rice10,-.0436010405172155,-.0280805541589855,21399
886,0,ln_gdp_hist,.0590514987805782,-.0280805541589855,21399
886,0,urban2000_10,-.0117684314901536,-.0280805541589855,21399
886,0,diff,-.0280805541589855,-.0280805541589855,21399
886,0,expl,-.0248918617883315,-.0280805541589855,21399
886,0,pr_0,.1569230769230769,-.0280805541589855,21399
886,0,pr_1,.1850036310820624,-.0280805541589855,21399
887,0,edu,-.0067647028703464,-.0450993332594659,20327
887,0,plants,.0020156404096552,-.0450993332594659,20327
887,0,age,.0007653948930583,-.0450993332594659,20327
887,0,gender,-.0000289854039802,-.0450993332594659,20327
887,0,marriage,-.0010285202013343,-.0450993332594659,20327
887,0,ln_income,.0002512666320155,-.0450993332594659,20327
887,0,health,-.0006229469051908,-.0450993332594659,20327
887,0,sportsArea,.0060265075833866,-.0450993332594659,20327
887,0,year14,-.0007534510002446,-.0450993332594659,20327
887,0,rice10,-.0458730484122484,-.0450993332594659,20327
887,0,ln_gdp_hist,.0109533322507214,-.0450993332594659,20327
887,0,urban2000_10,-.0082740947049655,-.0450993332594659,20327
887,0,diff,-.0450993332594659,-.0450993332594659,20327
887,0,expl,-.0433078395569069,-.0450993332594659,20327
887,0,pr_0,.1466576864792052,-.0450993332594659,20327
887,0,pr_1,.1917570197386711,-.0450993332594659,20327
888,0,edu,-.0071649777577092,-.0827274779557921,12370
888,0,plants,-.0212884423619702,-.0827274779557921,12370
888,0,age,.0014421234797948,-.0827274779557921,12370
888,0,gender,.0005501995424207,-.0827274779557921,12370
888,0,marriage,-.0013710226294332,-.0827274779557921,12370
888,0,ln_income,-.0002589822661165,-.0827274779557921,12370
888,0,health,-.0004765225802797,-.0827274779557921,12370
888,0,sportsArea,.0007679351579022,-.0827274779557921,12370
888,0,year14,-.0098058216675087,-.0827274779557921,12370
888,0,rice10,-.0392362891370629,-.0827274779557921,12370
888,0,ln_gdp_hist,-.0070437934055079,-.0827274779557921,12370
888,0,urban2000_10,.0000795091070645,-.0827274779557921,12370
888,0,diff,-.0827274779557921,-.0827274779557921,12370
888,0,expl,-.0838623933685002,-.0827274779557921,12370
888,0,pr_0,.124870734229576,-.0827274779557921,12370
888,0,pr_1,.2075982121853681,-.0827274779557921,12370
889,0,edu,-.0033488849700392,-.0235798665921097,14031
889,0,plants,.0050773711134315,-.0235798665921097,14031
889,0,age,.0020992132307359,-.0235798665921097,14031
889,0,gender,.0000740447015463,-.0235798665921097,14031
889,0,marriage,.0007167394541484,-.0235798665921097,14031
889,0,ln_income,-7.48718216636e-06,-.0235798665921097,14031
889,0,health,-.003014866757639,-.0235798665921097,14031
889,0,sportsArea,.0051535928244523,-.0235798665921097,14031
889,0,year14,-.0016699997542255,-.0235798665921097,14031
889,0,rice10,-.0544259479499964,-.0235798665921097,14031
889,0,ln_gdp_hist,.035766664857782,-.0235798665921097,14031
889,0,urban2000_10,-.0122855063299973,-.0235798665921097,14031
889,0,diff,-.0235798665921097,-.0235798665921097,14031
889,0,expl,-.0258724124939275,-.0235798665921097,14031
889,0,pr_0,.1713052537579997,-.0235798665921097,14031
889,0,pr_1,.1948851203501094,-.0235798665921097,14031
890,0,edu,-.0048144387009311,-.0703821887716868,8739
890,0,plants,-.0135899134947887,-.0703821887716868,8739
890,0,age,.00154696781714,-.0703821887716868,8739
890,0,gender,.0006701786214508,-.0703821887716868,8739
890,0,marriage,.000337082096135,-.0703821887716868,8739
890,0,ln_income,-.0003109310825226,-.0703821887716868,8739
890,0,health,-.0001331422016033,-.0703821887716868,8739
890,0,sportsArea,.0044302654150152,-.0703821887716868,8739
890,0,year14,-.009447740917046,-.0703821887716868,8739
890,0,rice10,-.0544589237053287,-.0703821887716868,8739
890,0,ln_gdp_hist,.0071120956776875,-.0703821887716868,8739
890,0,urban2000_10,.0046601783495258,-.0703821887716868,8739
890,0,diff,-.0703821887716868,-.0703821887716868,8739
890,0,expl,-.0639066417562406,-.0703821887716868,8739
890,0,pr_0,.1618545252637424,-.0703821887716868,8739
890,0,pr_1,.2322367140354292,-.0703821887716868,8739
891,0,edu,.0002157957330553,-.0073204317885335,23209
891,0,plants,-.0169466095994343,-.0073204317885335,23209
891,0,age,-.0011249942302971,-.0073204317885335,23209
891,0,gender,-.000335683273774,-.0073204317885335,23209
891,0,marriage,-.0012688653957488,-.0073204317885335,23209
891,0,ln_income,.0003550140867494,-.0073204317885335,23209
891,0,health,.0004815032978878,-.0073204317885335,23209
891,0,sportsArea,.0065878039623911,-.0073204317885335,23209
891,0,year14,-.0007046563874276,-.0073204317885335,23209
891,0,rice10,-.0463439072461201,-.0073204317885335,23209
891,0,ln_gdp_hist,.0976399700471209,-.0073204317885335,23209
891,0,urban2000_10,-.0436780251033094,-.0073204317885335,23209
891,0,diff,-.0073204317885335,-.0073204317885335,23209
891,0,expl,-.0049799693162177,-.0073204317885335,23209
891,0,pr_0,.1686121919584955,-.0073204317885335,23209
891,0,pr_1,.175932623747029,-.0073204317885335,23209
892,0,edu,-.0124775754472396,-.0753545881818727,19120
892,0,plants,-.0011706090577342,-.0753545881818727,19120
892,0,age,.0001001096736141,-.0753545881818727,19120
892,0,gender,.0010377820344677,-.0753545881818727,19120
892,0,marriage,-.0001425006027232,-.0753545881818727,19120
892,0,ln_income,-.0001645075816524,-.0753545881818727,19120
892,0,health,-.0010942323775265,-.0753545881818727,19120
892,0,sportsArea,.0068720352938195,-.0753545881818727,19120
892,0,year14,-.0073671548223597,-.0753545881818727,19120
892,0,rice10,-.0457594613761154,-.0753545881818727,19120
892,0,ln_gdp_hist,.0047565413450612,-.0753545881818727,19120
892,0,urban2000_10,-.019338102379102,-.0753545881818727,19120
892,0,diff,-.0753545881818727,-.0753545881818727,19120
892,0,expl,-.0748621430704169,-.0753545881818727,19120
892,0,pr_0,.1428963623884695,-.0753545881818727,19120
892,0,pr_1,.2182509505703422,-.0753545881818727,19120
893,0,edu,-.0176935169646001,-.0924712903184007,6947
893,0,plants,.0023069143407306,-.0924712903184007,6947
893,0,age,.0025169499715926,-.0924712903184007,6947
893,0,gender,.0005086192409372,-.0924712903184007,6947
893,0,marriage,.0012304542155412,-.0924712903184007,6947
893,0,ln_income,.0000556748731427,-.0924712903184007,6947
893,0,health,-.0028923867891599,-.0924712903184007,6947
893,0,sportsArea,-.0006624891535421,-.0924712903184007,6947
893,0,year14,-.0061403925513796,-.0924712903184007,6947
893,0,rice10,-.0576583901497473,-.0924712903184007,6947
893,0,ln_gdp_hist,-.0133259335394211,-.0924712903184007,6947
893,0,urban2000_10,.0000406089544091,-.0924712903184007,6947
893,0,diff,-.0924712903184007,-.0924712903184007,6947
893,0,expl,-.0916995660081732,-.0924712903184007,6947
893,0,pr_0,.1328382838283828,-.0924712903184007,6947
893,0,pr_1,.2253095741467835,-.0924712903184007,6947
894,0,edu,-.0124154985016202,-.0993891115722497,13693
894,0,plants,-.0297458809134362,-.0993891115722497,13693
894,0,age,.0018236446418294,-.0993891115722497,13693
894,0,gender,.0007300878732081,-.0993891115722497,13693
894,0,marriage,.000808589581857,-.0993891115722497,13693
894,0,ln_income,-.0003779129395578,-.0993891115722497,13693
894,0,health,-.0016868411883917,-.0993891115722497,13693
894,0,sportsArea,.0024292818809834,-.0993891115722497,13693
894,0,year14,-.009499811967356,-.0993891115722497,13693
894,0,rice10,-.04799723211726,-.0993891115722497,13693
894,0,ln_gdp_hist,-.0002468077116058,-.0993891115722497,13693
894,0,urban2000_10,.0038026244335407,-.0993891115722497,13693
894,0,diff,-.0993891115722497,-.0993891115722497,13693
894,0,expl,-.0923958790251826,-.0993891115722497,13693
894,0,pr_0,.1455960516324981,-.0993891115722497,13693
894,0,pr_1,.2449851632047478,-.0993891115722497,13693
895,0,edu,-.0105161281024084,-.1228735569845442,12346
895,0,plants,-.0359777930966825,-.1228735569845442,12346
895,0,age,-.0006452895367307,-.1228735569845442,12346
895,0,gender,-.0001114755972603,-.1228735569845442,12346
895,0,marriage,-.0008160136727723,-.1228735569845442,12346
895,0,ln_income,-.0002794556317619,-.1228735569845442,12346
895,0,health,.000171164446657,-.1228735569845442,12346
895,0,sportsArea,.0069357191147673,-.1228735569845442,12346
895,0,year14,-.0052829857522584,-.1228735569845442,12346
895,0,rice10,-.0675148082652455,-.1228735569845442,12346
895,0,ln_gdp_hist,.0001822968653925,-.1228735569845442,12346
895,0,urban2000_10,-.0029007609589747,-.1228735569845442,12346
895,0,diff,-.1228735569845442,-.1228735569845442,12346
895,0,expl,-.1167767670534532,-.1228735569845442,12346
895,0,pr_0,.123120787973043,-.1228735569845442,12346
895,0,pr_1,.2459943449575872,-.1228735569845442,12346
896,0,edu,-.0089712022819105,-.076012836828418,11175
896,0,plants,-.0185668052968382,-.076012836828418,11175
896,0,age,-.0035967840713091,-.076012836828418,11175
896,0,gender,-.0002460511681757,-.076012836828418,11175
896,0,marriage,.000031529612837,-.076012836828418,11175
896,0,ln_income,.0001064066300453,-.076012836828418,11175
896,0,health,.0003817014547104,-.076012836828418,11175
896,0,sportsArea,.0117586192636807,-.076012836828418,11175
896,0,year14,-.0044930560437829,-.076012836828418,11175
896,0,rice10,-.0664187631844745,-.076012836828418,11175
896,0,ln_gdp_hist,.0188114713569018,-.076012836828418,11175
896,0,urban2000_10,.003785654167489,-.076012836828418,11175
896,0,diff,-.076012836828418,-.076012836828418,11175
896,0,expl,-.0673433012970665,-.076012836828418,11175
896,0,pr_0,.1286792452830189,-.076012836828418,11175
896,0,pr_1,.2046920821114369,-.076012836828418,11175
897,0,edu,-.0084924887240562,-.0510786859336193,23380
897,0,plants,.0184633659709152,-.0510786859336193,23380
897,0,age,.0019386902418233,-.0510786859336193,23380
897,0,gender,.0006076952545935,-.0510786859336193,23380
897,0,marriage,-.0004326155502847,-.0510786859336193,23380
897,0,ln_income,.0001679162777862,-.0510786859336193,23380
897,0,health,-.0004135992933746,-.0510786859336193,23380
897,0,sportsArea,.0032639903680404,-.0510786859336193,23380
897,0,year14,-.0082289401407423,-.0510786859336193,23380
897,0,rice10,-.0410604241830814,-.0510786859336193,23380
897,0,ln_gdp_hist,.0167716678920669,-.0510786859336193,23380
897,0,urban2000_10,-.0304783046457563,-.0510786859336193,23380
897,0,diff,-.0510786859336193,-.0510786859336193,23380
897,0,expl,-.0477919987555871,-.0510786859336193,23380
897,0,pr_0,.1533980582524272,-.0510786859336193,23380
897,0,pr_1,.2044767441860465,-.0510786859336193,23380
898,0,edu,-.0178206026165635,-.1123132837785411,8502
898,0,plants,-.0184299863405756,-.1123132837785411,8502
898,0,age,.0013868729594178,-.1123132837785411,8502
898,0,gender,.0009783555677494,-.1123132837785411,8502
898,0,marriage,.0010056854253632,-.1123132837785411,8502
898,0,ln_income,-.0004183096838872,-.1123132837785411,8502
898,0,health,-.002824760612833,-.1123132837785411,8502
898,0,sportsArea,-.0000509593410297,-.1123132837785411,8502
898,0,year14,-.0153238706641057,-.1123132837785411,8502
898,0,rice10,-.0300089096098762,-.1123132837785411,8502
898,0,ln_gdp_hist,-.0129084097107941,-.1123132837785411,8502
898,0,urban2000_10,-.0101734751605135,-.1123132837785411,8502
898,0,diff,-.1123132837785411,-.1123132837785411,8502
898,0,expl,-.1046118736455942,-.1123132837785411,8502
898,0,pr_0,.1229243542435424,-.1123132837785411,8502
898,0,pr_1,.2352376380220835,-.1123132837785411,8502
899,0,edu,-.0171815380097316,-.10235624521451,17073
899,0,plants,-.0403395582513585,-.10235624521451,17073
899,0,age,.0035100273961721,-.10235624521451,17073
899,0,gender,.0009412146951497,-.10235624521451,17073
899,0,marriage,.0007825650415439,-.10235624521451,17073
899,0,ln_income,-.0004770379345052,-.10235624521451,17073
899,0,health,-.0009422526996675,-.10235624521451,17073
899,0,sportsArea,.0049475495597207,-.10235624521451,17073
899,0,year14,-.010991947825604,-.10235624521451,17073
899,0,rice10,-.0451328413664606,-.10235624521451,17073
899,0,ln_gdp_hist,.0066605588477001,-.10235624521451,17073
899,0,urban2000_10,-.0007727755615006,-.10235624521451,17073
899,0,diff,-.10235624521451,-.10235624521451,17073
899,0,expl,-.0991462656857724,-.10235624521451,17073
899,0,pr_0,.1508594539939333,-.10235624521451,17073
899,0,pr_1,.2532156992084433,-.10235624521451,17073
900,0,edu,-.0048144419928926,-.0127996774607363,12855
900,0,plants,.0097962259248217,-.0127996774607363,12855
900,0,age,.0016519347614201,-.0127996774607363,12855
900,0,gender,.0000859246931731,-.0127996774607363,12855
900,0,marriage,-.0004310964868926,-.0127996774607363,12855
900,0,ln_income,.0001059450430761,-.0127996774607363,12855
900,0,health,-.0020920042052154,-.0127996774607363,12855
900,0,sportsArea,.0028542366880521,-.0127996774607363,12855
900,0,year14,-.001690260915188,-.0127996774607363,12855
900,0,rice10,-.0424814532972739,-.0127996774607363,12855
900,0,ln_gdp_hist,.0244552319069353,-.0127996774607363,12855
900,0,urban2000_10,-.0073941549395911,-.0127996774607363,12855
900,0,diff,-.0127996774607363,-.0127996774607363,12855
900,0,expl,-.020152592839733,-.0127996774607363,12855
900,0,pr_0,.1781223083548665,-.0127996774607363,12855
900,0,pr_1,.1909219858156028,-.0127996774607363,12855
901,0,edu,-.0034160392762961,-.0275841358195906,13528
901,0,plants,.0281316715226121,-.0275841358195906,13528
901,0,age,.0002862691575919,-.0275841358195906,13528
901,0,gender,-.0002166770184333,-.0275841358195906,13528
901,0,marriage,-.0004518730772881,-.0275841358195906,13528
901,0,ln_income,.0004664736881916,-.0275841358195906,13528
901,0,health,-.0008351918726703,-.0275841358195906,13528
901,0,sportsArea,.0036093956066869,-.0275841358195906,13528
901,0,year14,-.0039263476854746,-.0275841358195906,13528
901,0,rice10,-.0548275273165647,-.0275841358195906,13528
901,0,ln_gdp_hist,.0035416013994187,-.0275841358195906,13528
901,0,urban2000_10,.0002907160997296,-.0275841358195906,13528
901,0,diff,-.0275841358195906,-.0275841358195906,13528
901,0,expl,-.0272939054758051,-.0275841358195906,13528
901,0,pr_0,.1505736137667304,-.0275841358195906,13528
901,0,pr_1,.178157749586321,-.0275841358195906,13528
902,0,edu,-.0048986631507151,-.0370699195271206,17502
902,0,plants,.0106200952996115,-.0370699195271206,17502
902,0,age,.0001147660647175,-.0370699195271206,17502
902,0,gender,-.000029552980569,-.0370699195271206,17502
902,0,marriage,-.0017712974021764,-.0370699195271206,17502
902,0,ln_income,.0002144680826758,-.0370699195271206,17502
902,0,health,.000198855579056,-.0370699195271206,17502
902,0,sportsArea,.0036049628779649,-.0370699195271206,17502
902,0,year14,-.0065421526172863,-.0370699195271206,17502
902,0,rice10,-.0389003775736071,-.0370699195271206,17502
902,0,ln_gdp_hist,.0098274133760876,-.0370699195271206,17502
902,0,urban2000_10,-.010729314193234,-.0370699195271206,17502
902,0,diff,-.0370699195271206,-.0370699195271206,17502
902,0,expl,-.0382783753583106,-.0370699195271206,17502
902,0,pr_0,.1547897196261682,-.0370699195271206,17502
902,0,pr_1,.1918596391532888,-.0370699195271206,17502
903,0,edu,-.0055073532622874,-.0526039785545572,10579
903,0,plants,-.0003038310295051,-.0526039785545572,10579
903,0,age,.0003425176616225,-.0526039785545572,10579
903,0,gender,.0001995875556553,-.0526039785545572,10579
903,0,marriage,-.0010460635496809,-.0526039785545572,10579
903,0,ln_income,.0006542802432543,-.0526039785545572,10579
903,0,health,.0002481448992199,-.0526039785545572,10579
903,0,sportsArea,.0021816710698661,-.0526039785545572,10579
903,0,year14,-.0021185493988573,-.0526039785545572,10579
903,0,rice10,-.05128844480143,-.0526039785545572,10579
903,0,ln_gdp_hist,.0075745631988798,-.0526039785545572,10579
903,0,urban2000_10,-.0029214044766597,-.0526039785545572,10579
903,0,diff,-.0526039785545572,-.0526039785545572,10579
903,0,expl,-.0520288244026028,-.0526039785545572,10579
903,0,pr_0,.1374424371236274,-.0526039785545572,10579
903,0,pr_1,.1900464156781846,-.0526039785545572,10579
904,0,edu,-.0021103295728556,-.0242464410237141,16921
904,0,plants,.0112975720184506,-.0242464410237141,16921
904,0,age,.0000560962332039,-.0242464410237141,16921
904,0,gender,.0002341477205275,-.0242464410237141,16921
904,0,marriage,-.0004520529659656,-.0242464410237141,16921
904,0,ln_income,.0001987013508874,-.0242464410237141,16921
904,0,health,-.0003017177416334,-.0242464410237141,16921
904,0,sportsArea,.0061579230074477,-.0242464410237141,16921
904,0,year14,-.0001741898056903,-.0242464410237141,16921
904,0,rice10,-.0402478388621641,-.0242464410237141,16921
904,0,ln_gdp_hist,.0299433923541697,-.0242464410237141,16921
904,0,urban2000_10,-.023766843555134,-.0242464410237141,16921
904,0,diff,-.0242464410237141,-.0242464410237141,16921
904,0,expl,-.019316457171889,-.0242464410237141,16921
904,0,pr_0,.1592611083374938,-.0242464410237141,16921
904,0,pr_1,.1835075493612079,-.0242464410237141,16921
905,0,edu,-.0083078269817324,-.0615735494804812,21277
905,0,plants,.0283005372136227,-.0615735494804812,21277
905,0,age,.0014654926770907,-.0615735494804812,21277
905,0,gender,.0007640387949932,-.0615735494804812,21277
905,0,marriage,.0002096171131442,-.0615735494804812,21277
905,0,ln_income,-.0000461865112825,-.0615735494804812,21277
905,0,health,-.0012545882491192,-.0615735494804812,21277
905,0,sportsArea,.0039357252790354,-.0615735494804812,21277
905,0,year14,-.008372016488372,-.0615735494804812,21277
905,0,rice10,-.0559422223933268,-.0615735494804812,21277
905,0,ln_gdp_hist,.0172236184278275,-.0615735494804812,21277
905,0,urban2000_10,-.0371863386736313,-.0615735494804812,21277
905,0,diff,-.0615735494804812,-.0615735494804812,21277
905,0,expl,-.0593393514734191,-.0615735494804812,21277
905,0,pr_0,.1525037936267071,-.0615735494804812,21277
905,0,pr_1,.2140773431071883,-.0615735494804812,21277
906,0,edu,-.0209145434133764,-.1069003452284407,12203
906,0,plants,.009339424297713,-.1069003452284407,12203
906,0,age,-.0015814561266392,-.1069003452284407,12203
906,0,gender,.001082720942313,-.1069003452284407,12203
906,0,marriage,.0007640679282777,-.1069003452284407,12203
906,0,ln_income,-.0000275309121909,-.1069003452284407,12203
906,0,health,-.0019262991193521,-.1069003452284407,12203
906,0,sportsArea,.0038834236447162,-.1069003452284407,12203
906,0,year14,-.0111347615213715,-.1069003452284407,12203
906,0,rice10,-.0607132412630962,-.1069003452284407,12203
906,0,ln_gdp_hist,-.0166104246497118,-.1069003452284407,12203
906,0,urban2000_10,.0058880450067592,-.1069003452284407,12203
906,0,diff,-.1069003452284407,-.1069003452284407,12203
906,0,expl,-.0919463411447495,-.1069003452284407,12203
906,0,pr_0,.1179596174282678,-.1069003452284407,12203
906,0,pr_1,.2248599626567085,-.1069003452284407,12203
907,0,edu,-.0197189774933769,-.105767161367078,10897
907,0,plants,-.0226467332273895,-.105767161367078,10897
907,0,age,.0059051583013643,-.105767161367078,10897
907,0,gender,.0014918761127094,-.105767161367078,10897
907,0,marriage,-.0006127026861483,-.105767161367078,10897
907,0,ln_income,-.0007220565501647,-.105767161367078,10897
907,0,health,-.0002599845389006,-.105767161367078,10897
907,0,sportsArea,-.007906797390441,-.105767161367078,10897
907,0,year14,-.0185951442301013,-.105767161367078,10897
907,0,rice10,-.0320046432480295,-.105767161367078,10897
907,0,ln_gdp_hist,-.0072210518683798,-.105767161367078,10897
907,0,urban2000_10,-.0015329692090239,-.105767161367078,10897
907,0,diff,-.105767161367078,-.105767161367078,10897
907,0,expl,-.1038292782131638,-.105767161367078,10897
907,0,pr_0,.1498917748917749,-.105767161367078,10897
907,0,pr_1,.2556589362588529,-.105767161367078,10897
908,0,edu,-.0174574858260158,-.1092004032610898,9456
908,0,plants,-.023305651572309,-.1092004032610898,9456
908,0,age,.0011395919975251,-.1092004032610898,9456
908,0,gender,.0014301808918549,-.1092004032610898,9456
908,0,marriage,-.0002466035227051,-.1092004032610898,9456
908,0,ln_income,-.0000530335513109,-.1092004032610898,9456
908,0,health,-.0010221427366857,-.1092004032610898,9456
908,0,sportsArea,.0050224922911725,-.1092004032610898,9456
908,0,year14,-.0121873969658864,-.1092004032610898,9456
908,0,rice10,-.0514989113406123,-.1092004032610898,9456
908,0,ln_gdp_hist,-.0101274456936703,-.1092004032610898,9456
908,0,urban2000_10,.0000353860199124,-.1092004032610898,9456
908,0,diff,-.1092004032610898,-.1092004032610898,9456
908,0,expl,-.1084330370025635,-.1092004032610898,9456
908,0,pr_0,.1416755602988261,-.1092004032610898,9456
908,0,pr_1,.2508759635599159,-.1092004032610898,9456
909,0,edu,-.0111583039970175,-.0675067670093949,9688
909,0,plants,.01013753628517,-.0675067670093949,9688
909,0,age,.0017359599944248,-.0675067670093949,9688
909,0,gender,.0012910322063323,-.0675067670093949,9688
909,0,marriage,.0015420254325839,-.0675067670093949,9688
909,0,ln_income,.0001104909146308,-.0675067670093949,9688
909,0,health,-.0023936659756102,-.0675067670093949,9688
909,0,sportsArea,.0003841725756562,-.0675067670093949,9688
909,0,year14,-.0143038472495307,-.0675067670093949,9688
909,0,rice10,-.0492487399728882,-.0675067670093949,9688
909,0,ln_gdp_hist,-.0058754922535797,-.0675067670093949,9688
909,0,urban2000_10,-.0000275516107532,-.0675067670093949,9688
909,0,diff,-.0675067670093949,-.0675067670093949,9688
909,0,expl,-.0676530920027903,-.0675067670093949,9688
909,0,pr_0,.154982709839673,-.0675067670093949,9688
909,0,pr_1,.2224894768490679,-.0675067670093949,9688
910,0,edu,-.0077563758410712,-.0378644314169941,11017
910,0,plants,.024539915646537,-.0378644314169941,11017
910,0,age,.0001698497147459,-.0378644314169941,11017
910,0,gender,.0000567424174071,-.0378644314169941,11017
910,0,marriage,-.0011888344953847,-.0378644314169941,11017
910,0,ln_income,.0004561835256809,-.0378644314169941,11017
910,0,health,-.0002390676498251,-.0378644314169941,11017
910,0,sportsArea,.004160965809445,-.0378644314169941,11017
910,0,year14,.0001003943777958,-.0378644314169941,11017
910,0,rice10,-.0617847511731553,-.0378644314169941,11017
910,0,ln_gdp_hist,-.000472181853484,-.0378644314169941,11017
910,0,urban2000_10,.0006896998738635,-.0378644314169941,11017
910,0,diff,-.0378644314169941,-.0378644314169941,11017
910,0,expl,-.0414859871739161,-.0378644314169941,11017
910,0,pr_0,.1449738524113887,-.0378644314169941,11017
910,0,pr_1,.1828382838283828,-.0378644314169941,11017
911,0,edu,.0020802308638263,-.0205065994026603,9679
911,0,plants,-.0099234420699855,-.0205065994026603,9679
911,0,age,-.0014053160555522,-.0205065994026603,9679
911,0,gender,-.0002648445303951,-.0205065994026603,9679
911,0,marriage,-.0003363198503321,-.0205065994026603,9679
911,0,ln_income,.0000907293458329,-.0205065994026603,9679
911,0,health,.0001479507557907,-.0205065994026603,9679
911,0,sportsArea,.012888206008824,-.0205065994026603,9679
911,0,year14,.0015289401151375,-.0205065994026603,9679
911,0,rice10,-.0561050012884861,-.0205065994026603,9679
911,0,ln_gdp_hist,.0289557638036569,-.0205065994026603,9679
911,0,urban2000_10,.0043296505967085,-.0205065994026603,9679
911,0,diff,-.0205065994026603,-.0205065994026603,9679
911,0,expl,-.0181082826685405,-.0205065994026603,9679
911,0,pr_0,.1592465753424658,-.0205065994026603,9679
911,0,pr_1,.1797531747451261,-.0205065994026603,9679
912,0,edu,-.0047518106178727,-.0469608174445552,13848
912,0,plants,.0436023296897694,-.0469608174445552,13848
912,0,age,.0001575277832927,-.0469608174445552,13848
912,0,gender,.0002103146940046,-.0469608174445552,13848
912,0,marriage,-.0014703409196321,-.0469608174445552,13848
912,0,ln_income,.0007519438420494,-.0469608174445552,13848
912,0,health,-.0003088100704859,-.0469608174445552,13848
912,0,sportsArea,.0040802847983067,-.0469608174445552,13848
912,0,year14,-.009411038758099,-.0469608174445552,13848
912,0,rice10,-.0935715790792808,-.0469608174445552,13848
912,0,ln_gdp_hist,.0511500940346996,-.0469608174445552,13848
912,0,urban2000_10,-.0406543138034169,-.0469608174445552,13848
912,0,diff,-.0469608174445552,-.0469608174445552,13848
912,0,expl,-.0502670179467372,-.0469608174445552,13848
912,0,pr_0,.1537147736976943,-.0469608174445552,13848
912,0,pr_1,.2006755911422495,-.0469608174445552,13848
913,0,edu,-.0151086339981679,-.0979818837514277,9533
913,0,plants,-.0148431857905552,-.0979818837514277,9533
913,0,age,-.0001989208299826,-.0979818837514277,9533
913,0,gender,.0015050104819125,-.0979818837514277,9533
913,0,marriage,.0009371234674625,-.0979818837514277,9533
913,0,ln_income,-.0006128831091203,-.0979818837514277,9533
913,0,health,-.0013543509160982,-.0979818837514277,9533
913,0,sportsArea,.0055655487678226,-.0979818837514277,9533
913,0,year14,-.0147067421359216,-.0979818837514277,9533
913,0,rice10,-.0616535177741561,-.0979818837514277,9533
913,0,ln_gdp_hist,.0151784421209528,-.0979818837514277,9533
913,0,urban2000_10,-.0092096279901747,-.0979818837514277,9533
913,0,diff,-.0979818837514277,-.0979818837514277,9533
913,0,expl,-.094509149549018,-.0979818837514277,9533
913,0,pr_0,.1554383116883117,-.0979818837514277,9533
913,0,pr_1,.2534201954397394,-.0979818837514277,9533
914,0,edu,-.002351064832084,-.0187410099707152,18049
914,0,plants,-.0207126443463044,-.0187410099707152,18049
914,0,age,-.0018311084467407,-.0187410099707152,18049
914,0,gender,-.0001840984342454,-.0187410099707152,18049
914,0,marriage,-.001665055861001,-.0187410099707152,18049
914,0,ln_income,.0001890040308505,-.0187410099707152,18049
914,0,health,-.0000603473401975,-.0187410099707152,18049
914,0,sportsArea,.0021460891480477,-.0187410099707152,18049
914,0,year14,-.0041944904812985,-.0187410099707152,18049
914,0,rice10,-.0128710929607005,-.0187410099707152,18049
914,0,ln_gdp_hist,.0177249635221752,-.0187410099707152,18049
914,0,urban2000_10,.0058663959418789,-.0187410099707152,18049
914,0,diff,-.0187410099707152,-.0187410099707152,18049
914,0,expl,-.017976171221048,-.0187410099707152,18049
914,0,pr_0,.1466814159292035,-.0187410099707152,18049
914,0,pr_1,.1654224258999187,-.0187410099707152,18049
915,0,edu,-.0077487068282737,-.0592982172151912,11572
915,0,plants,-.0291155782378943,-.0592982172151912,11572
915,0,age,-.0002958954843034,-.0592982172151912,11572
915,0,gender,.0004446592323804,-.0592982172151912,11572
915,0,marriage,-.0005299160219937,-.0592982172151912,11572
915,0,ln_income,-.0002979645550275,-.0592982172151912,11572
915,0,health,-.000383564924275,-.0592982172151912,11572
915,0,sportsArea,.0048299593761677,-.0592982172151912,11572
915,0,year14,-.0052790018787751,-.0592982172151912,11572
915,0,rice10,-.016833337330679,-.0592982172151912,11572
915,0,ln_gdp_hist,-.0006172805885634,-.0592982172151912,11572
915,0,urban2000_10,-.0007220420069929,-.0592982172151912,11572
915,0,diff,-.0592982172151912,-.0592982172151912,11572
915,0,expl,-.0565852409765594,-.0592982172151912,11572
915,0,pr_0,.1285099405615905,-.0592982172151912,11572
915,0,pr_1,.1878081577767817,-.0592982172151912,11572
916,0,edu,-.0140183154080281,-.0870544595479152,17533
916,0,plants,-.0256764175195739,-.0870544595479152,17533
916,0,age,.0029329711718892,-.0870544595479152,17533
916,0,gender,.0000954243709853,-.0870544595479152,17533
916,0,marriage,-.0001938650217209,-.0870544595479152,17533
916,0,ln_income,.0001986985826958,-.0870544595479152,17533
916,0,health,-.00036584099446,-.0870544595479152,17533
916,0,sportsArea,.0000503939350403,-.0870544595479152,17533
916,0,year14,-.0106960031353986,-.0870544595479152,17533
916,0,rice10,-.0267311604247082,-.0870544595479152,17533
916,0,ln_gdp_hist,.005434627137095,-.0870544595479152,17533
916,0,urban2000_10,-.0082053211672106,-.0870544595479152,17533
916,0,diff,-.0870544595479152,-.0870544595479152,17533
916,0,expl,-.0772980197711322,-.0870544595479152,17533
916,0,pr_0,.1403865717192269,-.0870544595479152,17533
916,0,pr_1,.2274410312671421,-.0870544595479152,17533
917,0,edu,-.0104718076083992,-.0614656197836588,18736
917,0,plants,-.0005593566632499,-.0614656197836588,18736
917,0,age,.0000168165107395,-.0614656197836588,18736
917,0,gender,.0005292423698903,-.0614656197836588,18736
917,0,marriage,.0001232149994999,-.0614656197836588,18736
917,0,ln_income,.0000185200044893,-.0614656197836588,18736
917,0,health,-.0006919658591597,-.0614656197836588,18736
917,0,sportsArea,.0075547378879933,-.0614656197836588,18736
917,0,year14,-.0037970706768955,-.0614656197836588,18736
917,0,rice10,-.0391576704945339,-.0614656197836588,18736
917,0,ln_gdp_hist,.0112802033353763,-.0614656197836588,18736
917,0,urban2000_10,-.0241833201981099,-.0614656197836588,18736
917,0,diff,-.0614656197836588,-.0614656197836588,18736
917,0,expl,-.0594571879536328,-.0614656197836588,18736
917,0,pr_0,.1508026593157127,-.0614656197836588,18736
917,0,pr_1,.2122682790993715,-.0614656197836588,18736
918,0,edu,-.0050535436538567,-.0749534094228812,14665
918,0,plants,-.0192028069642176,-.0749534094228812,14665
918,0,age,-.0012422458639431,-.0749534094228812,14665
918,0,gender,.0000966305649964,-.0749534094228812,14665
918,0,marriage,-.0005380395725871,-.0749534094228812,14665
918,0,ln_income,.0002151336609414,-.0749534094228812,14665
918,0,health,.000037201179473,-.0749534094228812,14665
918,0,sportsArea,.0069359294782315,-.0749534094228812,14665
918,0,year14,-.0053106781403088,-.0749534094228812,14665
918,0,rice10,-.0493322056375612,-.0749534094228812,14665
918,0,ln_gdp_hist,.0047510314365953,-.0749534094228812,14665
918,0,urban2000_10,-.0007412732441564,-.0749534094228812,14665
918,0,diff,-.0749534094228812,-.0749534094228812,14665
918,0,expl,-.0693106124957828,-.0749534094228812,14665
918,0,pr_0,.1367924528301887,-.0749534094228812,14665
918,0,pr_1,.2117458622530699,-.0749534094228812,14665
919,0,edu,-.0049374533995549,-.05252441454573,15321
919,0,plants,-.0045601467126791,-.05252441454573,15321
919,0,age,-.0018547342523597,-.05252441454573,15321
919,0,gender,.0003033215545901,-.05252441454573,15321
919,0,marriage,-.0018941767416452,-.05252441454573,15321
919,0,ln_income,.0002385948541807,-.05252441454573,15321
919,0,health,-.0000552178948232,-.05252441454573,15321
919,0,sportsArea,.0083615078393418,-.05252441454573,15321
919,0,year14,-.0019776207200633,-.05252441454573,15321
919,0,rice10,-.0406592718268181,-.05252441454573,15321
919,0,ln_gdp_hist,-.0013144920881398,-.05252441454573,15321
919,0,urban2000_10,-.0021106216812391,-.05252441454573,15321
919,0,diff,-.05252441454573,-.05252441454573,15321
919,0,expl,-.0504670273990683,-.05252441454573,15321
919,0,pr_0,.1220317984720215,-.05252441454573,15321
919,0,pr_1,.1745562130177515,-.05252441454573,15321
920,0,edu,-.0049871667562871,-.0356594243333148,15005
920,0,plants,-.0194052473077709,-.0356594243333148,15005
920,0,age,-.0011592954748811,-.0356594243333148,15005
920,0,gender,-.0000567847857376,-.0356594243333148,15005
920,0,marriage,-.0017749736190397,-.0356594243333148,15005
920,0,ln_income,.0002401984223404,-.0356594243333148,15005
920,0,health,.0006019106649072,-.0356594243333148,15005
920,0,sportsArea,.0049527135242571,-.0356594243333148,15005
920,0,year14,-.0003016244936062,-.0356594243333148,15005
920,0,rice10,-.0354645344078868,-.0356594243333148,15005
920,0,ln_gdp_hist,.0168831023572393,-.0356594243333148,15005
920,0,urban2000_10,.0008636750969821,-.0356594243333148,15005
920,0,diff,-.0356594243333148,-.0356594243333148,15005
920,0,expl,-.0396505646330253,-.0356594243333148,15005
920,0,pr_0,.1473884542186509,-.0356594243333148,15005
920,0,pr_1,.1830478785519657,-.0356594243333148,15005
921,0,edu,-.0144856574263329,-.092057773384204,14161
921,0,plants,-.0138589065281996,-.092057773384204,14161
921,0,age,.0005191977880066,-.092057773384204,14161
921,0,gender,.0012043261013255,-.092057773384204,14161
921,0,marriage,.0010744425322189,-.092057773384204,14161
921,0,ln_income,-.0003103893754433,-.092057773384204,14161
921,0,health,-.0015713040561354,-.092057773384204,14161
921,0,sportsArea,.0035788263286991,-.092057773384204,14161
921,0,year14,-.0110833890889683,-.092057773384204,14161
921,0,rice10,-.0460529589324152,-.092057773384204,14161
921,0,ln_gdp_hist,-.0045656811832023,-.092057773384204,14161
921,0,urban2000_10,.0000585844004049,-.092057773384204,14161
921,0,diff,-.092057773384204,-.092057773384204,14161
921,0,expl,-.0855193929551971,-.092057773384204,14161
921,0,pr_0,.1437253114554846,-.092057773384204,14161
921,0,pr_1,.2357830848396886,-.092057773384204,14161
922,0,edu,-.0134327444721903,-.0933551822137118,18315
922,0,plants,-.0293485910563463,-.0933551822137118,18315
922,0,age,.0011826075386549,-.0933551822137118,18315
922,0,gender,.0005109259347875,-.0933551822137118,18315
922,0,marriage,-.0011490401975681,-.0933551822137118,18315
922,0,ln_income,.0001408658232541,-.0933551822137118,18315
922,0,health,-.0002579391974795,-.0933551822137118,18315
922,0,sportsArea,.0046290008147802,-.0933551822137118,18315
922,0,year14,-.0066736524285011,-.0933551822137118,18315
922,0,rice10,-.0404550303009847,-.0933551822137118,18315
922,0,ln_gdp_hist,-.004229938920251,-.0933551822137118,18315
922,0,urban2000_10,-.0024353180633897,-.0933551822137118,18315
922,0,diff,-.0933551822137118,-.0933551822137118,18315
922,0,expl,-.0914726426992603,-.0933551822137118,18315
922,0,pr_0,.1322740404457284,-.0933551822137118,18315
922,0,pr_1,.2256292226594402,-.0933551822137118,18315
923,0,edu,-.0024035579140882,-.0389145168911508,13914
923,0,plants,-.0338034380822593,-.0389145168911508,13914
923,0,age,.0007775564025665,-.0389145168911508,13914
923,0,gender,-.000064406165672,-.0389145168911508,13914
923,0,marriage,.0000802744857948,-.0389145168911508,13914
923,0,ln_income,.0000948792538153,-.0389145168911508,13914
923,0,health,-.0009020696487416,-.0389145168911508,13914
923,0,sportsArea,.007896977809198,-.0389145168911508,13914
923,0,year14,-.0025591811111938,-.0389145168911508,13914
923,0,rice10,-.0609058712190134,-.0389145168911508,13914
923,0,ln_gdp_hist,.0927298237903194,-.0389145168911508,13914
923,0,urban2000_10,-.0374180755625478,-.0389145168911508,13914
923,0,diff,-.0389145168911508,-.0389145168911508,13914
923,0,expl,-.0364342664249622,-.0389145168911508,13914
923,0,pr_0,.1708283789139913,-.0389145168911508,13914
923,0,pr_1,.2097428958051421,-.0389145168911508,13914
924,0,edu,-.0099501240285429,-.080405971210569,7552
924,0,plants,-.008727298339866,-.080405971210569,7552
924,0,age,.0017971281926122,-.080405971210569,7552
924,0,gender,.0003898492090658,-.080405971210569,7552
924,0,marriage,.0005744960114825,-.080405971210569,7552
924,0,ln_income,-.0001711759060787,-.080405971210569,7552
924,0,health,-.0020258262192066,-.080405971210569,7552
924,0,sportsArea,.0001018418823097,-.080405971210569,7552
924,0,year14,-.0115820989123694,-.080405971210569,7552
924,0,rice10,-.044550206439382,-.080405971210569,7552
924,0,ln_gdp_hist,-.0015496341070725,-.080405971210569,7552
924,0,urban2000_10,.002678680284394,-.080405971210569,7552
924,0,diff,-.080405971210569,-.080405971210569,7552
924,0,expl,-.0729279606862833,-.080405971210569,7552
924,0,pr_0,.146384479717813,-.080405971210569,7552
924,0,pr_1,.226790450928382,-.080405971210569,7552
925,0,edu,-.0095651612117068,-.0802606075450033,22499
925,0,plants,-.0608924093176912,-.0802606075450033,22499
925,0,age,.0028502875662006,-.0802606075450033,22499
925,0,gender,.0004758561537694,-.0802606075450033,22499
925,0,marriage,.0013438715514208,-.0802606075450033,22499
925,0,ln_income,-.0003067806245054,-.0802606075450033,22499
925,0,health,-.0014307613513577,-.0802606075450033,22499
925,0,sportsArea,.0087428721618409,-.0802606075450033,22499
925,0,year14,-.0051948033308146,-.0802606075450033,22499
925,0,rice10,-.0596133347746106,-.0802606075450033,22499
925,0,ln_gdp_hist,.0163395249982306,-.0802606075450033,22499
925,0,urban2000_10,.0275776656514026,-.0802606075450033,22499
925,0,diff,-.0802606075450033,-.0802606075450033,22499
925,0,expl,-.0796358997594963,-.0802606075450033,22499
925,0,pr_0,.1729490022172949,-.0802606075450033,22499
925,0,pr_1,.2532096097622982,-.0802606075450033,22499
926,0,edu,-.0014588101244779,-.0090020552080923,14431
926,0,plants,.0109953246387557,-.0090020552080923,14431
926,0,age,-.001412888946666,-.0090020552080923,14431
926,0,gender,-.0004176377857929,-.0090020552080923,14431
926,0,marriage,-.0018307455535747,-.0090020552080923,14431
926,0,ln_income,.0006807949509131,-.0090020552080923,14431
926,0,health,-.000379905397746,-.0090020552080923,14431
926,0,sportsArea,.0063399800921416,-.0090020552080923,14431
926,0,year14,.0008172379560777,-.0090020552080923,14431
926,0,rice10,-.0499835846339591,-.0090020552080923,14431
926,0,ln_gdp_hist,.0244131456195457,-.0090020552080923,14431
926,0,urban2000_10,-.0000300244868237,-.0090020552080923,14431
926,0,diff,-.0090020552080923,-.0090020552080923,14431
926,0,expl,-.0123549466450611,-.0090020552080923,14431
926,0,pr_0,.1564872325741891,-.0090020552080923,14431
926,0,pr_1,.1654892877822814,-.0090020552080923,14431
927,0,edu,-.0101997061144913,-.0454221040442239,11731
927,0,plants,.0100155737710744,-.0454221040442239,11731
927,0,age,.0020279723933001,-.0454221040442239,11731
927,0,gender,.000436984554404,-.0454221040442239,11731
927,0,marriage,-.0007533715636151,-.0454221040442239,11731
927,0,ln_income,.0002256490854135,-.0454221040442239,11731
927,0,health,-.0011881336557212,-.0454221040442239,11731
927,0,sportsArea,.0021235546535278,-.0454221040442239,11731
927,0,year14,-.0093649593297217,-.0454221040442239,11731
927,0,rice10,-.0293865978071028,-.0454221040442239,11731
927,0,ln_gdp_hist,-.0083750192302988,-.0454221040442239,11731
927,0,urban2000_10,.0011177746646497,-.0454221040442239,11731
927,0,diff,-.0454221040442239,-.0454221040442239,11731
927,0,expl,-.0431902643035846,-.0454221040442239,11731
927,0,pr_0,.1432640273426374,-.0454221040442239,11731
927,0,pr_1,.1886861313868613,-.0454221040442239,11731
928,0,edu,-.0025392869113692,-.0168542067700974,19366
928,0,plants,.0023746125693465,-.0168542067700974,19366
928,0,age,-.0011138730377802,-.0168542067700974,19366
928,0,gender,-.0001725790197001,-.0168542067700974,19366
928,0,marriage,-.0006459887649766,-.0168542067700974,19366
928,0,ln_income,.0000451238382157,-.0168542067700974,19366
928,0,health,.000117664112948,-.0168542067700974,19366
928,0,sportsArea,.0071729502856821,-.0168542067700974,19366
928,0,year14,.0028430616907547,-.0168542067700974,19366
928,0,rice10,-.0378472143842667,-.0168542067700974,19366
928,0,ln_gdp_hist,.0062575935433589,-.0168542067700974,19366
928,0,urban2000_10,.0101173704034228,-.0168542067700974,19366
928,0,diff,-.0168542067700974,-.0168542067700974,19366
928,0,expl,-.0131774072408464,-.0168542067700974,19366
928,0,pr_0,.1473259334006055,-.0168542067700974,19366
928,0,pr_1,.1641801401707029,-.0168542067700974,19366
929,0,edu,.0028760630201745,.0062741695289794,18501
929,0,plants,.030156902853409,.0062741695289794,18501
929,0,age,-.0034998049371328,.0062741695289794,18501
929,0,gender,-.0007864620834477,.0062741695289794,18501
929,0,marriage,-.0016263550044851,.0062741695289794,18501
929,0,ln_income,.0002915861629702,.0062741695289794,18501
929,0,health,-.0000253528967297,.0062741695289794,18501
929,0,sportsArea,.0046973894087904,.0062741695289794,18501
929,0,year14,.0017348926508834,.0062741695289794,18501
929,0,rice10,-.0602366149150503,.0062741695289794,18501
929,0,ln_gdp_hist,.0464823148003487,.0062741695289794,18501
929,0,urban2000_10,-.0150199182982669,.0062741695289794,18501
929,0,diff,.0062741695289794,.0062741695289794,18501
929,0,expl,.0050244260686364,.0062741695289794,18501
929,0,pr_0,.1654411764705882,.0062741695289794,18501
929,0,pr_1,.1591670069416088,.0062741695289794,18501
930,0,edu,-.0138938632099398,-.0827967027827455,12946
930,0,plants,.0064561940828673,-.0827967027827455,12946
930,0,age,.0002602970941446,-.0827967027827455,12946
930,0,gender,.0006980011835523,-.0827967027827455,12946
930,0,marriage,.0005544153162655,-.0827967027827455,12946
930,0,ln_income,.000201595022165,-.0827967027827455,12946
930,0,health,-.0017509819837276,-.0827967027827455,12946
930,0,sportsArea,.0041663115626555,-.0827967027827455,12946
930,0,year14,-.0122940366157817,-.0827967027827455,12946
930,0,rice10,-.0500074728137601,-.0827967027827455,12946
930,0,ln_gdp_hist,-.006426708290152,-.0827967027827455,12946
930,0,urban2000_10,-.0061267012422046,-.0827967027827455,12946
930,0,diff,-.0827967027827455,-.0827967027827455,12946
930,0,expl,-.0781211685698284,-.0827967027827455,12946
930,0,pr_0,.155489406408685,-.0827967027827455,12946
930,0,pr_1,.2382861091914305,-.0827967027827455,12946
931,0,edu,-.0138176902737548,-.1267334312986997,10527
931,0,plants,-.0455904605163119,-.1267334312986997,10527
931,0,age,-.0012429605665776,-.1267334312986997,10527
931,0,gender,.000617519354209,-.1267334312986997,10527
931,0,marriage,-.0003515125691769,-.1267334312986997,10527
931,0,ln_income,.0002803859577834,-.1267334312986997,10527
931,0,health,-.0010697921176389,-.1267334312986997,10527
931,0,sportsArea,.0082183013432221,-.1267334312986997,10527
931,0,year14,-.0100301703037872,-.1267334312986997,10527
931,0,rice10,-.0467481875331237,-.1267334312986997,10527
931,0,ln_gdp_hist,-.006011260745688,-.1267334312986997,10527
931,0,urban2000_10,-.0033813770500028,-.1267334312986997,10527
931,0,diff,-.1267334312986997,-.1267334312986997,10527
931,0,expl,-.1191340074804244,-.1267334312986997,10527
931,0,pr_0,.1214935190559102,-.1267334312986997,10527
931,0,pr_1,.2482269503546099,-.1267334312986997,10527
932,0,edu,.0026213343826537,-.0173590357146744,18289
932,0,plants,-.0360195146804938,-.0173590357146744,18289
932,0,age,.0004175089842523,-.0173590357146744,18289
932,0,gender,-.0001442469030744,-.0173590357146744,18289
932,0,marriage,-.0002315198641314,-.0173590357146744,18289
932,0,ln_income,.0000234589261614,-.0173590357146744,18289
932,0,health,-2.36784278314e-06,-.0173590357146744,18289
932,0,sportsArea,.0072183006677047,-.0173590357146744,18289
932,0,year14,.0010883321998179,-.0173590357146744,18289
932,0,rice10,-.0137350369919194,-.0173590357146744,18289
932,0,ln_gdp_hist,.0409580938038183,-.0173590357146744,18289
932,0,urban2000_10,-.0151880058351685,-.0173590357146744,18289
932,0,diff,-.0173590357146744,-.0173590357146744,18289
932,0,expl,-.0128777512347575,-.0173590357146744,18289
932,0,pr_0,.1672551570340086,-.0173590357146744,18289
932,0,pr_1,.184614192748683,-.0173590357146744,18289
933,0,edu,-.0117529259423466,-.0531513354678065,13703
933,0,plants,.0433927284880156,-.0531513354678065,13703
933,0,age,.0030465205509656,-.0531513354678065,13703
933,0,gender,.0003828869239661,-.0531513354678065,13703
933,0,marriage,-.0016472762824685,-.0531513354678065,13703
933,0,ln_income,.0006690676670855,-.0531513354678065,13703
933,0,health,-.0004037076190227,-.0531513354678065,13703
933,0,sportsArea,-.0014059842255941,-.0531513354678065,13703
933,0,year14,-.0192599336846918,-.0531513354678065,13703
933,0,rice10,-.0535447172015043,-.0531513354678065,13703
933,0,ln_gdp_hist,-.0089130420908244,-.0531513354678065,13703
933,0,urban2000_10,-.0033912807794563,-.0531513354678065,13703
933,0,diff,-.0531513354678065,-.0531513354678065,13703
933,0,expl,-.0524596022969908,-.0531513354678065,13703
933,0,pr_0,.1531420089064819,-.0531513354678065,13703
933,0,pr_1,.2062933443742884,-.0531513354678065,13703
934,0,edu,.0009330844482354,-.0166574753689708,19848
934,0,plants,-.0255007495169252,-.0166574753689708,19848
934,0,age,-.0028286754271721,-.0166574753689708,19848
934,0,gender,-.0007261988913628,-.0166574753689708,19848
934,0,marriage,-.0017431055328338,-.0166574753689708,19848
934,0,ln_income,-3.17060894492e-06,-.0166574753689708,19848
934,0,health,.0003518901092927,-.0166574753689708,19848
934,0,sportsArea,.0059905982711768,-.0166574753689708,19848
934,0,year14,-.0006430104723946,-.0166574753689708,19848
934,0,rice10,-.0276512897219157,-.0166574753689708,19848
934,0,ln_gdp_hist,-.0119355306162054,-.0166574753689708,19848
934,0,urban2000_10,.0479008474199608,-.0166574753689708,19848
934,0,diff,-.0166574753689708,-.0166574753689708,19848
934,0,expl,-.0158349206886122,-.0166574753689708,19848
934,0,pr_0,.1486220472440945,-.0166574753689708,19848
934,0,pr_1,.1652795226130653,-.0166574753689708,19848
935,0,edu,-.0065824859670742,-.0567579901031058,15596
935,0,plants,-.037404661709097,-.0567579901031058,15596
935,0,age,.0007210837182593,-.0567579901031058,15596
935,0,gender,.0004390017766884,-.0567579901031058,15596
935,0,marriage,-.0002631460281623,-.0567579901031058,15596
935,0,ln_income,-.0002551371409522,-.0567579901031058,15596
935,0,health,-.0006173406019921,-.0567579901031058,15596
935,0,sportsArea,.0050008708657688,-.0567579901031058,15596
935,0,year14,-.0073419189030324,-.0567579901031058,15596
935,0,rice10,-.0131222939505728,-.0567579901031058,15596
935,0,ln_gdp_hist,.0157289379555098,-.0567579901031058,15596
935,0,urban2000_10,-.0092727257362855,-.0567579901031058,15596
935,0,diff,-.0567579901031058,-.0567579901031058,15596
935,0,expl,-.052941413289559,-.0567579901031058,15596
935,0,pr_0,.1524189353216577,-.0567579901031058,15596
935,0,pr_1,.2091769254247635,-.0567579901031058,15596
936,0,edu,-.0050144221441952,-.0419119473693709,17446
936,0,plants,.0214768648879819,-.0419119473693709,17446
936,0,age,.0014100881785272,-.0419119473693709,17446
936,0,gender,.0000673887591635,-.0419119473693709,17446
936,0,marriage,-.0001960479524631,-.0419119473693709,17446
936,0,ln_income,.0001379260528487,-.0419119473693709,17446
936,0,health,-.0009274569159129,-.0419119473693709,17446
936,0,sportsArea,.0037690622333437,-.0419119473693709,17446
936,0,year14,-.0045349623758832,-.0419119473693709,17446
936,0,rice10,-.0658971477656244,-.0419119473693709,17446
936,0,ln_gdp_hist,.0335976027256679,-.0419119473693709,17446
936,0,urban2000_10,-.0275346382182878,-.0419119473693709,17446
936,0,diff,-.0419119473693709,-.0419119473693709,17446
936,0,expl,-.0435570426524204,-.0419119473693709,17446
936,0,pr_0,.1679099020038028,-.0419119473693709,17446
936,0,pr_1,.2098218493731737,-.0419119473693709,17446
937,0,edu,-.0113260047554376,-.1316912373925103,10124
937,0,plants,-.0770218727463137,-.1316912373925103,10124
937,0,age,.0088594690759912,-.1316912373925103,10124
937,0,gender,.0002921868403091,-.1316912373925103,10124
937,0,marriage,-.0009376971858662,-.1316912373925103,10124
937,0,ln_income,-.0037990142504279,-.1316912373925103,10124
937,0,health,-.000113403629355,-.1316912373925103,10124
937,0,sportsArea,-.0108400923169737,-.1316912373925103,10124
937,0,year14,-.013578986979522,-.1316912373925103,10124
937,0,rice10,-.0208681878153808,-.1316912373925103,10124
937,0,ln_gdp_hist,.0017257682156677,-.1316912373925103,10124
937,0,urban2000_10,.0009872379717915,-.1316912373925103,10124
937,0,diff,-.1316912373925103,-.1316912373925103,10124
937,0,expl,-.1265906573116605,-.1316912373925103,10124
937,0,pr_0,.1221653255303584,-.1316912373925103,10124
937,0,pr_1,.2538565629228687,-.1316912373925103,10124
938,0,edu,-.0108010863535864,-.0600164819163635,10010
938,0,plants,-.0468168069637627,-.0600164819163635,10010
938,0,age,.0050028228744362,-.0600164819163635,10010
938,0,gender,.0004546789016783,-.0600164819163635,10010
938,0,marriage,.0028340890539443,-.0600164819163635,10010
938,0,ln_income,-.0008447766707914,-.0600164819163635,10010
938,0,health,-.0062985458909761,-.0600164819163635,10010
938,0,sportsArea,.001246307066457,-.0600164819163635,10010
938,0,year14,-.0078339579323983,-.0600164819163635,10010
938,0,rice10,-.0460659536624753,-.0600164819163635,10010
938,0,ln_gdp_hist,.0148124502337081,-.0600164819163635,10010
938,0,urban2000_10,.0348008948517156,-.0600164819163635,10010
938,0,diff,-.0600164819163635,-.0600164819163635,10010
938,0,expl,-.0590846240054073,-.0600164819163635,10010
938,0,pr_0,.1884422110552764,-.0600164819163635,10010
938,0,pr_1,.2484586929716399,-.0600164819163635,10010
939,0,edu,-.0024544357059874,-.0358964213080635,22072
939,0,plants,-.0296604289964124,-.0358964213080635,22072
939,0,age,-.0011769592220054,-.0358964213080635,22072
939,0,gender,-.0002831326993827,-.0358964213080635,22072
939,0,marriage,-.0009120092015898,-.0358964213080635,22072
939,0,ln_income,.0000295403104953,-.0358964213080635,22072
939,0,health,.0004523015716635,-.0358964213080635,22072
939,0,sportsArea,.0080058557593307,-.0358964213080635,22072
939,0,year14,.0006882418932558,-.0358964213080635,22072
939,0,rice10,-.0290867552652029,-.0358964213080635,22072
939,0,ln_gdp_hist,.0313284715219828,-.0358964213080635,22072
939,0,urban2000_10,-.0075878378614479,-.0358964213080635,22072
939,0,diff,-.0358964213080635,-.0358964213080635,22072
939,0,expl,-.0303733053605471,-.0358964213080635,22072
939,0,pr_0,.1453311908587752,-.0358964213080635,22072
939,0,pr_1,.1812276121668387,-.0358964213080635,22072
940,0,edu,-.0059121096898692,-.0617290341608927,13512
940,0,plants,-.0204498327179465,-.0617290341608927,13512
940,0,age,.0019664715305164,-.0617290341608927,13512
940,0,gender,-.0001214197300158,-.0617290341608927,13512
940,0,marriage,.000121064695468,-.0617290341608927,13512
940,0,ln_income,-.0000410913858137,-.0617290341608927,13512
940,0,health,-.0013333970352299,-.0617290341608927,13512
940,0,sportsArea,.0021309702206569,-.0617290341608927,13512
940,0,year14,-.0064140864630074,-.0617290341608927,13512
940,0,rice10,-.0511992260475195,-.0617290341608927,13512
940,0,ln_gdp_hist,.0226166220103917,-.0617290341608927,13512
940,0,urban2000_10,.0018497642177732,-.0617290341608927,13512
940,0,diff,-.0617290341608927,-.0617290341608927,13512
940,0,expl,-.056703762421605,-.0617290341608927,13512
940,0,pr_0,.1472176079734219,-.0617290341608927,13512
940,0,pr_1,.2089466421343146,-.0617290341608927,13512
941,0,edu,-.0102922192703333,-.068250944182188,17332
941,0,plants,-.0227557518590437,-.068250944182188,17332
941,0,age,-.0003557785748246,-.068250944182188,17332
941,0,gender,.0000356114648654,-.068250944182188,17332
941,0,marriage,-.0001573262594866,-.068250944182188,17332
941,0,ln_income,.0002004294738201,-.068250944182188,17332
941,0,health,-.0007959277967561,-.068250944182188,17332
941,0,sportsArea,.007558225768426,-.068250944182188,17332
941,0,year14,-.0052729087449305,-.068250944182188,17332
941,0,rice10,-.044311425661299,-.068250944182188,17332
941,0,ln_gdp_hist,.0277813192845963,-.068250944182188,17332
941,0,urban2000_10,-.0154015353646012,-.068250944182188,17332
941,0,diff,-.068250944182188,-.068250944182188,17332
941,0,expl,-.0637117224321343,-.068250944182188,17332
941,0,pr_0,.1516966067864272,-.068250944182188,17332
941,0,pr_1,.2199475509686152,-.068250944182188,17332
942,0,edu,-.0114425091369199,-.1036728816329415,10497
942,0,plants,-.0342145413679582,-.1036728816329415,10497
942,0,age,-.0019705457598647,-.1036728816329415,10497
942,0,gender,.0005622492608767,-.1036728816329415,10497
942,0,marriage,.0004826914889994,-.1036728816329415,10497
942,0,ln_income,-.0003248808458522,-.1036728816329415,10497
942,0,health,-.0009825163108124,-.1036728816329415,10497
942,0,sportsArea,.0069612672441064,-.1036728816329415,10497
942,0,year14,-.012614697544238,-.1036728816329415,10497
942,0,rice10,-.0568116577736032,-.1036728816329415,10497
942,0,ln_gdp_hist,.0133930283791353,-.1036728816329415,10497
942,0,urban2000_10,-.0011827803763456,-.1036728816329415,10497
942,0,diff,-.1036728816329415,-.1036728816329415,10497
942,0,expl,-.0981322594319532,-.1036728816329415,10497
942,0,pr_0,.1502131287297528,-.1036728816329415,10497
942,0,pr_1,.2538860103626943,-.1036728816329415,10497
943,0,edu,-.0116757192922549,-.0850455606058992,14701
943,0,plants,-.0393363606907674,-.0850455606058992,14701
943,0,age,.0001083060722369,-.0850455606058992,14701
943,0,gender,.0010273491377847,-.0850455606058992,14701
943,0,marriage,.0008884583295575,-.0850455606058992,14701
943,0,ln_income,-.0000969546675597,-.0850455606058992,14701
943,0,health,-.0018767911085272,-.0850455606058992,14701
943,0,sportsArea,.0073606766899405,-.0850455606058992,14701
943,0,year14,-.0085951300038334,-.0850455606058992,14701
943,0,rice10,-.0359937514760411,-.0850455606058992,14701
943,0,ln_gdp_hist,.0088910773897752,-.0850455606058992,14701
943,0,urban2000_10,-.0001481613570383,-.0850455606058992,14701
943,0,diff,-.0850455606058992,-.0850455606058992,14701
943,0,expl,-.0794558902953537,-.0850455606058992,14701
943,0,pr_0,.1565809379727685,-.0850455606058992,14701
943,0,pr_1,.2416264985786677,-.0850455606058992,14701
944,0,edu,-.0111875992721311,-.0762830882676366,24603
944,0,plants,-.0219460476947952,-.0762830882676366,24603
944,0,age,-.0011335804618439,-.0762830882676366,24603
944,0,gender,.0003315605510569,-.0762830882676366,24603
944,0,marriage,-.0010353576182096,-.0762830882676366,24603
944,0,ln_income,.0001683453345094,-.0762830882676366,24603
944,0,health,.0001793945799881,-.0762830882676366,24603
944,0,sportsArea,.0083838534906138,-.0762830882676366,24603
944,0,year14,-.0038831345130848,-.0762830882676366,24603
944,0,rice10,-.0358205987343985,-.0762830882676366,24603
944,0,ln_gdp_hist,-.0048821298806722,-.0762830882676366,24603
944,0,urban2000_10,-.0022032501877164,-.0762830882676366,24603
944,0,diff,-.0762830882676366,-.0762830882676366,24603
944,0,expl,-.0728820191966384,-.0762830882676366,24603
944,0,pr_0,.1188679245283019,-.0762830882676366,24603
944,0,pr_1,.1951510127959385,-.0762830882676366,24603
945,0,edu,-.002352307332369,-.0355348277211916,10073
945,0,plants,-.0279533570504411,-.0355348277211916,10073
945,0,age,.0000921615983106,-.0355348277211916,10073
945,0,gender,-.0000508923510489,-.0355348277211916,10073
945,0,marriage,-.0005104322784008,-.0355348277211916,10073
945,0,ln_income,-.0002811507984543,-.0355348277211916,10073
945,0,health,-.0007357375076251,-.0355348277211916,10073
945,0,sportsArea,.0080554507272687,-.0355348277211916,10073
945,0,year14,-.0009324346513009,-.0355348277211916,10073
945,0,rice10,-.0358807531190914,-.0355348277211916,10073
945,0,ln_gdp_hist,.018777045485701,-.0355348277211916,10073
945,0,urban2000_10,.0074580930081501,-.0355348277211916,10073
945,0,diff,-.0355348277211916,-.0355348277211916,10073
945,0,expl,-.0343816685583251,-.0355348277211916,10073
945,0,pr_0,.1544410592922428,-.0355348277211916,10073
945,0,pr_1,.1899758870134344,-.0355348277211916,10073
946,0,edu,-.0058074743815968,-.055421477582897,17675
946,0,plants,.0128955453559373,-.055421477582897,17675
946,0,age,.0044878446398545,-.055421477582897,17675
946,0,gender,.0002377014316367,-.055421477582897,17675
946,0,marriage,-.0012149610063467,-.055421477582897,17675
946,0,ln_income,.0002431838034211,-.055421477582897,17675
946,0,health,-.0001928541101246,-.055421477582897,17675
946,0,sportsArea,.0011466124969066,-.055421477582897,17675
946,0,year14,-.010414977158479,-.055421477582897,17675
946,0,rice10,-.0418198460582426,-.055421477582897,17675
946,0,ln_gdp_hist,.0293221782451433,-.055421477582897,17675
946,0,urban2000_10,-.04109176256691,-.055421477582897,17675
946,0,diff,-.055421477582897,-.055421477582897,17675
946,0,expl,-.0521830313405529,-.055421477582897,17675
946,0,pr_0,.1575541173845124,-.055421477582897,17675
946,0,pr_1,.2129755949674094,-.055421477582897,17675
947,0,edu,-.0111234680344719,-.1038577182699207,12309
947,0,plants,-.0206805545946782,-.1038577182699207,12309
947,0,age,-.0021032778211135,-.1038577182699207,12309
947,0,gender,.0008017419143692,-.1038577182699207,12309
947,0,marriage,-.0000866268129187,-.1038577182699207,12309
947,0,ln_income,-.0005956452244795,-.1038577182699207,12309
947,0,health,.000176122447887,-.1038577182699207,12309
947,0,sportsArea,.0042624637806817,-.1038577182699207,12309
947,0,year14,-.009054120488876,-.1038577182699207,12309
947,0,rice10,-.0600752112787991,-.1038577182699207,12309
947,0,ln_gdp_hist,.0026971401480596,-.1038577182699207,12309
947,0,urban2000_10,.0019889152583424,-.1038577182699207,12309
947,0,diff,-.1038577182699207,-.1038577182699207,12309
947,0,expl,-.0938905510345136,-.1038577182699207,12309
947,0,pr_0,.144915932746197,-.1038577182699207,12309
947,0,pr_1,.2487736510161177,-.1038577182699207,12309
948,0,edu,-.0193819960308851,-.1280659060504308,14032
948,0,plants,-.0280864701779054,-.1280659060504308,14032
948,0,age,-.0002114010406541,-.1280659060504308,14032
948,0,gender,.0018025605217255,-.1280659060504308,14032
948,0,marriage,.0004636081580939,-.1280659060504308,14032
948,0,ln_income,-.0002914922599888,-.1280659060504308,14032
948,0,health,-.0016009998746412,-.1280659060504308,14032
948,0,sportsArea,.0045545351435413,-.1280659060504308,14032
948,0,year14,-.0128137353508518,-.1280659060504308,14032
948,0,rice10,-.0530182537494204,-.1280659060504308,14032
948,0,ln_gdp_hist,-.0110705091818644,-.1280659060504308,14032
948,0,urban2000_10,.0003394974108319,-.1280659060504308,14032
948,0,diff,-.1280659060504308,-.1280659060504308,14032
948,0,expl,-.1192790523290836,-.1280659060504308,14032
948,0,pr_0,.1183180115764385,-.1280659060504308,14032
948,0,pr_1,.2463839176268693,-.1280659060504308,14032
949,0,edu,-.0045645953835704,-.0433013047913504,20848
949,0,plants,-.0287165945407561,-.0433013047913504,20848
949,0,age,.0003360387809372,-.0433013047913504,20848
949,0,gender,-.0002217958653407,-.0433013047913504,20848
949,0,marriage,-.000408255995679,-.0433013047913504,20848
949,0,ln_income,.0000996206567423,-.0433013047913504,20848
949,0,health,-.0007871688746669,-.0433013047913504,20848
949,0,sportsArea,.0078473296359914,-.0433013047913504,20848
949,0,year14,.0017112361355677,-.0433013047913504,20848
949,0,rice10,-.0473471626326893,-.0433013047913504,20848
949,0,ln_gdp_hist,.0412343587960228,-.0433013047913504,20848
949,0,urban2000_10,-.0101021657893948,-.0433013047913504,20848
949,0,diff,-.0433013047913504,-.0433013047913504,20848
949,0,expl,-.0409497496278178,-.0433013047913504,20848
949,0,pr_0,.1566707466340269,-.0433013047913504,20848
949,0,pr_1,.1999720514253773,-.0433013047913504,20848
950,0,edu,-.0119729707548099,-.0987182661028984,20755
950,0,plants,-.0358206896630149,-.0987182661028984,20755
950,0,age,-.0002847418065412,-.0987182661028984,20755
950,0,gender,.0008603037844159,-.0987182661028984,20755
950,0,marriage,.0005791517211877,-.0987182661028984,20755
950,0,ln_income,-.0001522913318354,-.0987182661028984,20755
950,0,health,-.0008498812017994,-.0987182661028984,20755
950,0,sportsArea,.0087049315300865,-.0987182661028984,20755
950,0,year14,-.0083847396880319,-.0987182661028984,20755
950,0,rice10,-.0439426857610024,-.0987182661028984,20755
950,0,ln_gdp_hist,.0021505331374749,-.0987182661028984,20755
950,0,urban2000_10,-.0036961872132895,-.0987182661028984,20755
950,0,diff,-.0987182661028984,-.0987182661028984,20755
950,0,expl,-.0927948225353324,-.0987182661028984,20755
950,0,pr_0,.1493813960592638,-.0987182661028984,20755
950,0,pr_1,.2480996621621622,-.0987182661028984,20755
951,0,edu,-.008981991862618,-.0685266877919932,13923
951,0,plants,.0059763308823886,-.0685266877919932,13923
951,0,age,-.000854624895275,-.0685266877919932,13923
951,0,gender,.0006740315321749,-.0685266877919932,13923
951,0,marriage,-.0003334261149598,-.0685266877919932,13923
951,0,ln_income,.0000318353670648,-.0685266877919932,13923
951,0,health,-.0003275913497534,-.0685266877919932,13923
951,0,sportsArea,.0060716446222716,-.0685266877919932,13923
951,0,year14,-.0096531004101568,-.0685266877919932,13923
951,0,rice10,-.0462362608015487,-.0685266877919932,13923
951,0,ln_gdp_hist,-.0087207019081246,-.0685266877919932,13923
951,0,urban2000_10,.0015813257558529,-.0685266877919932,13923
951,0,diff,-.0685266877919932,-.0685266877919932,13923
951,0,expl,-.0607660956865599,-.0685266877919932,13923
951,0,pr_0,.1355326749317083,-.0685266877919932,13923
951,0,pr_1,.2040593627237015,-.0685266877919932,13923
952,0,edu,-.0021767455981118,-.0644861192330106,17540
952,0,plants,-.0253068849750094,-.0644861192330106,17540
952,0,age,-.0012208652414466,-.0644861192330106,17540
952,0,gender,.0000368439116199,-.0644861192330106,17540
952,0,marriage,.0004312010812292,-.0644861192330106,17540
952,0,ln_income,-.0001443351751499,-.0644861192330106,17540
952,0,health,.0001138141241889,-.0644861192330106,17540
952,0,sportsArea,.0095959054888617,-.0644861192330106,17540
952,0,year14,-.0041809853749379,-.0644861192330106,17540
952,0,rice10,-.0504545189005721,-.0644861192330106,17540
952,0,ln_gdp_hist,.0371538923976385,-.0644861192330106,17540
952,0,urban2000_10,-.01760522286918,-.0644861192330106,17540
952,0,diff,-.0644861192330106,-.0644861192330106,17540
952,0,expl,-.0536811152402578,-.0644861192330106,17540
952,0,pr_0,.1517996870109546,-.0644861192330106,17540
952,0,pr_1,.2162858062439652,-.0644861192330106,17540
953,0,edu,-.0193381604779687,-.0980192411795187,8906
953,0,plants,-.0297001923754411,-.0980192411795187,8906
953,0,age,.0015227818400937,-.0980192411795187,8906
953,0,gender,.000286950350371,-.0980192411795187,8906
953,0,marriage,.0011335637246243,-.0980192411795187,8906
953,0,ln_income,-.0003153101158185,-.0980192411795187,8906
953,0,health,-.0015148489612441,-.0980192411795187,8906
953,0,sportsArea,-.0023756432707454,-.0980192411795187,8906
953,0,year14,-.0114117731060119,-.0980192411795187,8906
953,0,rice10,-.0285475887193241,-.0980192411795187,8906
953,0,ln_gdp_hist,-.0067230343220706,-.0980192411795187,8906
953,0,urban2000_10,.0075196524434951,-.0980192411795187,8906
953,0,diff,-.0980192411795187,-.0980192411795187,8906
953,0,expl,-.0894136032436766,-.0980192411795187,8906
953,0,pr_0,.1194427978660344,-.0980192411795187,8906
953,0,pr_1,.2174620390455531,-.0980192411795187,8906
954,0,edu,-.0061652520941677,-.0539552002642983,19624
954,0,plants,-.0484044976730844,-.0539552002642983,19624
954,0,age,.00231060650372,-.0539552002642983,19624
954,0,gender,-.0003131502236481,-.0539552002642983,19624
954,0,marriage,.0006129652220816,-.0539552002642983,19624
954,0,ln_income,-.0001172549173058,-.0539552002642983,19624
954,0,health,-.001224010772639,-.0539552002642983,19624
954,0,sportsArea,.0056249232806401,-.0539552002642983,19624
954,0,year14,-.0031253609825213,-.0539552002642983,19624
954,0,rice10,-.0487304587833398,-.0539552002642983,19624
954,0,ln_gdp_hist,.0700441561099249,-.0539552002642983,19624
954,0,urban2000_10,-.0191684827166948,-.0539552002642983,19624
954,0,diff,-.0539552002642983,-.0539552002642983,19624
954,0,expl,-.0487440101988683,-.0539552002642983,19624
954,0,pr_0,.1706618423036333,-.0539552002642983,19624
954,0,pr_1,.2246170425679316,-.0539552002642983,19624
955,0,edu,-.016823053999182,-.069922221716372,11771
955,0,plants,-.0139676597367016,-.069922221716372,11771
955,0,age,.0014905710040101,-.069922221716372,11771
955,0,gender,.0002923259777417,-.069922221716372,11771
955,0,marriage,-.0012709876156819,-.069922221716372,11771
955,0,ln_income,.0006077189414776,-.069922221716372,11771
955,0,health,-.000280214909879,-.069922221716372,11771
955,0,sportsArea,.0001782939272523,-.069922221716372,11771
955,0,year14,-.00894213113544,-.069922221716372,11771
955,0,rice10,-.0448257447361906,-.069922221716372,11771
955,0,ln_gdp_hist,.0196498040258886,-.069922221716372,11771
955,0,urban2000_10,-.0076515131037416,-.069922221716372,11771
955,0,diff,-.069922221716372,-.069922221716372,11771
955,0,expl,-.0714726613950344,-.069922221716372,11771
955,0,pr_0,.1384261918437679,-.069922221716372,11771
955,0,pr_1,.2083484135601399,-.069922221716372,11771
956,0,edu,-.0065160455890927,-.0790686500831429,17074
956,0,plants,.0236843282377721,-.0790686500831429,17074
956,0,age,-.0016032782547917,-.0790686500831429,17074
956,0,gender,.0001100137218743,-.0790686500831429,17074
956,0,marriage,-.0012616705923323,-.0790686500831429,17074
956,0,ln_income,.0003564240501744,-.0790686500831429,17074
956,0,health,-.0002818328707733,-.0790686500831429,17074
956,0,sportsArea,.0036696137002792,-.0790686500831429,17074
956,0,year14,-.0064291065669207,-.0790686500831429,17074
956,0,rice10,-.0645588112261568,-.0790686500831429,17074
956,0,ln_gdp_hist,-.0048896212845892,-.0790686500831429,17074
956,0,urban2000_10,-.0071391146445031,-.0790686500831429,17074
956,0,diff,-.0790686500831429,-.0790686500831429,17074
956,0,expl,-.0650568296139232,-.0790686500831429,17074
956,0,pr_0,.1272554605887939,-.0790686500831429,17074
956,0,pr_1,.2063241106719368,-.0790686500831429,17074
957,0,edu,-.0104931728397949,-.0636236263158369,17625
957,0,plants,-.0082503641388399,-.0636236263158369,17625
957,0,age,-.0003633378374285,-.0636236263158369,17625
957,0,gender,.0007675871785918,-.0636236263158369,17625
957,0,marriage,.0004110881594685,-.0636236263158369,17625
957,0,ln_income,-.0002208937414053,-.0636236263158369,17625
957,0,health,-.0008330021543847,-.0636236263158369,17625
957,0,sportsArea,.0079445255362549,-.0636236263158369,17625
957,0,year14,-.0070758165085968,-.0636236263158369,17625
957,0,rice10,-.0354756669816862,-.0636236263158369,17625
957,0,ln_gdp_hist,.0128055260101714,-.0636236263158369,17625
957,0,urban2000_10,-.016225693735685,-.0636236263158369,17625
957,0,diff,-.0636236263158369,-.0636236263158369,17625
957,0,expl,-.0567431934672385,-.0636236263158369,17625
957,0,pr_0,.1538321167883212,-.0636236263158369,17625
957,0,pr_1,.2174557431041581,-.0636236263158369,17625
958,0,edu,-.0086077411740671,-.0357789785198792,16741
958,0,plants,-.013347207128919,-.0357789785198792,16741
958,0,age,.0019851945497994,-.0357789785198792,16741
958,0,gender,.0002678297409997,-.0357789785198792,16741
958,0,marriage,.0003034946724753,-.0357789785198792,16741
958,0,ln_income,.000120694675444,-.0357789785198792,16741
958,0,health,-.0007738593566951,-.0357789785198792,16741
958,0,sportsArea,.0031699399090722,-.0357789785198792,16741
958,0,year14,-.0079828120723533,-.0357789785198792,16741
958,0,rice10,-.003789651548965,-.0357789785198792,16741
958,0,ln_gdp_hist,.0040431643656541,-.0357789785198792,16741
958,0,urban2000_10,-.0077337518916947,-.0357789785198792,16741
958,0,diff,-.0357789785198792,-.0357789785198792,16741
958,0,expl,-.0324922748743871,-.0357789785198792,16741
958,0,pr_0,.1579402108173492,-.0357789785198792,16741
958,0,pr_1,.1937191893372284,-.0357789785198792,16741
959,0,edu,-.009415678486136,-.034432143726013,17662
959,0,plants,-.0002943177226312,-.034432143726013,17662
959,0,age,.0004983292287418,-.034432143726013,17662
959,0,gender,.0001353186747507,-.034432143726013,17662
959,0,marriage,-.0008858423988374,-.034432143726013,17662
959,0,ln_income,.0002112474006104,-.034432143726013,17662
959,0,health,-.0005098941843738,-.034432143726013,17662
959,0,sportsArea,.0053393402391971,-.034432143726013,17662
959,0,year14,-.0073565969484477,-.034432143726013,17662
959,0,rice10,-.0247238513723496,-.034432143726013,17662
959,0,ln_gdp_hist,.0313430999517826,-.034432143726013,17662
959,0,urban2000_10,-.0247615630443692,-.034432143726013,17662
959,0,diff,-.034432143726013,-.034432143726013,17662
959,0,expl,-.0305620886003685,-.034432143726013,17662
959,0,pr_0,.1587732919254658,-.034432143726013,17662
959,0,pr_1,.1932054356514788,-.034432143726013,17662
960,0,edu,-.0049500460907835,-.0497552017153749,12696
960,0,plants,-.0205712213280994,-.0497552017153749,12696
960,0,age,-.0019439803536271,-.0497552017153749,12696
960,0,gender,.0000934730097543,-.0497552017153749,12696
960,0,marriage,.0001448425580661,-.0497552017153749,12696
960,0,ln_income,-.0005068307498218,-.0497552017153749,12696
960,0,health,-.0001342203089653,-.0497552017153749,12696
960,0,sportsArea,.0095859704505493,-.0497552017153749,12696
960,0,year14,.0006308073667875,-.0497552017153749,12696
960,0,rice10,-.0526045604784343,-.0497552017153749,12696
960,0,ln_gdp_hist,.0152010007847711,-.0497552017153749,12696
960,0,urban2000_10,.0076598383812108,-.0497552017153749,12696
960,0,diff,-.0497552017153749,-.0497552017153749,12696
960,0,expl,-.0473868313037588,-.0497552017153749,12696
960,0,pr_0,.14671875,-.0497552017153749,12696
960,0,pr_1,.1964739517153749,-.0497552017153749,12696
961,0,edu,-.0102688694620846,-.0604275930979519,15329
961,0,plants,-.0051053170790342,-.0604275930979519,15329
961,0,age,-.000115117104086,-.0604275930979519,15329
961,0,gender,.0003926990550457,-.0604275930979519,15329
961,0,marriage,-.0002064793474586,-.0604275930979519,15329
961,0,ln_income,-.0000282505348661,-.0604275930979519,15329
961,0,health,-.0011212729518873,-.0604275930979519,15329
961,0,sportsArea,.0047636306848555,-.0604275930979519,15329
961,0,year14,-.0058296038368963,-.0604275930979519,15329
961,0,rice10,-.0370514123170619,-.0604275930979519,15329
961,0,ln_gdp_hist,.0105180269498756,-.0604275930979519,15329
961,0,urban2000_10,-.0125640721564326,-.0604275930979519,15329
961,0,diff,-.0604275930979519,-.0604275930979519,15329
961,0,expl,-.0564644144920033,-.0604275930979519,15329
961,0,pr_0,.1468660729289195,-.0604275930979519,15329
961,0,pr_1,.2072936660268714,-.0604275930979519,15329
962,0,edu,-.0103708454038581,-.0663193699123227,16768
962,0,plants,-.0084005507880975,-.0663193699123227,16768
962,0,age,.0032925497132008,-.0663193699123227,16768
962,0,gender,.0008203452784606,-.0663193699123227,16768
962,0,marriage,.0014988484614422,-.0663193699123227,16768
962,0,ln_income,-.0002688476207104,-.0663193699123227,16768
962,0,health,-.0020990639074455,-.0663193699123227,16768
962,0,sportsArea,.0048155527715052,-.0663193699123227,16768
962,0,year14,-.0084596524140317,-.0663193699123227,16768
962,0,rice10,-.0501968591006019,-.0663193699123227,16768
962,0,ln_gdp_hist,.020056662192436,-.0663193699123227,16768
962,0,urban2000_10,-.0159012533851354,-.0663193699123227,16768
962,0,diff,-.0663193699123227,-.0663193699123227,16768
962,0,expl,-.0653045457550113,-.0663193699123227,16768
962,0,pr_0,.1795774647887324,-.0663193699123227,16768
962,0,pr_1,.2458968347010551,-.0663193699123227,16768
963,0,edu,-.009898075366095,-.0366281639745175,22409
963,0,plants,-.0290686894269863,-.0366281639745175,22409
963,0,age,.0024440409350796,-.0366281639745175,22409
963,0,gender,.0003828792236359,-.0366281639745175,22409
963,0,marriage,-.000636843833749,-.0366281639745175,22409
963,0,ln_income,.0001260103894353,-.0366281639745175,22409
963,0,health,-.0004651071735594,-.0366281639745175,22409
963,0,sportsArea,.0035960522764726,-.0366281639745175,22409
963,0,year14,-.0043930354943248,-.0366281639745175,22409
963,0,rice10,.0168384152748782,-.0366281639745175,22409
963,0,ln_gdp_hist,.0285330465255537,-.0366281639745175,22409
963,0,urban2000_10,-.0423170358610094,-.0366281639745175,22409
963,0,diff,-.0366281639745175,-.0366281639745175,22409
963,0,expl,-.0349576045026221,-.0366281639745175,22409
963,0,pr_0,.1505634140493886,-.0366281639745175,22409
963,0,pr_1,.1871915780239061,-.0366281639745175,22409
964,0,edu,-.0025788108721072,-.0124510495366345,18503
964,0,plants,-.0107123583651058,-.0124510495366345,18503
964,0,age,-.0017456189199237,-.0124510495366345,18503
964,0,gender,-.0002944606936139,-.0124510495366345,18503
964,0,marriage,-.0014644105344099,-.0124510495366345,18503
964,0,ln_income,.0003275927782064,-.0124510495366345,18503
964,0,health,.0001037904461961,-.0124510495366345,18503
964,0,sportsArea,.0053368844876545,-.0124510495366345,18503
964,0,year14,-.0035180509418689,-.0124510495366345,18503
964,0,rice10,-.0142203155022506,-.0124510495366345,18503
964,0,ln_gdp_hist,.0153132605118038,-.0124510495366345,18503
964,0,urban2000_10,.0045737772479212,-.0124510495366345,18503
964,0,diff,-.0124510495366345,-.0124510495366345,18503
964,0,expl,-.0087358714885133,-.0124510495366345,18503
964,0,pr_0,.1531438057688317,-.0124510495366345,18503
964,0,pr_1,.1655948553054662,-.0124510495366345,18503
965,0,edu,-.0132395771434804,-.0630573481872809,15552
965,0,plants,-.0526141888910014,-.0630573481872809,15552
965,0,age,.0028158386154283,-.0630573481872809,15552
965,0,gender,.000461205714108,-.0630573481872809,15552
965,0,marriage,.0005880173072423,-.0630573481872809,15552
965,0,ln_income,-.0003817800910393,-.0630573481872809,15552
965,0,health,-.0011225516076234,-.0630573481872809,15552
965,0,sportsArea,.0033842192346045,-.0630573481872809,15552
965,0,year14,-.0087289926644127,-.0630573481872809,15552
965,0,rice10,.0208544741905691,-.0630573481872809,15552
965,0,ln_gdp_hist,.0108731910189953,-.0630573481872809,15552
965,0,urban2000_10,-.0209007016648621,-.0630573481872809,15552
965,0,diff,-.0630573481872809,-.0630573481872809,15552
965,0,expl,-.0581254646907911,-.0630573481872809,15552
965,0,pr_0,.1470163618864292,-.0630573481872809,15552
965,0,pr_1,.2100737100737101,-.0630573481872809,15552
966,0,edu,-.0077597564846694,-.0705473073972786,20399
966,0,plants,-.0099357506677043,-.0705473073972786,20399
966,0,age,-.000801345761837,-.0705473073972786,20399
966,0,gender,.0001238037737147,-.0705473073972786,20399
966,0,marriage,-.0009944954988805,-.0705473073972786,20399
966,0,ln_income,.0002902980101145,-.0705473073972786,20399
966,0,health,.0000525779834624,-.0705473073972786,20399
966,0,sportsArea,.0054711164997123,-.0705473073972786,20399
966,0,year14,-.0058828190794697,-.0705473073972786,20399
966,0,rice10,-.0479611980737198,-.0705473073972786,20399
966,0,ln_gdp_hist,.0093087950993474,-.0705473073972786,20399
966,0,urban2000_10,-.0059586930322509,-.0705473073972786,20399
966,0,diff,-.0705473073972786,-.0705473073972786,20399
966,0,expl,-.0640212754351881,-.0705473073972786,20399
966,0,pr_0,.1334917805506041,-.0705473073972786,20399
966,0,pr_1,.2040390879478827,-.0705473073972786,20399
967,0,edu,-.0132787739291094,-.0719819905191207,16051
967,0,plants,-.0162668321467567,-.0719819905191207,16051
967,0,age,.003311968725035,-.0719819905191207,16051
967,0,gender,.000955783401754,-.0719819905191207,16051
967,0,marriage,.0016317356509884,-.0719819905191207,16051
967,0,ln_income,-.0001793488860333,-.0719819905191207,16051
967,0,health,-.0018050456754632,-.0719819905191207,16051
967,0,sportsArea,.0049842350452804,-.0719819905191207,16051
967,0,year14,-.0099268987706656,-.0719819905191207,16051
967,0,rice10,-.0442985270475837,-.0719819905191207,16051
967,0,ln_gdp_hist,.0158346110998239,-.0719819905191207,16051
967,0,urban2000_10,-.0106641455429995,-.0719819905191207,16051
967,0,diff,-.0719819905191207,-.0719819905191207,16051
967,0,expl,-.0696740281029302,-.0719819905191207,16051
967,0,pr_0,.1794515793127386,-.0719819905191207,16051
967,0,pr_1,.2514335698318593,-.0719819905191207,16051
968,0,edu,-.0051107051212107,-.0287494885018421,16107
968,0,plants,-.0056114032868633,-.0287494885018421,16107
968,0,age,.0014886975933276,-.0287494885018421,16107
968,0,gender,.0000388065130673,-.0287494885018421,16107
968,0,marriage,.0004146319374799,-.0287494885018421,16107
968,0,ln_income,-.000339373360292,-.0287494885018421,16107
968,0,health,-.0025666392942581,-.0287494885018421,16107
968,0,sportsArea,.0029366534426065,-.0287494885018421,16107
968,0,year14,-.0058505914617307,-.0287494885018421,16107
968,0,rice10,-.0332080870454757,-.0287494885018421,16107
968,0,ln_gdp_hist,.0243534448132019,-.0287494885018421,16107
968,0,urban2000_10,-.0063435492099231,-.0287494885018421,16107
968,0,diff,-.0287494885018421,-.0287494885018421,16107
968,0,expl,-.0297862405305812,-.0287494885018421,16107
968,0,pr_0,.168149354717454,-.0287494885018421,16107
968,0,pr_1,.1968988432192961,-.0287494885018421,16107
969,0,edu,-.0068295098089108,-.051516681614605,16189
969,0,plants,.0402077977553966,-.051516681614605,16189
969,0,age,-.0006817758022744,-.051516681614605,16189
969,0,gender,.0005150740140616,-.051516681614605,16189
969,0,marriage,-.0002390785316841,-.051516681614605,16189
969,0,ln_income,.0001772943310146,-.051516681614605,16189
969,0,health,-.0001745187545701,-.051516681614605,16189
969,0,sportsArea,.0065566716671946,-.051516681614605,16189
969,0,year14,-.0037480076851388,-.051516681614605,16189
969,0,rice10,-.075351974541042,-.051516681614605,16189
969,0,ln_gdp_hist,.0392598865544342,-.051516681614605,16189
969,0,urban2000_10,-.0477822753786701,-.051516681614605,16189
969,0,diff,-.051516681614605,-.051516681614605,16189
969,0,expl,-.0480136309554595,-.051516681614605,16189
969,0,pr_0,.160528596187175,-.051516681614605,16189
969,0,pr_1,.21204527780178,-.051516681614605,16189
970,0,edu,-.0022860926055,-.0347682804829058,12135
970,0,plants,.0083726154013189,-.0347682804829058,12135
970,0,age,-.0010917500937825,-.0347682804829058,12135
970,0,gender,-.0001883164472389,-.0347682804829058,12135
970,0,marriage,-.000460921258212,-.0347682804829058,12135
970,0,ln_income,.0002846570552136,-.0347682804829058,12135
970,0,health,-9.65269257113e-06,-.0347682804829058,12135
970,0,sportsArea,.0047207407597062,-.0347682804829058,12135
970,0,year14,-.0054354438493743,-.0347682804829058,12135
970,0,rice10,-.0304361588805848,-.0347682804829058,12135
970,0,ln_gdp_hist,-.0141729462777499,-.0347682804829058,12135
970,0,urban2000_10,.0088177761560615,-.0347682804829058,12135
970,0,diff,-.0347682804829058,-.0347682804829058,12135
970,0,expl,-.0319159722396765,-.0347682804829058,12135
970,0,pr_0,.1429771505376344,-.0347682804829058,12135
970,0,pr_1,.1777454310205402,-.0347682804829058,12135
971,0,edu,-.0049436897517206,-.0490201718054917,17681
971,0,plants,-.0198771150787265,-.0490201718054917,17681
971,0,age,.0002297543635001,-.0490201718054917,17681
971,0,gender,.0000119665737503,-.0490201718054917,17681
971,0,marriage,-.0019163949323928,-.0490201718054917,17681
971,0,ln_income,.0005371369680747,-.0490201718054917,17681
971,0,health,.0003694446566364,-.0490201718054917,17681
971,0,sportsArea,.0062172983884524,-.0490201718054917,17681
971,0,year14,-.0030685781663131,-.0490201718054917,17681
971,0,rice10,-.0524564299954239,-.0490201718054917,17681
971,0,ln_gdp_hist,.0255683744289221,-.0490201718054917,17681
971,0,urban2000_10,-.0056892218644233,-.0490201718054917,17681
971,0,diff,-.0490201718054917,-.0490201718054917,17681
971,0,expl,-.0549052934097733,-.0490201718054917,17681
971,0,pr_0,.1463414634146341,-.0490201718054917,17681
971,0,pr_1,.1953616352201258,-.0490201718054917,17681
972,0,edu,-.0121459907688827,-.0651733038348082,12462
972,0,plants,.0167611537780592,-.0651733038348082,12462
972,0,age,.0018826198939114,-.0651733038348082,12462
972,0,gender,.0002959787299137,-.0651733038348082,12462
972,0,marriage,-.0010112229389795,-.0651733038348082,12462
972,0,ln_income,.000506782572642,-.0651733038348082,12462
972,0,health,-.0005308683428736,-.0651733038348082,12462
972,0,sportsArea,.0022714640344557,-.0651733038348082,12462
972,0,year14,-.0119265466758993,-.0651733038348082,12462
972,0,rice10,-.0498860134806097,-.0651733038348082,12462
972,0,ln_gdp_hist,-.0063579814038518,-.0651733038348082,12462
972,0,urban2000_10,.000299312863061,-.0651733038348082,12462
972,0,diff,-.0651733038348082,-.0651733038348082,12462
972,0,expl,-.0596573281846705,-.0651733038348082,12462
972,0,pr_0,.1354166666666667,-.0651733038348082,12462
972,0,pr_1,.2005899705014749,-.0651733038348082,12462
973,0,edu,-.0091394741326607,-.076180221759773,13910
973,0,plants,-.0297169935648079,-.076180221759773,13910
973,0,age,.0005748384674919,-.076180221759773,13910
973,0,gender,.0003949579860631,-.076180221759773,13910
973,0,marriage,-.0010890740596979,-.076180221759773,13910
973,0,ln_income,.0001185910398797,-.076180221759773,13910
973,0,health,-.0002069112588562,-.076180221759773,13910
973,0,sportsArea,.0056545469792887,-.076180221759773,13910
973,0,year14,-.0088131280945917,-.076180221759773,13910
973,0,rice10,-.0342882622964714,-.076180221759773,13910
973,0,ln_gdp_hist,.0019134636396945,-.076180221759773,13910
973,0,urban2000_10,-.001026214727086,-.076180221759773,13910
973,0,diff,-.076180221759773,-.076180221759773,13910
973,0,expl,-.0753481740452613,-.076180221759773,13910
973,0,pr_0,.1374585635359116,-.076180221759773,13910
973,0,pr_1,.2136387852956846,-.076180221759773,13910
974,0,edu,-.0138200338206906,-.1114640508471013,16773
974,0,plants,-.0177793602405251,-.1114640508471013,16773
974,0,age,.0006011823294425,-.1114640508471013,16773
974,0,gender,.0002142964977413,-.1114640508471013,16773
974,0,marriage,-.0006325121447753,-.1114640508471013,16773
974,0,ln_income,.0002097472832776,-.1114640508471013,16773
974,0,health,-.0005991390763408,-.1114640508471013,16773
974,0,sportsArea,.0010188156350737,-.1114640508471013,16773
974,0,year14,-.0112751590527575,-.1114640508471013,16773
974,0,rice10,-.0557778259898707,-.1114640508471013,16773
974,0,ln_gdp_hist,.0003784128391266,-.1114640508471013,16773
974,0,urban2000_10,-.0035887882760921,-.1114640508471013,16773
974,0,diff,-.1114640508471013,-.1114640508471013,16773
974,0,expl,-.1010367797631,-.1114640508471013,16773
974,0,pr_0,.1290896950812375,-.1114640508471013,16773
974,0,pr_1,.2405537459283388,-.1114640508471013,16773
975,0,edu,-.0064642788938417,-.0171966226136175,14168
975,0,plants,.0172853588749247,-.0171966226136175,14168
975,0,age,.0018435150537952,-.0171966226136175,14168
975,0,gender,.0002066769412621,-.0171966226136175,14168
975,0,marriage,.0007350939426169,-.0171966226136175,14168
975,0,ln_income,-.0001292171014061,-.0171966226136175,14168
975,0,health,-.0019435513861003,-.0171966226136175,14168
975,0,sportsArea,.0023996648097625,-.0171966226136175,14168
975,0,year14,-.0028695172615491,-.0171966226136175,14168
975,0,rice10,-.036013999329212,-.0171966226136175,14168
975,0,ln_gdp_hist,.0167526760409064,-.0171966226136175,14168
975,0,urban2000_10,-.0109676020121232,-.0171966226136175,14168
975,0,diff,-.0171966226136175,-.0171966226136175,14168
975,0,expl,-.0190582406891451,-.0171966226136175,14168
975,0,pr_0,.1707182320441989,-.0171966226136175,14168
975,0,pr_1,.1879148546578164,-.0171966226136175,14168
976,0,edu,-.0161062805867428,-.0876813805796083,11630
976,0,plants,.0110085139409014,-.0876813805796083,11630
976,0,age,-.0018386794468601,-.0876813805796083,11630
976,0,gender,.0006081164414517,-.0876813805796083,11630
976,0,marriage,.0007319884922641,-.0876813805796083,11630
976,0,ln_income,-.0000999212499815,-.0876813805796083,11630
976,0,health,-.0010227552004896,-.0876813805796083,11630
976,0,sportsArea,.0041473609747489,-.0876813805796083,11630
976,0,year14,-.0107818924596514,-.0876813805796083,11630
976,0,rice10,-.0613870422354079,-.0876813805796083,11630
976,0,ln_gdp_hist,-.0043216127050318,-.0876813805796083,11630
976,0,urban2000_10,.0043223235414974,-.0876813805796083,11630
976,0,diff,-.0876813805796083,-.0876813805796083,11630
976,0,expl,-.0749477084930153,-.0876813805796083,11630
976,0,pr_0,.1392335263303005,-.0876813805796083,11630
976,0,pr_1,.2269149069099088,-.0876813805796083,11630
977,0,edu,-.0108782089022782,-.0563103103183191,15793
977,0,plants,-.003990179504197,-.0563103103183191,15793
977,0,age,.0012211713392223,-.0563103103183191,15793
977,0,gender,.0001718702263157,-.0563103103183191,15793
977,0,marriage,-.0007449776656953,-.0563103103183191,15793
977,0,ln_income,.0001290133904319,-.0563103103183191,15793
977,0,health,-.0008290723306754,-.0563103103183191,15793
977,0,sportsArea,.0030087548106999,-.0563103103183191,15793
977,0,year14,-.0065919517621192,-.0563103103183191,15793
977,0,rice10,-.0339109717572218,-.0563103103183191,15793
977,0,ln_gdp_hist,.0080917228100183,-.0563103103183191,15793
977,0,urban2000_10,-.0099176043680728,-.0563103103183191,15793
977,0,diff,-.0563103103183191,-.0563103103183191,15793
977,0,expl,-.0541510589565143,-.0563103103183191,15793
977,0,pr_0,.1418238993710692,-.0563103103183191,15793
977,0,pr_1,.1981342096893883,-.0563103103183191,15793
978,0,edu,-.0021612167352041,-.0426365463908679,19273
978,0,plants,-.0291555201717395,-.0426365463908679,19273
978,0,age,-.0012711692033867,-.0426365463908679,19273
978,0,gender,-.0003256235566791,-.0426365463908679,19273
978,0,marriage,-.0003054836168337,-.0426365463908679,19273
978,0,ln_income,.0000128609934349,-.0426365463908679,19273
978,0,health,.0000139544284782,-.0426365463908679,19273
978,0,sportsArea,.007699298369787,-.0426365463908679,19273
978,0,year14,-.0015126211530896,-.0426365463908679,19273
978,0,rice10,-.014186806150408,-.0426365463908679,19273
978,0,ln_gdp_hist,.0099154376018845,-.0426365463908679,19273
978,0,urban2000_10,.0003192166109042,-.0426365463908679,19273
978,0,diff,-.0426365463908679,-.0426365463908679,19273
978,0,expl,-.0309232269601754,-.0426365463908679,19273
978,0,pr_0,.1425406203840473,-.0426365463908679,19273
978,0,pr_1,.1851771667749152,-.0426365463908679,19273
979,0,edu,-.0151062749519559,-.1103003904352594,9081
979,0,plants,.0010078272154483,-.1103003904352594,9081
979,0,age,.0008899114401562,-.1103003904352594,9081
979,0,gender,.001027725637581,-.1103003904352594,9081
979,0,marriage,.0018042752734838,-.1103003904352594,9081
979,0,ln_income,-.0002504112575102,-.1103003904352594,9081
979,0,health,-.0029047230172921,-.1103003904352594,9081
979,0,sportsArea,.0034767544768723,-.1103003904352594,9081
979,0,year14,-.0133872059453295,-.1103003904352594,9081
979,0,rice10,-.0587761588319293,-.1103003904352594,9081
979,0,ln_gdp_hist,-.0241719229376253,-.1103003904352594,9081
979,0,urban2000_10,.00094525859606,-.1103003904352594,9081
979,0,diff,-.1103003904352594,-.1103003904352594,9081
979,0,expl,-.1054608708821526,-.1103003904352594,9081
979,0,pr_0,.1236002535389816,-.1103003904352594,9081
979,0,pr_1,.233900643974241,-.1103003904352594,9081
980,0,edu,-.0145932650550048,-.0769534448187148,15585
980,0,plants,.006734582436849,-.0769534448187148,15585
980,0,age,.000474251413762,-.0769534448187148,15585
980,0,gender,.0003815493633338,-.0769534448187148,15585
980,0,marriage,-.0012156590173449,-.0769534448187148,15585
980,0,ln_income,.000329191640734,-.0769534448187148,15585
980,0,health,-.0004240688795319,-.0769534448187148,15585
980,0,sportsArea,.0025622636076914,-.0769534448187148,15585
980,0,year14,-.0088772115777126,-.0769534448187148,15585
980,0,rice10,-.0528075349769212,-.0769534448187148,15585
980,0,ln_gdp_hist,-.0105440819683784,-.0769534448187148,15585
980,0,urban2000_10,-.001029986925103,-.0769534448187148,15585
980,0,diff,-.0769534448187148,-.0769534448187148,15585
980,0,expl,-.0790373809345162,-.0769534448187148,15585
980,0,pr_0,.138231029482842,-.0769534448187148,15585
980,0,pr_1,.2151844743015568,-.0769534448187148,15585
981,0,edu,-.0079543516499219,-.0542630176533036,16999
981,0,plants,-.0987471612711331,-.0542630176533036,16999
981,0,age,.0017050754479502,-.0542630176533036,16999
981,0,gender,.0005031186699572,-.0542630176533036,16999
981,0,marriage,.0023775013029355,-.0542630176533036,16999
981,0,ln_income,-.0003421230109933,-.0542630176533036,16999
981,0,health,-.0021085933342225,-.0542630176533036,16999
981,0,sportsArea,.0060600442191051,-.0542630176533036,16999
981,0,year14,-.0038677483547071,-.0542630176533036,16999
981,0,rice10,.0432768373477942,-.0542630176533036,16999
981,0,ln_gdp_hist,-.0456585117001968,-.0542630176533036,16999
981,0,urban2000_10,.0597224599625376,-.0542630176533036,16999
981,0,diff,-.0542630176533036,-.0542630176533036,16999
981,0,expl,-.0450636729037177,-.0542630176533036,16999
981,0,pr_0,.1882070135746606,-.0542630176533036,16999
981,0,pr_1,.2424700312279642,-.0542630176533036,16999
982,0,edu,-.0135256901634444,-.0881500339050334,21061
982,0,plants,-.0464566821790624,-.0881500339050334,21061
982,0,age,.0030363361200468,-.0881500339050334,21061
982,0,gender,.0008834611246099,-.0881500339050334,21061
982,0,marriage,.0013191826709467,-.0881500339050334,21061
982,0,ln_income,-.0004989568892899,-.0881500339050334,21061
982,0,health,-.0021053117786213,-.0881500339050334,21061
982,0,sportsArea,.0057129819648674,-.0881500339050334,21061
982,0,year14,-.0102911510819152,-.0881500339050334,21061
982,0,rice10,-.0476590075690402,-.0881500339050334,21061
982,0,ln_gdp_hist,.012417087156718,-.0881500339050334,21061
982,0,urban2000_10,.0093683840213775,-.0881500339050334,21061
982,0,diff,-.0881500339050334,-.0881500339050334,21061
982,0,expl,-.0878219109024946,-.0881500339050334,21061
982,0,pr_0,.1662887377173091,-.0881500339050334,21061
982,0,pr_1,.2544387716223425,-.0881500339050334,21061
983,0,edu,-.0013467533231603,-.0091204883567053,16405
983,0,plants,.0038810998175463,-.0091204883567053,16405
983,0,age,.0031992441572782,-.0091204883567053,16405
983,0,gender,.0000349329882737,-.0091204883567053,16405
983,0,marriage,.0015303738432952,-.0091204883567053,16405
983,0,ln_income,-.0001571873511648,-.0091204883567053,16405
983,0,health,-.0009014968432658,-.0091204883567053,16405
983,0,sportsArea,.0055586266914322,-.0091204883567053,16405
983,0,year14,.0000845721807942,-.0091204883567053,16405
983,0,rice10,-.0090714152680996,-.0091204883567053,16405
983,0,ln_gdp_hist,.0483582374746686,-.0091204883567053,16405
983,0,urban2000_10,-.0574489497697393,-.0091204883567053,16405
983,0,diff,-.0091204883567053,-.0091204883567053,16405
983,0,expl,-.0061996318466728,-.0091204883567053,16405
983,0,pr_0,.1912380952380952,-.0091204883567053,16405
983,0,pr_1,.2003585835948005,-.0091204883567053,16405
984,0,edu,-.002771645571244,-.0283520294977149,16316
984,0,plants,.0033169580440081,-.0283520294977149,16316
984,0,age,-.0012963988632936,-.0283520294977149,16316
984,0,gender,.0001068531830914,-.0283520294977149,16316
984,0,marriage,-.0011885953610492,-.0283520294977149,16316
984,0,ln_income,.0000822688258992,-.0283520294977149,16316
984,0,health,-.0007528392020287,-.0283520294977149,16316
984,0,sportsArea,.0037483814788877,-.0283520294977149,16316
984,0,year14,-.002624062294156,-.0283520294977149,16316
984,0,rice10,-.0377697232099224,-.0283520294977149,16316
984,0,ln_gdp_hist,.0106584502822391,-.0283520294977149,16316
984,0,urban2000_10,.0014778588260933,-.0283520294977149,16316
984,0,diff,-.0283520294977149,-.0283520294977149,16316
984,0,expl,-.0269274600231402,-.0283520294977149,16316
984,0,pr_0,.1431677538049841,-.0283520294977149,16316
984,0,pr_1,.171519783302699,-.0283520294977149,16316
985,0,edu,-.0099175452130744,-.0687301247146953,10156
985,0,plants,-.0472384347847824,-.0687301247146953,10156
985,0,age,.000650269170131,-.0687301247146953,10156
985,0,gender,.000490596352841,-.0687301247146953,10156
985,0,marriage,.0006591997872903,-.0687301247146953,10156
985,0,ln_income,-.0006962914924152,-.0687301247146953,10156
985,0,health,-.000307773304118,-.0687301247146953,10156
985,0,sportsArea,.0032304049593876,-.0687301247146953,10156
985,0,year14,-.0097702445644245,-.0687301247146953,10156
985,0,rice10,-.0026351667951371,-.0687301247146953,10156
985,0,ln_gdp_hist,-.0112620659675985,-.0687301247146953,10156
985,0,urban2000_10,.0176838743112034,-.0687301247146953,10156
985,0,diff,-.0687301247146953,-.0687301247146953,10156
985,0,expl,-.0592476308354905,-.0687301247146953,10156
985,0,pr_0,.1643966547192354,-.0687301247146953,10156
985,0,pr_1,.2331267794339307,-.0687301247146953,10156
986,0,edu,-.0107236401861982,-.1070960082364251,14931
986,0,plants,-.0603054069424845,-.1070960082364251,14931
986,0,age,.001791403005304,-.1070960082364251,14931
986,0,gender,.000216954889126,-.1070960082364251,14931
986,0,marriage,.0004823401891549,-.1070960082364251,14931
986,0,ln_income,-.000416042074595,-.1070960082364251,14931
986,0,health,-.0010919184969677,-.1070960082364251,14931
986,0,sportsArea,.0042284295429645,-.1070960082364251,14931
986,0,year14,-.0084082859976948,-.1070960082364251,14931
986,0,rice10,-.0498050664187273,-.1070960082364251,14931
986,0,ln_gdp_hist,.0046536728963379,-.1070960082364251,14931
986,0,urban2000_10,.0183556741713243,-.1070960082364251,14931
986,0,diff,-.1070960082364251,-.1070960082364251,14931
986,0,expl,-.1011189753920754,-.1070960082364251,14931
986,0,pr_0,.1474476306691072,-.1070960082364251,14931
986,0,pr_1,.2545436389055323,-.1070960082364251,14931
987,0,edu,-.018344375727111,-.1131996075977579,8504
987,0,plants,-.0312149624652757,-.1131996075977579,8504
987,0,age,.0044155768520559,-.1131996075977579,8504
987,0,gender,.0019860032297006,-.1131996075977579,8504
987,0,marriage,.0013792033402576,-.1131996075977579,8504
987,0,ln_income,-.0026434349685983,-.1131996075977579,8504
987,0,health,-.0029739083718698,-.1131996075977579,8504
987,0,sportsArea,-.0071817346226493,-.1131996075977579,8504
987,0,year14,-.0232747409111743,-.1131996075977579,8504
987,0,rice10,-.0292363744481003,-.1131996075977579,8504
987,0,ln_gdp_hist,-.0023900418765991,-.1131996075977579,8504
987,0,urban2000_10,.0010706556911929,-.1131996075977579,8504
987,0,diff,-.1131996075977579,-.1131996075977579,8504
987,0,expl,-.1084521439074765,-.1131996075977579,8504
987,0,pr_0,.1477359938603223,-.1131996075977579,8504
987,0,pr_1,.2609356014580802,-.1131996075977579,8504
988,0,edu,-.0101763427375372,-.0904302440756228,8891
988,0,plants,-.0171535490963094,-.0904302440756228,8891
988,0,age,.0029367540968872,-.0904302440756228,8891
988,0,gender,.0017197334346576,-.0904302440756228,8891
988,0,marriage,.0012317313922737,-.0904302440756228,8891
988,0,ln_income,-.0031866606549873,-.0904302440756228,8891
988,0,health,-.0023846631653802,-.0904302440756228,8891
988,0,sportsArea,-.0066539006883013,-.0904302440756228,8891
988,0,year14,-.0243806291470847,-.0904302440756228,8891
988,0,rice10,-.017473524676929,-.0904302440756228,8891
988,0,ln_gdp_hist,.0082180316761001,-.0904302440756228,8891
988,0,urban2000_10,-.0200260134347942,-.0904302440756228,8891
988,0,diff,-.0904302440756228,-.0904302440756228,8891
988,0,expl,-.0873338448673434,-.0904302440756228,8891
988,0,pr_0,.1537299338999056,-.0904302440756228,8891
988,0,pr_1,.2441601779755284,-.0904302440756228,8891
989,0,edu,-.0105259551827629,-.0788881820750834,14449
989,0,plants,-.0111033065365793,-.0788881820750834,14449
989,0,age,.0012633489711681,-.0788881820750834,14449
989,0,gender,.0004057921330769,-.0788881820750834,14449
989,0,marriage,-.0007651189362689,-.0788881820750834,14449
989,0,ln_income,.0000274648076284,-.0788881820750834,14449
989,0,health,-.0006010752994114,-.0788881820750834,14449
989,0,sportsArea,.002093050975368,-.0788881820750834,14449
989,0,year14,-.0098961859702453,-.0788881820750834,14449
989,0,rice10,-.0362551240740362,-.0788881820750834,14449
989,0,ln_gdp_hist,-.0075561722556776,-.0788881820750834,14449
989,0,urban2000_10,.0008818410871006,-.0788881820750834,14449
989,0,diff,-.0788881820750834,-.0788881820750834,14449
989,0,expl,-.0721863327031907,-.0788881820750834,14449
989,0,pr_0,.1210493699648833,-.0788881820750834,14449
989,0,pr_1,.1999375520399667,-.0788881820750834,14449
990,0,edu,-.0116863385316741,-.0672058134517439,19925
990,0,plants,.0106413786327285,-.0672058134517439,19925
990,0,age,-.0014207622204514,-.0672058134517439,19925
990,0,gender,.0003734454652753,-.0672058134517439,19925
990,0,marriage,-.0009809488302561,-.0672058134517439,19925
990,0,ln_income,.0003817277910513,-.0672058134517439,19925
990,0,health,-.0002396950895887,-.0672058134517439,19925
990,0,sportsArea,.0035876885502695,-.0672058134517439,19925
990,0,year14,-.0073728234539618,-.0672058134517439,19925
990,0,rice10,-.0321275655849131,-.0672058134517439,19925
990,0,ln_gdp_hist,-.0063726337325565,-.0672058134517439,19925
990,0,urban2000_10,-.0147523252105193,-.0672058134517439,19925
990,0,diff,-.0672058134517439,-.0672058134517439,19925
990,0,expl,-.0600164755262381,-.0672058134517439,19925
990,0,pr_0,.1338995753185111,-.0672058134517439,19925
990,0,pr_1,.201105388770255,-.0672058134517439,19925
991,0,edu,-.0072712594574029,-.0535018776994976,13620
991,0,plants,-.0237775871803358,-.0535018776994976,13620
991,0,age,-.0017317402558828,-.0535018776994976,13620
991,0,gender,.0000232773596348,-.0535018776994976,13620
991,0,marriage,-3.41064476150e-06,-.0535018776994976,13620
991,0,ln_income,.0001066129475149,-.0535018776994976,13620
991,0,health,-.0004287392872195,-.0535018776994976,13620
991,0,sportsArea,.0076457672008391,-.0535018776994976,13620
991,0,year14,-.0033571319747274,-.0535018776994976,13620
991,0,rice10,-.0492698383363153,-.0535018776994976,13620
991,0,ln_gdp_hist,.041401341623998,-.0535018776994976,13620
991,0,urban2000_10,-.0095234722733437,-.0535018776994976,13620
991,0,diff,-.0535018776994976,-.0535018776994976,13620
991,0,expl,-.0462387396656101,-.0535018776994976,13620
991,0,pr_0,.1563011456628478,-.0535018776994976,13620
991,0,pr_1,.2098030233623454,-.0535018776994976,13620
992,0,edu,-.0090616521584234,-.0574829776252019,18349
992,0,plants,.0011364053374781,-.0574829776252019,18349
992,0,age,-.0007246088590005,-.0574829776252019,18349
992,0,gender,.0000628424367982,-.0574829776252019,18349
992,0,marriage,-.0011451687855915,-.0574829776252019,18349
992,0,ln_income,.0002903756401748,-.0574829776252019,18349
992,0,health,.0000120483010613,-.0574829776252019,18349
992,0,sportsArea,.0038863486621436,-.0574829776252019,18349
992,0,year14,-.007512150748296,-.0574829776252019,18349
992,0,rice10,-.0388048683225996,-.0574829776252019,18349
992,0,ln_gdp_hist,.000899281324139,-.0574829776252019,18349
992,0,urban2000_10,-.0017883028117943,-.0574829776252019,18349
992,0,diff,-.0574829776252019,-.0574829776252019,18349
992,0,expl,-.0528832824440255,-.0574829776252019,18349
992,0,pr_0,.1371587030716724,-.0574829776252019,18349
992,0,pr_1,.1946416806968743,-.0574829776252019,18349
993,0,edu,-.0113788892414339,-.1265041422208217,13929
993,0,plants,-.0432915400415644,-.1265041422208217,13929
993,0,age,-.0013750565868139,-.1265041422208217,13929
993,0,gender,.0004700530694253,-.1265041422208217,13929
993,0,marriage,-.000558663463782,-.1265041422208217,13929
993,0,ln_income,.0000152891327555,-.1265041422208217,13929
993,0,health,-.0005713797911609,-.1265041422208217,13929
993,0,sportsArea,.0066429277363231,-.1265041422208217,13929
993,0,year14,-.0082125901380919,-.1265041422208217,13929
993,0,rice10,-.0625310196767523,-.1265041422208217,13929
993,0,ln_gdp_hist,.0026628009246307,-.1265041422208217,13929
993,0,urban2000_10,.0005942326539519,-.1265041422208217,13929
993,0,diff,-.1265041422208217,-.1265041422208217,13929
993,0,expl,-.1174743554416264,-.1265041422208217,13929
993,0,pr_0,.1251761390324096,-.1265041422208217,13929
993,0,pr_1,.2516802812532313,-.1265041422208217,13929
994,0,edu,-.0073147414786446,-.0611185253704188,6946
994,0,plants,-.0359187159374564,-.0611185253704188,6946
994,0,age,.0055028417525939,-.0611185253704188,6946
994,0,gender,.0011380947079112,-.0611185253704188,6946
994,0,marriage,.0020608238072739,-.0611185253704188,6946
994,0,ln_income,-.0026591651753987,-.0611185253704188,6946
994,0,health,-.0043660913939295,-.0611185253704188,6946
994,0,sportsArea,.00149230122002,-.0611185253704188,6946
994,0,year14,-.0145938662483475,-.0611185253704188,6946
994,0,rice10,-.0382885156532354,-.0611185253704188,6946
994,0,ln_gdp_hist,.0202284376102011,-.0611185253704188,6946
994,0,urban2000_10,.0107520303514593,-.0611185253704188,6946
994,0,diff,-.0611185253704188,-.0611185253704188,6946
994,0,expl,-.0618695782665742,-.0611185253704188,6946
994,0,pr_0,.1894964807796427,-.0611185253704188,6946
994,0,pr_1,.2506150061500615,-.0611185253704188,6946
995,0,edu,.0007858277917158,-.0093346999646665,20309
995,0,plants,.0412541327995648,-.0093346999646665,20309
995,0,age,.0012334279826702,-.0093346999646665,20309
995,0,gender,.000270801404911,-.0093346999646665,20309
995,0,marriage,.0000788938618525,-.0093346999646665,20309
995,0,ln_income,.0001982711350344,-.0093346999646665,20309
995,0,health,-.0002368899581128,-.0093346999646665,20309
995,0,sportsArea,.0056531459260709,-.0093346999646665,20309
995,0,year14,-.0008818752469354,-.0093346999646665,20309
995,0,rice10,-.1157773691816646,-.0093346999646665,20309
995,0,ln_gdp_hist,.1524527799255244,-.0093346999646665,20309
995,0,urban2000_10,-.0942271949536713,-.0093346999646665,20309
995,0,diff,-.0093346999646665,-.0093346999646665,20309
995,0,expl,-.0091813674055993,-.0093346999646665,20309
995,0,pr_0,.1894754826584658,-.0093346999646665,20309
995,0,pr_1,.1988101826231323,-.0093346999646665,20309
996,0,edu,-.0042726341249555,-.0597454270816845,27322
996,0,plants,-.0050830635797064,-.0597454270816845,27322
996,0,age,-.0020617608009635,-.0597454270816845,27322
996,0,gender,-.0001732991508111,-.0597454270816845,27322
996,0,marriage,-.0019423092413373,-.0597454270816845,27322
996,0,ln_income,.0004911804422195,-.0597454270816845,27322
996,0,health,.0005147370397198,-.0597454270816845,27322
996,0,sportsArea,.0054398488856876,-.0597454270816845,27322
996,0,year14,-.005150680163305,-.0597454270816845,27322
996,0,rice10,-.0515600254646193,-.0597454270816845,27322
996,0,ln_gdp_hist,.0173644101675402,-.0597454270816845,27322
996,0,urban2000_10,-.0063670153555832,-.0597454270816845,27322
996,0,diff,-.0597454270816845,-.0597454270816845,27322
996,0,expl,-.0526458279835039,-.0597454270816845,27322
996,0,pr_0,.123825018076645,-.0597454270816845,27322
996,0,pr_1,.1835704451583295,-.0597454270816845,27322
997,0,edu,-.0071253969386584,-.0574610176867461,16203
997,0,plants,.0133570491535941,-.0574610176867461,16203
997,0,age,.0015954907683193,-.0574610176867461,16203
997,0,gender,.0002244670530429,-.0574610176867461,16203
997,0,marriage,-.0011173189853334,-.0574610176867461,16203
997,0,ln_income,.0004242592775354,-.0574610176867461,16203
997,0,health,-.0008423099372799,-.0574610176867461,16203
997,0,sportsArea,.0030268850444774,-.0574610176867461,16203
997,0,year14,-.0076690791959077,-.0574610176867461,16203
997,0,rice10,-.0612807903462528,-.0574610176867461,16203
997,0,ln_gdp_hist,.0143849746224205,-.0574610176867461,16203
997,0,urban2000_10,-.0127250339621766,-.0574610176867461,16203
997,0,diff,-.0574610176867461,-.0574610176867461,16203
997,0,expl,-.0577399353441609,-.0574610176867461,16203
997,0,pr_0,.1518087855297158,-.0574610176867461,16203
997,0,pr_1,.2092698032164619,-.0574610176867461,16203
998,0,edu,-.0024777820920115,-.011079042439862,12587
998,0,plants,.0191972707642668,-.011079042439862,12587
998,0,age,-.0000943442869002,-.011079042439862,12587
998,0,gender,-.0006770170857931,-.011079042439862,12587
998,0,marriage,-.0007893484355763,-.011079042439862,12587
998,0,ln_income,.0002414240961094,-.011079042439862,12587
998,0,health,-.0010839164554457,-.011079042439862,12587
998,0,sportsArea,.0029481427018242,-.011079042439862,12587
998,0,year14,-.0012911140372027,-.011079042439862,12587
998,0,rice10,-.0375520312881792,-.011079042439862,12587
998,0,ln_gdp_hist,-.009375778039687,-.011079042439862,12587
998,0,urban2000_10,.0132701385703664,-.011079042439862,12587
998,0,diff,-.011079042439862,-.011079042439862,12587
998,0,expl,-.0176953450611189,-.011079042439862,12587
998,0,pr_0,.1585725368502715,-.011079042439862,12587
998,0,pr_1,.1696515792901335,-.011079042439862,12587
999,0,edu,-.0092310247169371,-.0638523480033256,14766
999,0,plants,.0115791855050775,-.0638523480033256,14766
999,0,age,.0003830698882059,-.0638523480033256,14766
999,0,gender,.0008280454752053,-.0638523480033256,14766
999,0,marriage,.0009818213452011,-.0638523480033256,14766
999,0,ln_income,-.0001044096241162,-.0638523480033256,14766
999,0,health,-.0009203966029698,-.0638523480033256,14766
999,0,sportsArea,.0064221724600097,-.0638523480033256,14766
999,0,year14,-.0084793233291969,-.0638523480033256,14766
999,0,rice10,-.0711917309636962,-.0638523480033256,14766
999,0,ln_gdp_hist,-.0038750689515321,-.0638523480033256,14766
999,0,urban2000_10,.0094959307036036,-.0638523480033256,14766
999,0,diff,-.0638523480033256,-.0638523480033256,14766
999,0,expl,-.0642265253891283,-.0638523480033256,14766
999,0,pr_0,.1810185185185185,-.0638523480033256,14766
999,0,pr_1,.2448708665218441,-.0638523480033256,14766
